開始時間,終了時間,非表示状態,1位プレイヤー名,1位PT,1位最終点数,2位プレイヤー名,2位PT,2位最終点数,3位プレイヤー名,3位PT,3位最終点数,4位プレイヤー名,4位PT,4位最終点数,牌譜リンク,備考
2026-07-31 20:32:37,2026-07-31 20:56:54,no,[JP][97781556]西待,42800,52.8,[JP][103875087]ゆあちゅん、,25300,5.3,[JP][136130265]てすと雀士,23600,-16.4,[JP][137746445]ここここきじゅ,8300,-41.7,260731-86dc2219-13dc-4a0b-8e6b-4e56da026f73,
2026-07-31 20:24:39,2026-07-31 21:04:30,no,[JP][130636363]龍華。。,32800,42.8,[JP][137746445]ここここきじゅ,25500,5.5,[JP][128142273]ーはまちー,24100,-15.9,[JP][132889350]綴美,17600,-32.4,260731-b6df5e2d-8943-4b21-9099-5fecea109728,
2026-07-31 14:48:51,2026-07-31 15:42:35,no,[JP][127685187]yukke_08,38200,48.2,[JP][130636363]龍華。。,37900,17.9,[JP][104870668]けーびぃー,22300,-17.7,[JP][132889350]綴美,1600,-48.4,260731-b8e80e7f-236d-4c40-8d91-f7143ed7510b,
2026-07-31 13:06:51,2026-07-31 13:32:57,no,[JP][130636363]龍華。。,39400,49.4,[JP][121291970]クッション枕,34200,14.2,[JP][137746445]ここここきじゅ,19000,-21,[JP][107121024]ミルモでチー,7400,-42.6,260731-161db00e-cf08-45c0-94d5-da96ca56d10c,
2026-07-31 09:02:52,2026-07-31 09:26:02,no,[JP][127685187]yukke_08,51800,61.8,[JP][117826319]びんびんん,37600,17.6,[JP][104870668]けーびぃー,36300,-3.7,[JP][115482438]くぽぼん,-25700,-75.7,260731-f817ea95-4d32-4988-861a-e8b898c11031,
2026-07-31 03:48:54,2026-07-31 04:35:05,no,[JP][132889350]綴美,42300,52.3,[JP][127500682]めいぴょい,23800,3.8,[JP][128534146]アラキ,20900,-19.1,[JP][137746445]ここここきじゅ,13000,-37,260731-6905442e-2016-4d79-98fe-561bf769f443,
2026-07-31 02:37:30,2026-07-31 03:14:35,no,[JP][136949124]シャルにゃん,38700,48.7,[JP][127685187]yukke_08,25700,5.7,[JP][127500682]めいぴょい,18000,-22,[JP][84158849]しゅんんたろう,17600,-32.4,260731-666308cb-9c37-48b4-a6df-43fb13d894b5,
2026-07-31 01:28:25,2026-07-31 01:52:40,no,[JP][136949124]シャルにゃん,56000,66,[JP][103875087]ゆあちゅん、,28400,8.4,[JP][127500682]めいぴょい,11600,-28.4,[JP][122700559]ひつじ04,4000,-46,260731-b11c398b-7a32-445b-94de-db6f78e0c9bc,
2026-07-31 00:45:54,2026-07-31 01:33:56,no,[JP][127500682]めいぴょい,31500,41.5,[JP][128534146]アラキ,24200,4.2,[JP][117826319]びんびんん,23100,-16.9,[JP][104870668]けーびぃー,21200,-28.8,260731-a5754bab-b89a-477d-9d38-9780f8d78300,
2026-07-31 00:05:34,2026-07-31 00:28:15,no,[JP][136949124]シャルにゃん,41300,51.3,[JP][110041669]katahira_shota,23700,3.7,[JP][123842955]アヤコぽん,21600,-18.4,[JP][132889350]綴美,13400,-36.6,260731-410c4759-c5ed-4cc9-bf74-4e495db5db99,
2026-07-30 20:27:27,2026-07-30 20:56:32,no,[JP][116517186]ぞじまーじゃん,53400,63.4,[JP][117826319]びんびんん,36800,16.8,[JP][121291970]クッション枕,31300,-8.7,[JP][127685187]yukke_08,-21500,-71.5,260730-9140bd0d-a294-4540-acd9-3829d689a144,
2026-07-30 20:07:03,2026-07-30 21:05:46,no,[JP][130636363]龍華。。,31100,41.1,[JP][122700559]ひつじ04,26000,6,[JP][135562955]【くぅー】,22600,-17.4,[JP][97781556]西待,20300,-29.7,260730-b77b7e62-aaed-47fd-aa07-7ea7ef514b31,
2026-07-30 18:51:58,2026-07-30 19:29:08,no,[JP][98640564]ono101,53300,63.3,[JP][128142273]ーはまちー,33000,13,[JP][127685187]yukke_08,9300,-30.7,[JP][137746445]ここここきじゅ,4400,-45.6,260730-af838b62-2747-4e04-baab-52643cc0e94e,
2026-07-30 18:04:44,2026-07-30 19:03:32,no,[JP][128142273]ーはまちー,34300,44.3,[JP][143266822]たむちゃん茶,23000,3,[JP][112646465]苺ですよ,22600,-17.4,[JP][121573512]wot毒舌妹bot,20100,-29.9,260730-fc3fc0e7-9277-405b-89fc-de99c9641978,
2026-07-30 17:38:51,2026-07-30 18:03:43,no,[JP][107121024]ミルモでチー,35900,45.9,[JP][113140034]クロミです,26900,6.9,[JP][121291970]クッション枕,23600,-16.4,[JP][128534146]アラキ,13600,-36.4,260730-62a553f5-c50b-4714-964f-22a8e1399c5a,
2026-07-30 17:05:51,2026-07-30 17:46:10,no,[JP][117826319]びんびんん,43500,53.5,[JP][97781556]西待,35600,15.6,[JP][99259658]CVココア,34000,-6,[JP][137746445]ここここきじゅ,-13100,-63.1,260730-a5d68ba6-a0f3-4e68-bad2-8ae34fae7665,
2026-07-30 14:52:55,2026-07-30 15:30:48,no,[JP][117826319]びんびんん,51800,61.8,[JP][122700559]ひつじ04,45900,25.9,[JP][137746445]ここここきじゅ,19700,-20.3,[JP][135989001]ちたーふ,-17400,-67.4,260730-2e55b4cf-f6c9-46fc-ad1e-7717b36ef578,
2026-07-30 13:04:31,2026-07-30 13:46:58,no,[JP][128534146]アラキ,40900,50.9,[JP][135562955]【くぅー】,39500,19.5,[JP][103875087]ゆあちゅん、,15400,-24.6,[JP][117826319]びんびんん,4200,-45.8,260730-44fe6ae4-974e-4e2f-9f79-831160a1af53,
2026-07-30 13:02:03,2026-07-30 13:27:36,no,[JP][117826319]びんびんん,46200,56.2,[JP][122700559]ひつじ04,42600,22.6,[JP][127500682]めいぴょい,35800,-4.2,[JP][97781556]西待,-24600,-74.6,260730-a15fa581-c10c-431d-a685-8095d0a79791,
2026-07-30 12:16:05,2026-07-30 12:46:33,no,[JP][107121024]ミルモでチー,37500,47.5,[JP][113816715]あるですけど,28900,8.9,[JP][100881664]ハッチz,26300,-13.7,[JP][117826319]びんびんん,7300,-42.7,260730-1db5f29f-ecee-4fcf-9293-81964a655c8f,
2026-07-30 10:45:41,2026-07-30 11:42:45,no,[JP][112646465]苺ですよ,54800,64.8,[JP][127685187]yukke_08,38900,18.9,[JP][103875087]ゆあちゅん、,35700,-4.3,[JP][132889350]綴美,-29400,-79.4,260730-bd3938b7-610b-44f5-a733-867e0fc7b74f,
2026-07-30 04:43:50,2026-07-30 05:36:21,no,[JP][127500682]めいぴょい,50800,60.8,[JP][103875087]ゆあちゅん、,39000,19,[JP][122700559]ひつじ04,28200,-11.8,[JP][128534146]アラキ,-18000,-68,260730-ad7d7293-5c00-49bc-b2fe-b37c1688bce1,
2026-07-30 04:43:15,2026-07-30 05:34:37,no,[JP][122700559]ひつじ04,43700,53.7,[JP][103136012]ルート12345,43000,23,[JP][128534146]アラキ,22300,-17.7,[JP][137746445]ここここきじゅ,-9000,-59,260730-7bed32b8-2050-4002-b3f5-1cb85efb43f3,
2026-07-30 04:32:00,2026-07-30 05:09:02,no,[JP][127685187]yukke_08,37000,47,[JP][121291970]クッション枕,30900,10.9,[JP][135562955]【くぅー】,30400,-9.6,[JP][136949124]シャルにゃん,1700,-48.3,260730-d9884423-f976-426e-b4ab-e650ad472e96,
2026-07-30 01:24:40,2026-07-30 02:07:02,no,[JP][122700559]ひつじ04,50300,60.3,[JP][128534146]アラキ,23200,3.2,[JP][117826319]びんびんん,14300,-25.7,[JP][104870668]けーびぃー,12200,-37.8,260730-0507a5bf-3799-4ddd-a42a-cba553dfe222,
2026-07-29 21:23:38,2026-07-29 22:12:25,no,[JP][107121024]ミルモでチー,32100,42.1,[JP][113140034]クロミです,29400,9.4,[JP][99489737]閄くん,22900,-17.1,[JP][137746445]ここここきじゅ,15600,-34.4,260729-516bebc8-7d91-4361-a073-23a53b3a1a2b,
2026-07-29 20:09:59,2026-07-29 20:39:09,no,[JP][128142273]ーはまちー,37500,47.5,[JP][113140034]クロミです,27200,7.2,[JP][129679874]ニャンchan彡,26000,-14,[JP][117826319]びんびんん,9300,-40.7,260729-b71b2f1c-97ca-40f1-af28-7a4aff69d965,
2026-07-29 20:05:20,2026-07-29 20:32:01,no,[JP][107121024]ミルモでチー,43900,53.9,[JP][136949124]シャルにゃん,35500,15.5,[JP][103473217]ねこぜ7272,29700,-10.3,[JP][127685187]yukke_08,-9100,-59.1,260729-fa0f5bfa-5dcf-47a9-8881-6ea8810db09e,
2026-07-29 18:50:13,2026-07-29 19:27:05,no,[JP][107121024]ミルモでチー,32200,42.2,[JP][137746445]ここここきじゅ,26500,6.5,[JP][123527427]いぐすけ,24600,-15.4,[JP][132385032]富士丸ラーメン,16700,-33.3,260729-3f238e4d-f0e1-45aa-a3d8-d52a87d0c2f6,
2026-07-29 17:57:12,2026-07-29 18:26:23,no,[JP][103875087]ゆあちゅん、,36600,46.6,[JP][117826319]びんびんん,35900,15.9,[JP][107121024]ミルモでチー,27100,-12.9,[JP][98640564]ono101,400,-49.6,260729-08fb89c6-06c4-4433-850d-55212748906a,
2026-07-29 16:08:38,2026-07-29 16:47:05,no,[JP][143266822]たむちゃん茶,46600,56.6,[JP][121291970]クッション枕,30700,10.7,[JP][127685187]yukke_08,27400,-12.6,[JP][116517186]ぞじまーじゃん,-4700,-54.7,260729-1c63cc4b-f487-47c2-a773-2b790c4ed8b9,
2026-07-29 11:56:10,2026-07-29 12:33:22,no,[JP][127685187]yukke_08,47900,57.9,[JP][127500682]めいぴょい,20700,0.7,[JP][130636363]龍華。。,20500,-19.5,[JP][123842955]アヤコぽん,10900,-39.1,260729-0bcb0bdd-9512-4d1c-aa6a-7584d885413e,
2026-07-29 11:46:56,2026-07-29 12:31:41,no,[JP][121291970]クッション枕,33800,43.8,[JP][127685187]yukke_08,29100,9.1,[JP][137746445]ここここきじゅ,19500,-20.5,[JP][128534146]アラキ,17600,-32.4,260729-41994238-dbd7-42d9-b1c9-6fbcca64ec0e,
2026-07-29 11:33:38,2026-07-29 11:59:07,no,[JP][113140034]クロミです,44100,54.1,[JP][137746445]ここここきじゅ,38800,18.8,[JP][119823142]流局マン,32700,-7.3,[JP][132889350]綴美,-15600,-65.6,260729-9ebac9c7-565f-4395-8ccd-55957149c255,
2026-07-29 10:22:27,2026-07-29 10:50:52,no,[JP][117826319]びんびんん,38200,48.2,[JP][127500682]めいぴょい,28500,8.5,[JP][98640564]ono101,21400,-18.6,[JP][127685187]yukke_08,11900,-38.1,260729-854a9440-ded1-438b-8dbd-b2cebc073791,
2026-07-29 09:33:27,2026-07-29 10:07:08,no,[JP][108211976]佐鳥乃愛,52500,62.5,[JP][132889350]綴美,35600,15.6,[JP][104870668]けーびぃー,35200,-4.8,[JP][127500682]めいぴょい,-23300,-73.3,260729-24e0dfc7-2c80-4b3f-8e7c-a680607ba04f,
2026-07-29 09:21:41,2026-07-29 09:46:54,no,[JP][113816715]あるですけど,40300,50.3,[JP][117826319]びんびんん,26900,6.9,[JP][137746445]ここここきじゅ,17300,-22.7,[JP][127500682]めいぴょい,15500,-34.5,260729-a228c51c-3904-480d-b212-275242cfc7d4,
2026-07-29 08:59:42,2026-07-29 09:55:08,no,[JP][137746445]ここここきじゅ,32700,42.7,[JP][132889350]綴美,25800,5.8,[JP][121291970]クッション枕,23800,-16.2,[JP][122700559]ひつじ04,17700,-32.3,260729-e97a1eda-ec23-4339-963d-1e9f7972bdce,
2026-07-29 08:24:31,2026-07-29 09:05:45,no,[JP][121291970]クッション枕,45900,55.9,[JP][113816715]あるですけど,32900,12.9,[JP][104870668]けーびぃー,28800,-11.2,[JP][127500682]めいぴょい,-7600,-57.6,260729-006a8d68-9c1f-4ff2-978a-3427e97bcc70,
2026-07-29 08:15:06,2026-07-29 09:05:45,no,[JP][107121024]ミルモでチー,34200,44.2,[JP][121291970]クッション枕,28600,8.6,[JP][137746445]ここここきじゅ,23800,-16.2,[JP][127500682]めいぴょい,13400,-36.6,260729-f83a2735-6fc3-40de-bf2e-904dd320019a,
2026-07-29 07:33:49,2026-07-29 08:12:25,no,[JP][108807125]リーチ侍,38800,48.8,[JP][135562955]【くぅー】,31800,11.8,[JP][128534146]アラキ,15700,-24.3,[JP][86936271]nsnsnsn,13700,-36.3,260729-36e1e845-9329-40e7-8e87-a28178fd6c5d,
2026-07-29 04:58:23,2026-07-29 05:26:30,no,[JP][127500682]めいぴょい,32500,42.5,[JP][122700559]ひつじ04,28800,8.8,[JP][127685187]yukke_08,27300,-12.7,[JP][135562955]【くぅー】,11400,-38.6,260729-27bdc1de-3ddd-4571-9797-e2dd9efa389c,
2026-07-29 04:42:51,2026-07-29 05:18:38,no,[JP][119823142]流局マン,39900,49.9,[JP][104870668]けーびぃー,39600,19.6,[JP][84092681]天縁,25600,-14.4,[JP][137746445]ここここきじゅ,-5100,-55.1,260729-c9a74bad-de60-4bee-89c7-4f8a778e3857,
2026-07-29 03:27:26,2026-07-29 04:06:16,no,[JP][122700559]ひつじ04,43500,53.5,[JP][103875087]ゆあちゅん、,33800,13.8,[JP][129679874]ニャンchan彡,32900,-7.1,[JP][109087630]うさみさ,-10200,-60.2,260729-7905f6c5-2889-49da-b92d-3323f72b5ccb,
2026-07-29 03:10:06,2026-07-29 03:34:28,no,[JP][113816715]あるですけど,54400,64.4,[JP][140986564]ミラージュ梅,30300,10.3,[JP][121573512]wot毒舌妹bot,20400,-19.6,[JP][128142273]ーはまちー,-5100,-55.1,260729-d86b066f-ad5d-4bbe-80eb-a5c6dc1b5d2c,
2026-07-29 01:46:20,2026-07-29 02:35:39,no,[JP][137746445]ここここきじゅ,34100,44.1,[JP][128534146]アラキ,33300,13.3,[JP][127685187]yukke_08,25200,-14.8,[JP][84092681]天縁,7400,-42.6,260729-9960e045-87b7-4a6e-b9dc-da0857ca1399,
2026-07-29 01:17:23,2026-07-29 02:12:41,no,[JP][113816715]あるですけど,39900,49.9,[JP][121573512]wot毒舌妹bot,33800,13.8,[JP][137746445]ここここきじゅ,30300,-9.7,[JP][122700559]ひつじ04,-4000,-54,260729-0d1c9a04-788e-4ee7-a599-5afe5e583a95,
2026-07-28 20:41:57,2026-07-28 21:32:06,no,[JP][104870668]けーびぃー,31000,41,[JP][117826319]びんびんん,26000,6,[JP][112646465]苺ですよ,21800,-18.2,[JP][99489737]閄くん,21200,-28.8,260728-3458af5f-a947-4790-9751-e3505169c1b6,
2026-07-28 18:39:44,2026-07-28 19:35:20,no,[JP][107121024]ミルモでチー,53600,63.6,[JP][141442184]パラセクト。,24400,4.4,[JP][113140034]クロミです,20700,-19.3,[JP][101672072]きょーか8,1300,-48.7,260728-667139ed-df26-4d6b-9d7d-72b73092ba30,
2026-07-28 18:28:37,2026-07-28 19:13:11,no,[JP][136949124]シャルにゃん,32400,42.4,[JP][107121024]ミルモでチー,31100,11.1,[JP][137746445]ここここきじゅ,30000,-10,[JP][132889350]綴美,6500,-43.5,260728-6c472470-5fb4-4254-8827-1f970358aa2b,
2026-07-28 16:33:57,2026-07-28 17:20:17,no,[JP][113816715]あるですけど,31600,41.6,[JP][127685187]yukke_08,30300,10.3,[JP][97781556]西待,23800,-16.2,[JP][137746445]ここここきじゅ,14300,-35.7,260728-70198a34-3a53-4f3a-8a41-e856cb720352,
2026-07-28 14:26:51,2026-07-28 15:25:45,no,[JP][122700559]ひつじ04,28800,38.8,[JP][121291970]クッション枕,25000,5,[JP][104870668]けーびぃー,23500,-16.5,[JP][135989001]ちたーふ,22700,-27.3,260728-f4ee8215-94a0-4689-865b-4fd52f962338,
2026-07-28 14:07:45,2026-07-28 14:40:13,no,[JP][107121024]ミルモでチー,43500,53.5,[JP][127500682]めいぴょい,33500,13.5,[JP][137746445]ここここきじゅ,18700,-21.3,[JP][127685187]yukke_08,4300,-45.7,260728-4d6d8abb-909a-4b0c-b5cc-e3c47b26bbd6,
2026-07-28 13:45:02,2026-07-28 14:40:48,no,[JP][107121024]ミルモでチー,42600,52.6,[JP][127685187]yukke_08,31500,11.5,[JP][132889350]綴美,14800,-25.2,[JP][128142273]ーはまちー,11100,-38.9,260728-5bcc25b9-a3fc-4ddb-9b37-2147ef5b37f8,
2026-07-28 13:04:29,2026-07-28 13:29:43,no,[JP][108211976]佐鳥乃愛,34800,44.8,[JP][136949124]シャルにゃん,32100,12.1,[JP][113816715]あるですけど,23000,-17,[JP][127685187]yukke_08,10100,-39.9,260728-fcfdbabb-109d-4e93-951d-d22748967a69,
2026-07-28 11:13:35,2026-07-28 11:59:04,no,[JP][137746445]ここここきじゅ,38200,48.2,[JP][136949124]シャルにゃん,32100,12.1,[JP][84158849]しゅんんたろう,21700,-18.3,[JP][135989001]ちたーふ,8000,-42,260728-a924d6f6-ca96-4f97-8eb6-89655b2a91ea,
2026-07-28 08:44:17,2026-07-28 09:22:02,no,[JP][104870668]けーびぃー,42300,52.3,[JP][135989001]ちたーふ,25900,5.9,[JP][109087630]うさみさ,20900,-19.1,[JP][136949124]シャルにゃん,10900,-39.1,260728-26a6a5cf-5d01-48ba-bbca-d5d948ea73fc,
2026-07-28 08:00:30,2026-07-28 08:31:23,no,[JP][107121024]ミルモでチー,35200,45.2,[JP][117826319]びんびんん,33100,13.1,[JP][127685187]yukke_08,24500,-15.5,[JP][103473217]ねこぜ7272,7200,-42.8,260728-8544eeee-b3e9-4aef-99f1-401e7d434dc9,
2026-07-28 04:41:08,2026-07-28 05:15:18,no,[JP][107121024]ミルモでチー,32100,42.1,[JP][135989001]ちたーふ,26300,6.3,[JP][137746445]ここここきじゅ,24300,-15.7,[JP][103875087]ゆあちゅん、,17300,-32.7,260728-212fdf51-8f40-4bf9-b90c-d16cf8284486,
2026-07-28 03:16:48,2026-07-28 04:01:15,no,[JP][127500682]めいぴょい,39000,49,[JP][137746445]ここここきじゅ,38900,18.9,[JP][115482438]くぽぼん,24700,-15.3,[JP][117826319]びんびんん,-2600,-52.6,260728-fcb80bb8-99bb-421a-8964-492557cf587b,
2026-07-28 03:00:00,2026-07-28 03:34:21,no,[JP][113816715]あるですけど,34500,44.5,[JP][136949124]シャルにゃん,27100,7.1,[JP][135989001]ちたーふ,20800,-19.2,[JP][137746445]ここここきじゅ,17600,-32.4,260728-c800c41c-6236-43a5-b768-1508c0ddb4c1,
2026-07-28 02:32:35,2026-07-28 03:20:54,no,[JP][107121024]ミルモでチー,45000,55,[JP][141442184]パラセクト。,38300,18.3,[JP][103875087]ゆあちゅん、,37700,-2.3,[JP][100881664]ハッチz,-21000,-71,260728-e8053167-5c17-4b23-a1e1-3973ead91f5d,
2026-07-28 01:28:34,2026-07-28 02:13:28,no,[JP][132889350]綴美,42400,52.4,[JP][128142273]ーはまちー,28300,8.3,[JP][117826319]びんびんん,24000,-16,[JP][107121024]ミルモでチー,5300,-44.7,260728-9390df48-593d-4326-b4ea-aaf269114ee2,
2026-07-27 22:50:18,2026-07-27 23:38:17,no,[JP][97781556]西待,37500,47.5,[JP][108807125]リーチ侍,29200,9.2,[JP][132889350]綴美,27200,-12.8,[JP][137746445]ここここきじゅ,6100,-43.9,260727-e68f9a8b-76a6-4969-97d1-f406e02a152d,
2026-07-27 21:07:21,2026-07-27 21:42:15,no,[JP][135989001]ちたーふ,36500,46.5,[JP][122700559]ひつじ04,24700,4.7,[JP][117826319]びんびんん,24500,-15.5,[JP][107121024]ミルモでチー,14300,-35.7,260727-900e7e4e-1897-4e5e-9baf-360d0c205a14,
2026-07-27 20:49:11,2026-07-27 21:33:11,no,[JP][107121024]ミルモでチー,34300,44.3,[JP][117826319]びんびんん,26900,6.9,[JP][117795009]sakura20,24700,-15.3,[JP][137746445]ここここきじゅ,14100,-35.9,260727-8e8a7bc9-9067-4ef0-bf25-b1f19d5fb0ba,
2026-07-27 19:37:41,2026-07-27 20:13:49,no,[JP][128142273]ーはまちー,44800,54.8,[JP][132889350]綴美,41500,21.5,[JP][128534146]アラキ,18800,-21.2,[JP][104870668]けーびぃー,-5100,-55.1,260727-6f62ed70-d7ff-4c75-a9bc-3067b8f1df8a,
2026-07-27 19:31:37,2026-07-27 20:24:26,no,[JP][127685187]yukke_08,39000,49,[JP][135989001]ちたーふ,28900,8.9,[JP][117826319]びんびんん,23800,-16.2,[JP][109087630]うさみさ,8300,-41.7,260727-8337f3c2-c905-4251-aba8-2e1224a1abd4,
2026-07-27 18:39:18,2026-07-27 19:27:13,no,[JP][101672072]きょーか8,40700,50.7,[JP][107121024]ミルモでチー,29400,9.4,[JP][129679874]ニャンchan彡,15500,-24.5,[JP][127685187]yukke_08,14400,-35.6,260727-7dabf5b2-22a0-404e-b87b-0e8a260075d5,
2026-07-27 17:56:41,2026-07-27 18:33:58,no,[JP][122700559]ひつじ04,35100,45.1,[JP][117826319]びんびんん,22900,2.9,[JP][107121024]ミルモでチー,21100,-18.9,[JP][141362566]まー29,20900,-29.1,260727-9ce4f978-09ad-4045-9934-15adfb9ae1c0,
2026-07-27 17:09:40,2026-07-27 17:51:19,no,[JP][117826319]びんびんん,33100,43.1,[JP][135989001]ちたーふ,26200,6.2,[JP][107121024]ミルモでチー,24800,-15.2,[JP][127685187]yukke_08,15900,-34.1,260727-d9c8fbf8-3686-4c4d-8f2a-5ec9284e2606,
2026-07-27 11:16:45,2026-07-27 12:09:00,no,[JP][127685187]yukke_08,33400,43.4,[JP][122700559]ひつじ04,30100,10.1,[JP][126824842]神田宰,25000,-15,[JP][113816715]あるですけど,11500,-38.5,260727-492a865b-6a8f-46c5-924f-d1b487fbf240,
2026-07-27 10:54:51,2026-07-27 11:51:08,no,[JP][141442184]パラセクト。,34700,44.7,[JP][137746445]ここここきじゅ,23600,3.6,[JP][113140034]クロミです,21400,-18.6,[JP][103875087]ゆあちゅん、,20300,-29.7,260727-c1931cdd-85ac-45b2-9499-b96541d46430,
2026-07-27 09:35:06,2026-07-27 10:11:40,no,[JP][108211976]佐鳥乃愛,44400,54.4,[JP][104870668]けーびぃー,39100,19.1,[JP][143266822]たむちゃん茶,22400,-17.6,[JP][109087630]うさみさ,-5900,-55.9,260727-f12eddc3-7d70-4335-8857-a718ea56bdc9,
2026-07-27 02:24:56,2026-07-27 03:02:46,no,[JP][107121024]ミルモでチー,38100,48.1,[JP][113140034]クロミです,25700,5.7,[JP][127500682]めいぴょい,18800,-21.2,[JP][132889350]綴美,17400,-32.6,260727-7a711018-e2a6-472f-9e81-9fd18fd59853,
2026-07-27 00:55:09,2026-07-27 01:45:39,no,[JP][127685187]yukke_08,56200,66.2,[JP][117795009]sakura20,30500,10.5,[JP][128534146]アラキ,12300,-27.7,[JP][135562955]【くぅー】,1000,-49,260727-2ad36ed2-f47a-4baa-8cb0-3bca694c27bc,
2026-07-27 00:07:30,2026-07-27 00:39:30,no,[JP][107121024]ミルモでチー,43400,53.4,[JP][104870668]けーびぃー,26700,6.7,[JP][127500682]めいぴょい,25400,-14.6,[JP][117826319]びんびんん,4500,-45.5,260727-1c0b725c-9817-4bfd-a40d-906c714d70de,
2026-07-26 19:13:51,2026-07-26 19:44:07,no,[JP][136949124]シャルにゃん,51000,61,[JP][115482438]くぽぼん,40900,20.9,[JP][122700559]ひつじ04,37400,-2.6,[JP][132889350]綴美,-29300,-79.3,260726-cc969480-b413-4bf2-a53a-ed845691485e,
2026-07-26 18:57:52,2026-07-26 19:22:10,no,[JP][108211976]佐鳥乃愛,35200,45.2,[JP][127685187]yukke_08,28600,8.6,[JP][109087630]うさみさ,20600,-19.4,[JP][127500682]めいぴょい,15600,-34.4,260726-92ce3fb0-96e1-4b92-87b5-c5db767e86bb,
2026-07-26 18:08:38,2026-07-26 19:04:39,no,[JP][135989001]ちたーふ,32000,42,[JP][104870668]けーびぃー,31500,11.5,[JP][127685187]yukke_08,25300,-14.7,[JP][137746445]ここここきじゅ,11200,-38.8,260726-32950493-1450-443c-a3ac-e14fdeff8ab7,
2026-07-26 17:02:48,2026-07-26 17:47:29,no,[JP][122700559]ひつじ04,41000,51,[JP][127685187]yukke_08,33300,13.3,[JP][137746445]ここここきじゅ,14900,-25.1,[JP][103875087]ゆあちゅん、,10800,-39.2,260726-529a531a-164f-4579-ba7f-64fad0c59d17,
2026-07-26 16:57:43,2026-07-26 17:21:57,no,[JP][107121024]ミルモでチー,31000,41,[JP][136949124]シャルにゃん,30200,10.2,[JP][103875087]ゆあちゅん、,29700,-10.3,[JP][104870668]けーびぃー,9100,-40.9,260726-0f9ab177-f3b8-4245-b2db-7fea14910ed4,
2026-07-26 15:17:52,2026-07-26 16:14:37,no,[JP][104870668]けーびぃー,45700,55.7,[JP][107121024]ミルモでチー,32500,12.5,[JP][140986564]ミラージュ梅,17000,-23,[JP][122700559]ひつじ04,4800,-45.2,260726-1aba7ab5-f5eb-40e2-aef9-44811343fc7b,
2026-07-26 10:39:57,2026-07-26 11:14:33,no,[JP][117826319]びんびんん,43900,53.9,[JP][137746445]ここここきじゅ,22100,2.1,[JP][107121024]ミルモでチー,20200,-19.8,[JP][104870668]けーびぃー,13800,-36.2,260726-a919cdf2-0ace-4156-ab57-abe5718ec7e0,
2026-07-26 10:14:34,2026-07-26 10:40:55,no,[JP][128534146]アラキ,30700,40.7,[JP][121291970]クッション枕,27500,7.5,[JP][123842955]アヤコぽん,22400,-17.6,[JP][122700559]ひつじ04,19400,-30.6,260726-62b57211-fbb7-4fd9-864f-3cf1beb93478,
2026-07-26 08:15:00,2026-07-26 08:39:05,no,[JP][103875087]ゆあちゅん、,39400,49.4,[JP][107121024]ミルモでチー,24200,4.2,[JP][117826319]びんびんん,23800,-16.2,[JP][127685187]yukke_08,12600,-37.4,260726-1eae8dfc-716d-4798-b956-f9f9a705ec11,
2026-07-26 07:53:20,2026-07-26 08:46:38,no,[JP][97781556]西待,35100,45.1,[JP][108211976]佐鳥乃愛,33900,13.9,[JP][113816715]あるですけど,21700,-18.3,[JP][127500682]めいぴょい,9300,-40.7,260726-f2d0cb1e-0c79-4257-83d8-a841657e2e7b,
2026-07-26 05:52:15,2026-07-26 06:42:07,no,[JP][136949124]シャルにゃん,53200,63.2,[JP][103473217]ねこぜ7272,43700,23.7,[JP][135989001]ちたーふ,29300,-10.7,[JP][141362566]まー29,-26200,-76.2,260726-bbaf991c-b998-4b30-ad60-ce6918d42777,
2026-07-26 05:07:36,2026-07-26 05:55:24,no,[JP][121291970]クッション枕,31500,41.5,[JP][137746445]ここここきじゅ,31200,11.2,[JP][117826319]びんびんん,20000,-20,[JP][132889350]綴美,17300,-32.7,260726-97314531-d5dd-4dcc-9554-337fce870c79,
2026-07-26 03:08:03,2026-07-26 03:52:57,no,[JP][127685187]yukke_08,30100,40.1,[JP][121291970]クッション枕,27500,7.5,[JP][103473217]ねこぜ7272,26700,-13.3,[JP][101672072]きょーか8,15700,-34.3,260726-c52b8c08-3315-40ce-a2ce-efff6b29f9c4,
2026-07-26 02:21:08,2026-07-26 02:53:39,no,[JP][117826319]びんびんん,34200,44.2,[JP][127500682]めいぴょい,30900,10.9,[JP][141442184]パラセクト。,18000,-22,[JP][104870668]けーびぃー,16900,-33.1,260726-f6614139-d31d-42b0-913d-55697b6de670,
2026-07-26 00:52:43,2026-07-26 01:24:34,no,[JP][101672072]きょーか8,48300,58.3,[JP][107121024]ミルモでチー,35400,15.4,[JP][121291970]クッション枕,28100,-11.9,[JP][132889350]綴美,-11800,-61.8,260726-617c44ca-0509-448b-a3e9-bb5419ef6665,
2026-07-26 00:36:04,2026-07-26 01:14:37,no,[JP][108211976]佐鳥乃愛,42800,52.8,[JP][127500682]めいぴょい,38400,18.4,[JP][108807125]リーチ侍,29300,-10.7,[JP][117826319]びんびんん,-10500,-60.5,260726-b1505338-c16f-4b78-9862-072e904b6431,
2026-07-26 00:14:31,2026-07-26 00:45:52,no,[JP][113816715]あるですけど,57800,67.8,[JP][103473217]ねこぜ7272,36100,16.1,[JP][121291970]クッション枕,31900,-8.1,[JP][127685187]yukke_08,-25800,-75.8,260726-d626ec04-108c-4274-936c-6b44233eb67e,
2026-07-25 20:50:56,2026-07-25 21:39:36,no,[JP][121291970]クッション枕,26300,36.3,[JP][127685187]yukke_08,25800,5.8,[JP][143266822]たむちゃん茶,25300,-14.7,[JP][103875087]ゆあちゅん、,22600,-27.4,260725-da0f6576-2869-4594-beb7-97a2d3d715f0,
2026-07-25 19:47:40,2026-07-25 20:24:09,no,[JP][137746445]ここここきじゅ,36400,46.4,[JP][117826319]びんびんん,34200,14.2,[JP][127685187]yukke_08,27900,-12.1,[JP][127500682]めいぴょい,1500,-48.5,260725-6e339bff-6c42-4a55-b995-e68b3db14069,
2026-07-25 18:57:02,2026-07-25 19:35:10,no,[JP][135562955]【くぅー】,42400,52.4,[JP][122700559]ひつじ04,35000,15,[JP][130636363]龍華。。,24100,-15.9,[JP][107121024]ミルモでチー,-1500,-51.5,260725-3d0daec7-e202-45cf-93f2-98650fe25e1a,
2026-07-25 16:14:11,2026-07-25 16:52:30,no,[JP][122700559]ひつじ04,43200,53.2,[JP][132889350]綴美,35300,15.3,[JP][140986564]ミラージュ梅,15400,-24.6,[JP][137746445]ここここきじゅ,6100,-43.9,260725-68801300-32ff-4c90-825e-c3bf38b91730,
2026-07-25 13:01:09,2026-07-25 13:57:25,no,[JP][128534146]アラキ,43500,53.5,[JP][107121024]ミルモでチー,22100,2.1,[JP][127500682]めいぴょい,20200,-19.8,[JP][122700559]ひつじ04,14200,-35.8,260725-579c6838-347f-44f9-a9ad-2f5436bad87a,
2026-07-25 12:11:34,2026-07-25 12:46:20,no,[JP][117826319]びんびんん,59000,69,[JP][122700559]ひつじ04,20400,0.4,[JP][127685187]yukke_08,11400,-28.6,[JP][141362566]まー29,9200,-40.8,260725-6719355e-1c75-4b7c-866a-67107b3d8447,
2026-07-25 11:29:33,2026-07-25 11:52:10,no,[JP][128534146]アラキ,30100,40.1,[JP][127685187]yukke_08,26300,6.3,[JP][137746445]ここここきじゅ,23500,-16.5,[JP][103875087]ゆあちゅん、,20100,-29.9,260725-35e7280b-7762-42d9-aeba-c761efcfbf05,
2026-07-25 10:23:21,2026-07-25 11:14:13,no,[JP][90337603]酔猫0724,40500,50.5,[JP][107121024]ミルモでチー,36200,16.2,[JP][141442184]パラセクト。,12300,-27.7,[JP][104870668]けーびぃー,11000,-39,260725-c0726dba-4cfc-4f2b-b7cb-9b988ca21593,
2026-07-25 10:19:09,2026-07-25 10:43:30,no,[JP][103473217]ねこぜ7272,35600,45.6,[JP][107121024]ミルモでチー,30100,10.1,[JP][127685187]yukke_08,18000,-22,[JP][103875087]ゆあちゅん、,16300,-33.7,260725-3c14b9f7-2320-484b-b7d7-3840e6586864,
2026-07-25 06:05:18,2026-07-25 06:47:41,no,[JP][122700559]ひつじ04,40300,50.3,[JP][113140034]クロミです,34200,14.2,[JP][140986564]ミラージュ梅,31700,-8.3,[JP][136949124]シャルにゃん,-6200,-56.2,260725-6bb528be-571b-4f08-9553-3d96820886d2,
2026-07-25 03:21:34,2026-07-25 04:16:37,no,[JP][129679874]ニャンchan彡,37600,47.6,[JP][132889350]綴美,32300,12.3,[JP][128534146]アラキ,15100,-24.9,[JP][132385032]富士丸ラーメン,15000,-35,260725-dc2d48b3-ea55-48cb-b605-de45c5bcc99a,
2026-07-25 01:16:22,2026-07-25 02:06:23,no,[JP][112646465]苺ですよ,45900,55.9,[JP][113816715]あるですけど,30300,10.3,[JP][103473217]ねこぜ7272,20100,-19.9,[JP][127685187]yukke_08,3700,-46.3,260725-dd9a4e15-ceb1-4418-9360-8d242f9d12d3,
2026-07-25 01:12:05,2026-07-25 02:06:47,no,[JP][128534146]アラキ,29000,39,[JP][113816715]あるですけど,26600,6.6,[JP][137746445]ここここきじゅ,23000,-17,[JP][103136012]ルート12345,21400,-28.6,260725-a805b44c-1c6d-4fe1-a09f-ad37adf8b3d4,
2026-07-25 01:09:39,2026-07-25 01:41:04,no,[JP][113140034]クロミです,40800,50.8,[JP][143266822]たむちゃん茶,25300,5.3,[JP][137746445]ここここきじゅ,20300,-19.7,[JP][103875087]ゆあちゅん、,13600,-36.4,260725-1285354f-348b-49d0-b4ce-c3b8e0f7a94c,
2026-07-24 23:11:57,2026-07-24 23:41:43,no,[JP][127500682]めいぴょい,39000,49,[JP][129679874]ニャンchan彡,35900,15.9,[JP][137746445]ここここきじゅ,27700,-12.3,[JP][123842955]アヤコぽん,-2600,-52.6,260724-4076158d-38b3-4923-bcee-24c9e967050b,
2026-07-24 22:21:32,2026-07-24 22:51:23,no,[JP][128534146]アラキ,36200,46.2,[JP][113816715]あるですけど,26100,6.1,[JP][107121024]ミルモでチー,22500,-17.5,[JP][127500682]めいぴょい,15200,-34.8,260724-d0ef1c0c-8c96-40f4-9ab2-091cdd366039,
2026-07-24 22:08:58,2026-07-24 23:00:53,no,[JP][117826319]びんびんん,48000,58,[JP][136949124]シャルにゃん,32900,12.9,[JP][128142273]ーはまちー,28800,-11.2,[JP][137746445]ここここきじゅ,-9700,-59.7,260724-d993813e-6175-436d-a598-175b9931ebca,
2026-07-24 21:44:59,2026-07-24 22:32:07,no,[JP][121291970]クッション枕,38500,48.5,[JP][127685187]yukke_08,28300,8.3,[JP][117826319]びんびんん,19400,-20.6,[JP][137746445]ここここきじゅ,13800,-36.2,260724-9cbef8d1-888b-4a02-a5b6-68f05be350ee,
2026-07-24 18:49:39,2026-07-24 19:28:44,no,[JP][135989001]ちたーふ,47200,57.2,[JP][132889350]綴美,26100,6.1,[JP][109087630]うさみさ,15300,-24.7,[JP][127500682]めいぴょい,11400,-38.6,260724-7a8605e1-20b1-4b4a-b31b-7e7eb1567aa9,
2026-07-24 17:15:43,2026-07-24 17:52:41,no,[JP][135562955]【くぅー】,35600,45.6,[JP][127685187]yukke_08,30600,10.6,[JP][137746445]ここここきじゅ,27600,-12.4,[JP][121291970]クッション枕,6200,-43.8,260724-88b33ac7-0fe0-4329-a6b4-f2ad850aa63a,
2026-07-24 16:17:28,2026-07-24 17:13:13,no,[JP][128534146]アラキ,72300,82.3,[JP][140986564]ミラージュ梅,13100,-6.9,[JP][122700559]ひつじ04,9000,-31,[JP][117826319]びんびんん,5600,-44.4,260724-6a11cd66-4aea-4f0e-8b0c-fd321888e408,
2026-07-24 15:57:42,2026-07-24 16:48:24,no,[JP][104870668]けーびぃー,37000,47,[JP][130636363]龍華。。,32300,12.3,[JP][135093176]ちゅんたくや,20000,-20,[JP][137746445]ここここきじゅ,10700,-39.3,260724-e885557c-efb1-4bdf-a151-ffe8a08ef69b,
2026-07-24 10:49:46,2026-07-24 11:18:31,no,[JP][127500682]めいぴょい,32000,42,[JP][116517186]ぞじまーじゃん,26500,6.5,[JP][103875087]ゆあちゅん、,25000,-15,[JP][136949124]シャルにゃん,16500,-33.5,260724-19ba436d-c034-451d-9514-6e92c990f4a0,
2026-07-24 10:16:54,2026-07-24 11:07:39,no,[JP][130636363]龍華。。,44400,54.4,[JP][136949124]シャルにゃん,20200,0.2,[JP][117826319]びんびんん,19200,-20.8,[JP][103875087]ゆあちゅん、,16200,-33.8,260724-6fe61e29-e621-45d7-9364-aefa190f59e7,
2026-07-24 09:34:54,2026-07-24 10:29:35,no,[JP][122700559]ひつじ04,81300,91.3,[JP][121291970]クッション枕,17300,-2.7,[JP][103136012]ルート12345,800,-39.2,[JP][130636363]龍華。。,600,-49.4,260724-dc2f5102-0ca0-4b9b-a27a-40e4bc7901a2,
2026-07-24 07:28:37,2026-07-24 08:27:13,no,[JP][135989001]ちたーふ,43300,53.3,[JP][137746445]ここここきじゅ,40200,20.2,[JP][127685187]yukke_08,37800,-2.2,[JP][97781556]西待,-21300,-71.3,260724-51cb4c19-7233-4e3e-b57d-5407d6a46f76,
2026-07-24 05:55:38,2026-07-24 06:30:23,no,[JP][113816715]あるですけど,39200,49.2,[JP][127500682]めいぴょい,38800,18.8,[JP][107121024]ミルモでチー,14600,-25.4,[JP][127685187]yukke_08,7400,-42.6,260724-9c439df3-671e-449c-a373-e5f3b897c324,
2026-07-24 04:40:02,2026-07-24 05:22:55,no,[JP][107121024]ミルモでチー,49100,59.1,[JP][132889350]綴美,23100,3.1,[JP][116517186]ぞじまーじゃん,20200,-19.8,[JP][97781556]西待,7600,-42.4,260724-0caa9748-8496-439c-8ddc-437c2265ed22,
2026-07-24 03:38:17,2026-07-24 04:31:30,no,[JP][104870668]けーびぃー,42400,52.4,[JP][127500682]めいぴょい,21800,1.8,[JP][107121024]ミルモでチー,21700,-18.3,[JP][132889350]綴美,14100,-35.9,260724-d88b1f15-0671-4e60-a1c3-03fc8707a22b,
2026-07-24 02:40:55,2026-07-24 03:10:30,no,[JP][122700559]ひつじ04,37600,47.6,[JP][132889350]綴美,28500,8.5,[JP][130636363]龍華。。,26200,-13.8,[JP][113140034]クロミです,7700,-42.3,260724-fbf28e58-f93d-4d9e-a712-a22698d39632,
2026-07-24 01:42:28,2026-07-24 02:26:54,no,[JP][90337603]酔猫0724,44200,54.2,[JP][127500682]めいぴょい,27400,7.4,[JP][117826319]びんびんん,24900,-15.1,[JP][136949124]シャルにゃん,3500,-46.5,260724-b4ce1eee-d579-4e2c-9c6e-5947838e573f,
2026-07-24 00:59:25,2026-07-24 01:42:41,no,[JP][130636363]龍華。。,37900,47.9,[JP][137746445]ここここきじゅ,36000,16,[JP][132889350]綴美,31700,-8.3,[JP][129679874]ニャンchan彡,-5600,-55.6,260724-59677ae8-4716-438d-b11c-42c55e5f6fa8,
2026-07-24 00:40:27,2026-07-24 01:14:30,no,[JP][127500682]めいぴょい,48500,58.5,[JP][121291970]クッション枕,44100,24.1,[JP][127685187]yukke_08,28800,-11.2,[JP][109087630]うさみさ,-21400,-71.4,260724-b4fed657-629a-4868-b6da-ea94aa17a3db,
2026-07-24 00:21:53,2026-07-24 01:03:13,no,[JP][137746445]ここここきじゅ,37500,47.5,[JP][121291970]クッション枕,29800,9.8,[JP][127685187]yukke_08,18500,-21.5,[JP][99489737]閄くん,14200,-35.8,260724-628c1fd7-2621-443f-8032-c26a1edf36b1,
2026-07-24 00:16:16,2026-07-24 00:39:07,no,[JP][117826319]びんびんん,74500,84.5,[JP][97781556]西待,15000,-5,[JP][128534146]アラキ,6700,-33.3,[JP][127685187]yukke_08,3800,-46.2,260724-ec2b4834-e18c-4e8c-9737-b939c68b228a,
2026-07-24 00:13:15,2026-07-24 00:50:53,no,[JP][107121024]ミルモでチー,50600,60.6,[JP][121291970]クッション枕,45200,25.2,[JP][130636363]龍華。。,27600,-12.4,[JP][127500682]めいぴょい,-23400,-73.4,260724-3705383d-693c-4d53-b26e-d7c705735dcc,
2026-07-23 23:51:25,2026-07-24 00:28:50,no,[JP][112646465]苺ですよ,33800,43.8,[JP][117826319]びんびんん,26400,6.4,[JP][136949124]シャルにゃん,21500,-18.5,[JP][132889350]綴美,18300,-31.7,260723-f1c84530-b2a1-4bdd-aa13-6e15c6b50979,
2026-07-23 22:14:20,2026-07-23 22:40:12,no,[JP][135093176]ちゅんたくや,45600,55.6,[JP][137746445]ここここきじゅ,38100,18.1,[JP][127685187]yukke_08,22000,-18,[JP][127500682]めいぴょい,-5700,-55.7,260723-73153513-c523-4966-a86e-d6d683d28b19,
2026-07-23 19:57:34,2026-07-23 20:38:30,no,[JP][127500682]めいぴょい,57700,67.7,[JP][128534146]アラキ,31000,11,[JP][100881664]ハッチz,6600,-33.4,[JP][99489737]閄くん,4700,-45.3,260723-7b1319e8-5a84-4e6a-88d9-f9ca8ff61102,
2026-07-23 19:49:12,2026-07-23 20:23:26,no,[JP][135562955]【くぅー】,37300,47.3,[JP][113140034]クロミです,31000,11,[JP][132889350]綴美,24800,-15.2,[JP][135989001]ちたーふ,6900,-43.1,260723-9296ba97-cd99-41fe-b365-9522f111d7ae,
2026-07-23 19:21:52,2026-07-23 20:07:20,no,[JP][117826319]びんびんん,31700,41.7,[JP][107121024]ミルモでチー,31500,11.5,[JP][122700559]ひつじ04,27400,-12.6,[JP][143266822]たむちゃん茶,9400,-40.6,260723-19f03510-4dd9-436d-a3e8-5aaaf7d3d98b,
2026-07-23 18:51:08,2026-07-23 19:34:42,no,[JP][127500682]めいぴょい,36200,46.2,[JP][117826319]びんびんん,34700,14.7,[JP][116517186]ぞじまーじゃん,29100,-10.9,[JP][132889350]綴美,0,-50,260723-5bfba0b4-a025-4a66-aa30-35babb0d8001,
2026-07-23 17:21:31,2026-07-23 18:08:52,no,[JP][107121024]ミルモでチー,29700,39.7,[JP][125680458]クタビレタケ,27200,7.2,[JP][109087630]うさみさ,22800,-17.2,[JP][104870668]けーびぃー,20300,-29.7,260723-0cf5f8c4-adeb-4dee-8c87-015298e21b3d,
2026-07-23 16:51:27,2026-07-23 17:14:42,no,[JP][107121024]ミルモでチー,64100,74.1,[JP][117826319]びんびんん,18700,-1.3,[JP][127685187]yukke_08,10500,-29.5,[JP][129679874]ニャンchan彡,6700,-43.3,260723-10de84f3-4a90-4b92-99f2-946a2cfd273d,
2026-07-23 16:34:56,2026-07-23 17:32:22,no,[JP][103875087]ゆあちゅん、,48700,58.7,[JP][127500682]めいぴょい,26300,6.3,[JP][113816715]あるですけど,22600,-17.4,[JP][109087630]うさみさ,2400,-47.6,260723-4740ab20-f3af-4e88-ac37-f0fd9985aadb,
2026-07-23 15:16:19,2026-07-23 15:43:55,no,[JP][127500682]めいぴょい,35300,45.3,[JP][130636363]龍華。。,30200,10.2,[JP][127685187]yukke_08,26400,-13.6,[JP][85657666]tsuna_san,8100,-41.9,260723-0367371f-41b6-4b88-8780-612d8eaa88be,
2026-07-23 14:21:20,2026-07-23 15:11:56,no,[JP][137746445]ここここきじゅ,49900,59.9,[JP][104870668]けーびぃー,29100,9.1,[JP][127500682]めいぴょい,23300,-16.7,[JP][107121024]ミルモでチー,-2300,-52.3,260723-5f4a37f0-d169-4e0d-b6c1-29c2b14ed015,
2026-07-23 14:13:43,2026-07-23 14:51:15,no,[JP][107121024]ミルモでチー,33500,43.5,[JP][135989001]ちたーふ,29000,9,[JP][103875087]ゆあちゅん、,19700,-20.3,[JP][130636363]龍華。。,17800,-32.2,260723-54fbf512-7e5d-47bb-a8e2-b8fc2fb8dfc9,
2026-07-23 12:33:51,2026-07-23 13:11:29,no,[JP][128534146]アラキ,49400,59.4,[JP][85657666]tsuna_san,36200,16.2,[JP][121573512]wot毒舌妹bot,7600,-32.4,[JP][104870668]けーびぃー,6800,-43.2,260723-3c2efa36-11d5-496e-9908-17a36723233d,
2026-07-23 11:23:38,2026-07-23 11:55:53,no,[JP][128534146]アラキ,49200,59.2,[JP][130636363]龍華。。,33000,13,[JP][127500682]めいぴょい,32800,-7.2,[JP][127685187]yukke_08,-15000,-65,260723-a3e39fc3-f991-459e-83ad-b3abe87c17ef,
2026-07-23 10:31:26,2026-07-23 11:26:42,no,[JP][113816715]あるですけど,43600,53.6,[JP][117826319]びんびんん,39100,19.1,[JP][137746445]ここここきじゅ,36100,-3.9,[JP][132385032]富士丸ラーメン,-18800,-68.8,260723-2f321c30-188a-4ebd-97c5-724505b6a332,
2026-07-23 09:22:34,2026-07-23 10:17:18,no,[JP][104870668]けーびぃー,50500,60.5,[JP][98640564]ono101,25200,5.2,[JP][117826319]びんびんん,13500,-26.5,[JP][107121024]ミルモでチー,10800,-39.2,260723-43065769-deff-4737-8c1a-8b727e48a080,
2026-07-23 08:42:38,2026-07-23 09:08:23,no,[JP][127500682]めいぴょい,29300,39.3,[JP][84092681]天縁,27800,7.8,[JP][135989001]ちたーふ,24300,-15.7,[JP][132385032]富士丸ラーメン,18600,-31.4,260723-8d326e11-f8be-4cf6-ac1a-c51228075c43,
2026-07-23 07:55:04,2026-07-23 08:52:51,no,[JP][117826319]びんびんん,42800,52.8,[JP][129679874]ニャンchan彡,42000,22,[JP][113140034]クロミです,37300,-2.7,[JP][130636363]龍華。。,-22100,-72.1,260723-a906c138-c3fd-419a-ab96-2f27230e5d87,
2026-07-23 05:02:11,2026-07-23 05:51:55,no,[JP][107121024]ミルモでチー,45000,55,[JP][143266822]たむちゃん茶,25900,5.9,[JP][122700559]ひつじ04,14700,-25.3,[JP][117826319]びんびんん,14400,-35.6,260723-f6831708-a9a2-46a0-9111-e418678fdda3,
2026-07-23 04:34:35,2026-07-23 05:15:52,no,[JP][103875087]ゆあちゅん、,35500,45.5,[JP][127500682]めいぴょい,24800,4.8,[JP][137746445]ここここきじゅ,24600,-15.4,[JP][97781556]西待,15100,-34.9,260723-e631d79e-025b-42bf-aede-bef369a5aca3,
2026-07-23 01:41:16,2026-07-23 02:25:53,no,[JP][116517186]ぞじまーじゃん,32300,42.3,[JP][141442184]パラセクト。,27400,7.4,[JP][127685187]yukke_08,23300,-16.7,[JP][137746445]ここここきじゅ,17000,-33,260723-dabe6152-1a40-484f-b33c-8a30abc9a397,
2026-07-23 01:18:37,2026-07-23 02:08:24,no,[JP][100881664]ハッチz,33600,43.6,[JP][107121024]ミルモでチー,23900,3.9,[JP][121573512]wot毒舌妹bot,22300,-17.7,[JP][122700559]ひつじ04,20200,-29.8,260723-459f0f39-975e-4941-abbe-040f5f69e78b,
2026-07-22 23:41:34,2026-07-23 00:18:32,no,[JP][103875087]ゆあちゅん、,37200,47.2,[JP][122700559]ひつじ04,27500,7.5,[JP][117826319]びんびんん,21700,-18.3,[JP][115482438]くぽぼん,13600,-36.4,260722-571a7970-cf9f-4d2c-8018-0d54d0176493,
2026-07-22 22:21:41,2026-07-22 23:19:23,no,[JP][117826319]びんびんん,48700,58.7,[JP][107121024]ミルモでチー,40000,20,[JP][113816715]あるですけど,19400,-20.6,[JP][135989001]ちたーふ,-8100,-58.1,260722-8ed1360d-784d-456b-b773-b57efed72c88,
2026-07-22 21:38:32,2026-07-22 22:15:49,no,[JP][127685187]yukke_08,37700,47.7,[JP][128534146]アラキ,30600,10.6,[JP][135562955]【くぅー】,18600,-21.4,[JP][117826319]びんびんん,13100,-36.9,260722-1cab0228-9250-4448-a617-88756f36156b,
2026-07-22 21:21:20,2026-07-22 22:18:56,no,[JP][128534146]アラキ,32000,42,[JP][135989001]ちたーふ,23600,3.6,[JP][113140034]クロミです,23200,-16.8,[JP][127500682]めいぴょい,21200,-28.8,260722-6ecd347e-2599-416c-b745-09be79127ac1,
2026-07-22 20:59:18,2026-07-22 21:32:38,no,[JP][121573512]wot毒舌妹bot,41300,51.3,[JP][103473217]ねこぜ7272,29200,9.2,[JP][117826319]びんびんん,21600,-18.4,[JP][122700559]ひつじ04,7900,-42.1,260722-3f7c255f-d6f0-4a22-aa28-d38203fa7043,
2026-07-22 19:18:30,2026-07-22 19:57:26,no,[JP][122700559]ひつじ04,35300,45.3,[JP][136130265]てすと雀士,24600,4.6,[JP][135989001]ちたーふ,20700,-19.3,[JP][97781556]西待,19400,-30.6,260722-fe4e86e4-6571-446c-bda0-1f38ddde6157,
2026-07-22 16:35:29,2026-07-22 17:06:13,no,[JP][128534146]アラキ,46600,56.6,[JP][109087630]うさみさ,32500,12.5,[JP][137746445]ここここきじゅ,17900,-22.1,[JP][135989001]ちたーふ,3000,-47,260722-0cd91555-17ce-442f-9cc1-bfab767b1e2b,
2026-07-22 16:27:36,2026-07-22 17:08:28,no,[JP][135093176]ちゅんたくや,49000,59,[JP][119823142]流局マン,25600,5.6,[JP][117826319]びんびんん,15300,-24.7,[JP][136949124]シャルにゃん,10100,-39.9,260722-0b566d05-657e-49de-a8ec-0771f2f9c7fc,
2026-07-22 16:09:38,2026-07-22 17:04:04,no,[JP][121291970]クッション枕,51900,61.9,[JP][104870668]けーびぃー,23400,3.4,[JP][135989001]ちたーふ,14800,-25.2,[JP][137746445]ここここきじゅ,9900,-40.1,260722-018544ae-304a-451f-af04-81ca42c2187f,
2026-07-22 16:09:12,2026-07-22 16:51:01,no,[JP][132889350]綴美,37200,47.2,[JP][107121024]ミルモでチー,25600,5.6,[JP][113140034]クロミです,20900,-19.1,[JP][117826319]びんびんん,16300,-33.7,260722-ced7ed72-825d-4ba9-b89c-c04f45d67a31,
2026-07-22 15:49:57,2026-07-22 16:17:41,no,[JP][109087630]うさみさ,47100,57.1,[JP][117826319]びんびんん,24100,4.1,[JP][113816715]あるですけど,15800,-24.2,[JP][127685187]yukke_08,13000,-37,260722-6ed118b9-39dc-44f2-8624-9541dfe289d2,
2026-07-22 15:16:37,2026-07-22 15:43:43,no,[JP][128534146]アラキ,33700,43.7,[JP][132889350]綴美,30600,10.6,[JP][84092681]天縁,25600,-14.4,[JP][113140034]クロミです,10100,-39.9,260722-45d1f42a-7860-41d1-8182-f14f66f81a1c,
2026-07-22 11:23:50,2026-07-22 11:53:24,no,[JP][128534146]アラキ,35800,45.8,[JP][110041669]katahira_shota,28800,8.8,[JP][99259658]CVココア,20000,-20,[JP][86936271]nsnsnsn,15400,-34.6,260722-e7028388-a769-4d58-9d7b-e378052f17f5,
2026-07-22 10:48:32,2026-07-22 11:24:23,no,[JP][121573512]wot毒舌妹bot,42000,52,[JP][128142273]ーはまちー,30500,10.5,[JP][97781556]西待,25400,-14.6,[JP][132889350]綴美,2100,-47.9,260722-648abda8-c000-4f7d-81b2-2c8b4bec3369,
2026-07-22 10:37:33,2026-07-22 11:07:19,no,[JP][129679874]ニャンchan彡,40600,50.6,[JP][135989001]ちたーふ,35800,15.8,[JP][117826319]びんびんん,35600,-4.4,[JP][107121024]ミルモでチー,-12000,-62,260722-73605f1f-4a59-4c6e-a9f4-62b3d60138a7,
2026-07-22 03:57:18,2026-07-22 04:29:36,no,[JP][130636363]龍華。。,44900,54.9,[JP][137746445]ここここきじゅ,34400,14.4,[JP][123527427]いぐすけ,10500,-29.5,[JP][113816715]あるですけど,10200,-39.8,260722-302cbb13-0dca-4d8c-9a9d-2bdbbbb07041,
2026-07-22 03:44:12,2026-07-22 04:34:52,no,[JP][121291970]クッション枕,40400,50.4,[JP][132889350]綴美,33500,13.5,[JP][107121024]ミルモでチー,17900,-22.1,[JP][127500682]めいぴょい,8200,-41.8,260722-c3dd3b34-bb70-491d-b6d0-386ff69e48c1,
2026-07-22 01:48:00,2026-07-22 02:39:12,no,[JP][132889350]綴美,28400,38.4,[JP][112646465]苺ですよ,26000,6,[JP][121291970]クッション枕,25500,-14.5,[JP][137746445]ここここきじゅ,20100,-29.9,260722-e5e49e1e-c838-48de-a8c5-3c5177e5c0c3,
2026-07-22 00:44:08,2026-07-22 01:23:11,no,[JP][127685187]yukke_08,36300,46.3,[JP][113816715]あるですけど,27400,7.4,[JP][112646465]苺ですよ,24700,-15.3,[JP][128142273]ーはまちー,11600,-38.4,260722-fc6d008d-e6e7-4b83-b970-58c17953accd,
2026-07-21 22:21:30,2026-07-21 22:57:30,no,[JP][110041669]katahira_shota,34700,44.7,[JP][128142273]ーはまちー,31900,11.9,[JP][108211976]佐鳥乃愛,17900,-22.1,[JP][109087630]うさみさ,15500,-34.5,260721-6225537a-4c5b-4062-b7a2-f98b03067e19,
2026-07-21 21:22:20,2026-07-21 22:19:28,no,[JP][121573512]wot毒舌妹bot,29100,39.1,[JP][107121024]ミルモでチー,28700,8.7,[JP][132889350]綴美,25800,-14.2,[JP][126824842]神田宰,16400,-33.6,260721-73e0a720-b35b-4975-9896-1f1bcc682f4c,
2026-07-21 21:18:20,2026-07-21 22:15:49,no,[JP][117826319]びんびんん,30200,40.2,[JP][84092681]天縁,25300,5.3,[JP][127685187]yukke_08,22700,-17.3,[JP][122700559]ひつじ04,21800,-28.2,260721-fe7f4050-a085-4d29-aa56-8d20411f7d44,
2026-07-21 21:12:20,2026-07-21 21:55:46,no,[JP][128534146]アラキ,55900,65.9,[JP][127500682]めいぴょい,45100,25.1,[JP][132889350]綴美,22200,-17.8,[JP][103875087]ゆあちゅん、,-23200,-73.2,260721-6bdba731-f6a5-48fc-befe-d4d8b25e1a31,
2026-07-21 21:09:09,2026-07-21 21:49:31,no,[JP][107121024]ミルモでチー,33400,43.4,[JP][121291970]クッション枕,24100,4.1,[JP][117826319]びんびんん,22900,-17.1,[JP][137746445]ここここきじゅ,19600,-30.4,260721-9c8add81-58d0-47b9-8287-b861cec330c8,
2026-07-21 19:08:01,2026-07-21 19:30:31,no,[JP][137746445]ここここきじゅ,56800,66.8,[JP][132889350]綴美,19600,-0.4,[JP][128534146]アラキ,18000,-22,[JP][136130265]てすと雀士,5600,-44.4,260721-da15789b-ab93-402f-8e1f-a491e1bc5bc3,
2026-07-21 17:34:42,2026-07-21 18:22:35,no,[JP][135989001]ちたーふ,36500,46.5,[JP][137746445]ここここきじゅ,24100,4.1,[JP][122700559]ひつじ04,21200,-18.8,[JP][97781556]西待,18200,-31.8,260721-3e1fd4b8-685d-4289-92c8-1124ac13a629,
2026-07-21 14:23:55,2026-07-21 15:01:47,no,[JP][113816715]あるですけど,41300,51.3,[JP][135989001]ちたーふ,32700,12.7,[JP][104870668]けーびぃー,29600,-10.4,[JP][127500682]めいぴょい,-3600,-53.6,260721-480269e7-77ee-4e7c-a81d-ff3454fe6a84,
2026-07-21 13:10:57,2026-07-21 13:51:46,no,[JP][135989001]ちたーふ,45100,55.1,[JP][137746445]ここここきじゅ,25100,5.1,[JP][107121024]ミルモでチー,20700,-19.3,[JP][117826319]びんびんん,9100,-40.9,260721-c8dc1cdf-e8dc-42a2-a94e-cbaee988a96a,
2026-07-21 12:19:01,2026-07-21 12:51:40,no,[JP][117826319]びんびんん,47000,57,[JP][84092681]天縁,30000,10,[JP][103875087]ゆあちゅん、,19200,-20.8,[JP][127685187]yukke_08,3800,-46.2,260721-adf07f67-d836-4913-9331-6857941b3819,
2026-07-21 12:06:44,2026-07-21 13:02:15,no,[JP][137746445]ここここきじゅ,41200,51.2,[JP][103875087]ゆあちゅん、,39300,19.3,[JP][127685187]yukke_08,17700,-22.3,[JP][130636363]龍華。。,1800,-48.2,260721-3bf79481-ba5b-4c71-b731-1647e4e01784,
2026-07-21 10:01:43,2026-07-21 10:57:03,no,[JP][109087630]うさみさ,36000,46,[JP][117826319]びんびんん,29500,9.5,[JP][112646465]苺ですよ,24500,-15.5,[JP][122700559]ひつじ04,10000,-40,260721-bb600b11-4921-482b-b436-89421f53e5de,
2026-07-21 09:43:58,2026-07-21 10:20:57,no,[JP][127685187]yukke_08,51000,61,[JP][108211976]佐鳥乃愛,38900,18.9,[JP][103875087]ゆあちゅん、,36300,-3.7,[JP][137746445]ここここきじゅ,-26200,-76.2,260721-18c7cc27-370e-4efd-bcd2-9c52472a44dc,
2026-07-21 07:45:38,2026-07-21 08:30:48,no,[JP][127500682]めいぴょい,33000,43,[JP][107121024]ミルモでチー,30800,10.8,[JP][137746445]ここここきじゅ,22800,-17.2,[JP][132889350]綴美,13400,-36.6,260721-0fb15d56-e1d7-4174-8013-a8ba836bb8ff,
2026-07-21 06:30:23,2026-07-21 07:14:26,no,[JP][117826319]びんびんん,36200,46.2,[JP][113816715]あるですけど,32000,12,[JP][130636363]龍華。。,24700,-15.3,[JP][127500682]めいぴょい,7100,-42.9,260721-a62ad823-dbbe-4d0f-8253-00f46234f2a8,
2026-07-21 06:00:03,2026-07-21 06:33:31,no,[JP][104870668]けーびぃー,48600,58.6,[JP][109087630]うさみさ,27200,7.2,[JP][99259658]CVココア,19200,-20.8,[JP][112646465]苺ですよ,5000,-45,260721-8eadebdf-3df4-4483-a4e1-14bbfc078ea0,
2026-07-21 04:19:47,2026-07-21 05:14:38,no,[JP][112646465]苺ですよ,43800,53.8,[JP][137746445]ここここきじゅ,31600,11.6,[JP][132889350]綴美,13200,-26.8,[JP][127685187]yukke_08,11400,-38.6,260721-704f0d78-ea00-4a08-8baa-c2046d04d542,
2026-07-21 03:29:36,2026-07-21 04:24:06,no,[JP][127500682]めいぴょい,38600,48.6,[JP][132889350]綴美,27200,7.2,[JP][135562955]【くぅー】,17300,-22.7,[JP][109087630]うさみさ,16900,-33.1,260721-ef7fda4f-4838-4a8e-b397-5fb514e71b4c,
2026-07-21 03:22:35,2026-07-21 03:48:38,no,[JP][135989001]ちたーふ,35600,45.6,[JP][127500682]めいぴょい,30100,10.1,[JP][90337603]酔猫0724,28900,-11.1,[JP][84092681]天縁,5400,-44.6,260721-72f1c60b-756f-4cbe-a0d7-054cda3dd5db,
2026-07-21 03:08:34,2026-07-21 03:58:59,no,[JP][113140034]クロミです,42500,52.5,[JP][137746445]ここここきじゅ,42100,22.1,[JP][127500682]めいぴょい,36000,-4,[JP][121291970]クッション枕,-20600,-70.6,260721-d7ecf856-c390-40f4-8b82-c358687fd7e0,
2026-07-21 02:29:15,2026-07-21 03:16:22,no,[JP][128534146]アラキ,28900,38.9,[JP][107121024]ミルモでチー,27900,7.9,[JP][112646465]苺ですよ,27200,-12.8,[JP][121291970]クッション枕,16000,-34,260721-fe7eb6f4-895b-4049-8b95-d84e63fd4d92,
2026-07-21 01:29:22,2026-07-21 02:17:59,no,[JP][117826319]びんびんん,44800,54.8,[JP][107121024]ミルモでチー,43400,23.4,[JP][121291970]クッション枕,39400,-0.6,[JP][128534146]アラキ,-27600,-77.6,260721-5aaa2067-e2fb-494e-b274-d1e4b4797e68,
2026-07-21 00:13:22,2026-07-21 00:53:09,no,[JP][99489737]閄くん,45900,55.9,[JP][127685187]yukke_08,29200,9.2,[JP][115482438]くぽぼん,24900,-15.1,[JP][113816715]あるですけど,0,-50,260721-4719f5b5-a64b-4c66-baae-9bd741e30658,
2026-07-20 23:31:04,2026-07-21 00:27:53,no,[JP][107121024]ミルモでチー,31900,41.9,[JP][130636363]龍華。。,30200,10.2,[JP][128534146]アラキ,20900,-19.1,[JP][122700559]ひつじ04,17000,-33,260720-8053a938-3d7e-4c73-84d8-b418538b8a6a,
2026-07-20 16:17:20,2026-07-20 16:58:37,no,[JP][104870668]けーびぃー,49800,59.8,[JP][117826319]びんびんん,38900,18.9,[JP][121291970]クッション枕,16300,-23.7,[JP][127685187]yukke_08,-5000,-55,260720-7f1b392f-24a4-4e52-9280-fe2f6bd4845f,
2026-07-20 15:48:42,2026-07-20 16:44:33,no,[JP][112646465]苺ですよ,33800,43.8,[JP][128534146]アラキ,32200,12.2,[JP][117826319]びんびんん,30800,-9.2,[JP][130636363]龍華。。,3200,-46.8,260720-8b40a645-4047-458e-90d8-d9ecf2067894,
2026-07-20 12:44:56,2026-07-20 13:34:14,no,[JP][128142273]ーはまちー,39000,49,[JP][122700559]ひつじ04,32300,12.3,[JP][127685187]yukke_08,21900,-18.1,[JP][136949124]シャルにゃん,6800,-43.2,260720-61548cd6-3424-41c2-9143-868e463d5933,
2026-07-20 12:20:58,2026-07-20 12:52:11,no,[JP][90337603]酔猫0724,40100,50.1,[JP][121291970]クッション枕,37100,17.1,[JP][115482438]くぽぼん,31400,-8.6,[JP][127500682]めいぴょい,-8600,-58.6,260720-d8866853-88fd-4efd-8919-36d819086cd1,
2026-07-20 11:13:53,2026-07-20 11:50:45,no,[JP][117826319]びんびんん,37400,47.4,[JP][99259658]CVココア,21800,1.8,[JP][135093176]ちゅんたくや,21400,-18.6,[JP][132889350]綴美,19400,-30.6,260720-eea9dd5b-b3c2-4a32-a96f-cb93835c599e,
2026-07-20 11:03:27,2026-07-20 12:02:15,no,[JP][117826319]びんびんん,34800,44.8,[JP][135093176]ちゅんたくや,32900,12.9,[JP][90337603]酔猫0724,25600,-14.4,[JP][97781556]西待,6700,-43.3,260720-19767a71-2afe-4bf6-8d28-90bd5e1e9369,
2026-07-20 08:31:54,2026-07-20 09:25:54,no,[JP][137746445]ここここきじゅ,40000,50,[JP][132889350]綴美,37100,17.1,[JP][128534146]アラキ,31000,-9,[JP][107121024]ミルモでチー,-8100,-58.1,260720-4d18464f-f6c5-4afd-b7e2-6df6ed2323bb,
2026-07-20 08:19:40,2026-07-20 08:46:04,no,[JP][107121024]ミルモでチー,38000,48,[JP][110084301]かんんちゃ,24300,4.3,[JP][117826319]びんびんん,19000,-21,[JP][112646465]苺ですよ,18700,-31.3,260720-4539207e-a77f-400c-a5ae-db9024fbe5bb,
2026-07-20 07:29:07,2026-07-20 07:58:55,no,[JP][128534146]アラキ,51700,61.7,[JP][112646465]苺ですよ,37200,17.2,[JP][107121024]ミルモでチー,30800,-9.2,[JP][127685187]yukke_08,-19700,-69.7,260720-890640b0-0799-4b6b-962a-4cb824821cbe,
2026-07-20 07:12:48,2026-07-20 08:02:10,no,[JP][107121024]ミルモでチー,34900,44.9,[JP][127500682]めいぴょい,28600,8.6,[JP][132889350]綴美,21700,-18.3,[JP][137746445]ここここきじゅ,14800,-35.2,260720-c3d7f02a-c182-4439-b47c-5027cf9c4f4c,
2026-07-20 04:32:50,2026-07-20 05:09:50,no,[JP][128534146]アラキ,39200,49.2,[JP][103473217]ねこぜ7272,28500,8.5,[JP][121291970]クッション枕,20500,-19.5,[JP][84092681]天縁,11800,-38.2,260720-da61d82c-385f-46dd-869e-da47bd431220,
2026-07-20 00:17:20,2026-07-20 00:43:03,no,[JP][135093176]ちゅんたくや,35600,45.6,[JP][127500682]めいぴょい,33700,13.7,[JP][103875087]ゆあちゅん、,24800,-15.2,[JP][99259658]CVココア,5900,-44.1,260720-1511aca9-bd6d-48e7-8041-847d2cde0cc6,
2026-07-19 22:31:43,2026-07-19 22:54:10,no,[JP][137746445]ここここきじゅ,61900,71.9,[JP][128142273]ーはまちー,32300,12.3,[JP][121291970]クッション枕,24900,-15.1,[JP][103473217]ねこぜ7272,-19100,-69.1,260719-2efb9f76-9e01-4b75-b6b9-2647eef78134,
2026-07-19 22:11:08,2026-07-19 23:06:41,no,[JP][132889350]綴美,42300,52.3,[JP][113140034]クロミです,32100,12.1,[JP][137746445]ここここきじゅ,16300,-23.7,[JP][107121024]ミルモでチー,9300,-40.7,260719-2873e449-9113-4ce8-8900-ca6ba22d88fa,
2026-07-19 22:06:50,2026-07-19 22:55:48,no,[JP][122700559]ひつじ04,56500,66.5,[JP][117826319]びんびんん,25300,5.3,[JP][109087630]うさみさ,23900,-16.1,[JP][103875087]ゆあちゅん、,-5700,-55.7,260719-35368ed7-29f1-4ccf-8929-002f809da474,
2026-07-19 21:51:39,2026-07-19 22:14:03,no,[JP][104870668]けーびぃー,40600,50.6,[JP][84158849]しゅんんたろう,26300,6.3,[JP][117826319]びんびんん,20600,-19.4,[JP][132889350]綴美,12500,-37.5,260719-7fe8dc9d-6c49-48f8-a0dd-ce5f5da50f71,
2026-07-19 21:27:18,2026-07-19 22:11:21,no,[JP][122700559]ひつじ04,50800,60.8,[JP][127500682]めいぴょい,45400,25.4,[JP][132889350]綴美,27200,-12.8,[JP][117826319]びんびんん,-23400,-73.4,260719-05027e3c-c600-4a77-9126-f734b7e40d05,
2026-07-19 18:23:32,2026-07-19 19:05:37,no,[JP][127685187]yukke_08,38200,48.2,[JP][121291970]クッション枕,27000,7,[JP][107121024]ミルモでチー,18300,-21.7,[JP][127500682]めいぴょい,16500,-33.5,260719-1346e7c4-d665-46ab-8554-63ff300120e8,
2026-07-19 15:04:09,2026-07-19 15:50:34,no,[JP][141442184]パラセクト。,58700,68.7,[JP][107121024]ミルモでチー,40200,20.2,[JP][108211976]佐鳥乃愛,27000,-13,[JP][127685187]yukke_08,-25900,-75.9,260719-faff5b39-a791-4678-bec3-4a6aa0b246f1,
2026-07-19 14:30:46,2026-07-19 15:09:31,no,[JP][132889350]綴美,50400,60.4,[JP][128142273]ーはまちー,25400,5.4,[JP][135989001]ちたーふ,20600,-19.4,[JP][107121024]ミルモでチー,3600,-46.4,260719-1f662752-a2fb-465f-98f7-c7d9928d1afd,
2026-07-19 13:31:53,2026-07-19 14:16:27,no,[JP][128534146]アラキ,50100,60.1,[JP][121573512]wot毒舌妹bot,19700,-0.3,[JP][136130265]てすと雀士,18000,-22,[JP][107121024]ミルモでチー,12200,-37.8,260719-f9d7e817-1d22-4af5-8fa5-bea52ee8d631,
2026-07-19 12:55:58,2026-07-19 13:40:17,no,[JP][132889350]綴美,30700,40.7,[JP][117826319]びんびんん,27000,7,[JP][104870668]けーびぃー,22000,-18,[JP][97781556]西待,20300,-29.7,260719-455cd0a9-256c-4187-8f3c-06ef07f6bec5,
2026-07-19 09:42:22,2026-07-19 10:24:36,no,[JP][104870668]けーびぃー,30200,40.2,[JP][130636363]龍華。。,27900,7.9,[JP][132889350]綴美,26900,-13.1,[JP][135093176]ちゅんたくや,15000,-35,260719-003c4007-2040-41ad-b572-4f8e7fbaad96,
2026-07-19 05:42:28,2026-07-19 06:39:03,no,[JP][122700559]ひつじ04,47300,57.3,[JP][135093176]ちゅんたくや,30900,10.9,[JP][109087630]うさみさ,20000,-20,[JP][121291970]クッション枕,1800,-48.2,260719-64ea3223-c50d-48c9-8e50-ebb3e38f5b3d,
2026-07-19 05:36:33,2026-07-19 06:30:46,no,[JP][135562955]【くぅー】,36400,46.4,[JP][108211976]佐鳥乃愛,26800,6.8,[JP][136130265]てすと雀士,20300,-19.7,[JP][103875087]ゆあちゅん、,16500,-33.5,260719-a0c7873f-a0c3-4843-a08d-324b1665e139,
2026-07-19 04:09:30,2026-07-19 04:57:36,no,[JP][137746445]ここここきじゅ,44200,54.2,[JP][117826319]びんびんん,25400,5.4,[JP][103875087]ゆあちゅん、,16600,-23.4,[JP][103473217]ねこぜ7272,13800,-36.2,260719-5ea25260-ed54-40b2-899b-74214d1b6158,
2026-07-19 03:30:06,2026-07-19 04:22:50,no,[JP][122700559]ひつじ04,33700,43.7,[JP][121291970]クッション枕,29400,9.4,[JP][127500682]めいぴょい,29300,-10.7,[JP][127685187]yukke_08,7600,-42.4,260719-cb273ece-159a-4598-b8e7-4fd1d25448cf,
2026-07-19 03:09:52,2026-07-19 04:00:25,no,[JP][83747017]わにさんの涙,51000,61,[JP][135093176]ちゅんたくや,41900,21.9,[JP][127685187]yukke_08,17400,-22.6,[JP][132889350]綴美,-10300,-60.3,260719-3bbf92b1-b525-4de4-bc82-83ab1d12d292,
2026-07-19 02:23:23,2026-07-19 03:16:52,no,[JP][121573512]wot毒舌妹bot,34000,44,[JP][127685187]yukke_08,33900,13.9,[JP][117826319]びんびんん,20100,-19.9,[JP][127500682]めいぴょい,12000,-38,260719-56e0ca5b-bd0b-4337-b41b-09ca0be183d4,
2026-07-19 01:34:13,2026-07-19 02:23:38,no,[JP][127685187]yukke_08,45400,55.4,[JP][141442184]パラセクト。,28900,8.9,[JP][130636363]龍華。。,23500,-16.5,[JP][137746445]ここここきじゅ,2200,-47.8,260719-4010b48f-d196-40b7-a3d9-55ff59bbb91c,
2026-07-19 01:23:31,2026-07-19 02:10:47,no,[JP][122700559]ひつじ04,40400,50.4,[JP][103136012]ルート12345,33600,13.6,[JP][143266822]たむちゃん茶,26300,-13.7,[JP][132889350]綴美,-300,-50.3,260719-7f345d7b-ae5a-4007-9d8c-77b769fdf376,
2026-07-18 21:24:16,2026-07-18 21:59:13,no,[JP][128142273]ーはまちー,39700,49.7,[JP][107121024]ミルモでチー,29700,9.7,[JP][137746445]ここここきじゅ,16000,-24,[JP][86425605]suzuken3,14600,-35.4,260718-8d7389e0-0899-4929-9ce5-c25e883787f2,
2026-07-18 21:03:55,2026-07-18 21:57:07,no,[JP][117795009]sakura20,42500,52.5,[JP][128142273]ーはまちー,40800,20.8,[JP][117826319]びんびんん,31800,-8.2,[JP][112646465]苺ですよ,-15100,-65.1,260718-2c984c0f-0832-4466-af74-c3d575d53264,
2026-07-18 17:57:32,2026-07-18 18:50:09,no,[JP][113816715]あるですけど,36000,46,[JP][104870668]けーびぃー,27300,7.3,[JP][122700559]ひつじ04,20400,-19.6,[JP][141442184]パラセクト。,16300,-33.7,260718-9cc820d8-f397-478c-a58c-22ce1c208e82,
2026-07-18 17:36:02,2026-07-18 18:00:02,no,[JP][125680458]クタビレタケ,38000,48,[JP][97781556]西待,36900,16.9,[JP][140986564]ミラージュ梅,31900,-8.1,[JP][99489737]閄くん,-6800,-56.8,260718-e9780858-6f8b-4482-88c1-05851df079f4,
2026-07-18 13:13:36,2026-07-18 13:39:49,no,[JP][113816715]あるですけど,41500,51.5,[JP][99259658]CVココア,21800,1.8,[JP][104870668]けーびぃー,19500,-20.5,[JP][137746445]ここここきじゅ,17200,-32.8,260718-00c5a563-c564-4c4d-91d1-3be4eadf2a98,
2026-07-18 13:07:49,2026-07-18 13:57:18,no,[JP][117826319]びんびんん,30600,40.6,[JP][132889350]綴美,30000,10,[JP][135989001]ちたーふ,25600,-14.4,[JP][141362566]まー29,13800,-36.2,260718-4a1122ef-d468-4106-8b52-7a3a1e19a8e9,
2026-07-18 13:01:17,2026-07-18 13:45:02,no,[JP][137746445]ここここきじゅ,48300,58.3,[JP][107121024]ミルモでチー,35800,15.8,[JP][143266822]たむちゃん茶,33800,-6.2,[JP][127500682]めいぴょい,-17900,-67.9,260718-10640663-fe1b-4abd-a5b5-6a99f3f58dfe,
2026-07-18 12:45:12,2026-07-18 13:42:01,no,[JP][107121024]ミルモでチー,53600,63.6,[JP][143266822]たむちゃん茶,38000,18,[JP][104870668]けーびぃー,28700,-11.3,[JP][127500682]めいぴょい,-20300,-70.3,260718-6b1862c3-9c61-45f6-82d3-2e721e4f8f13,
2026-07-18 08:02:46,2026-07-18 08:52:25,no,[JP][137746445]ここここきじゅ,41400,51.4,[JP][107121024]ミルモでチー,27100,7.1,[JP][130636363]龍華。。,19600,-20.4,[JP][122700559]ひつじ04,11900,-38.1,260718-c76373da-8da0-48e7-a45c-35c891de5710,
2026-07-18 06:40:59,2026-07-18 07:06:00,no,[JP][103875087]ゆあちゅん、,46400,56.4,[JP][117826319]びんびんん,28200,8.2,[JP][121291970]クッション枕,26300,-13.7,[JP][127500682]めいぴょい,-900,-50.9,260718-224d268d-e8a7-45ab-af16-88b3492976f0,
2026-07-18 06:05:55,2026-07-18 06:38:34,no,[JP][117826319]びんびんん,39100,49.1,[JP][128534146]アラキ,35300,15.3,[JP][127685187]yukke_08,20600,-19.4,[JP][121291970]クッション枕,5000,-45,260718-b373703a-80ad-4101-9516-56bfefeae6d5,
2026-07-18 05:33:12,2026-07-18 06:14:59,no,[JP][121573512]wot毒舌妹bot,46900,56.9,[JP][135989001]ちたーふ,40900,20.9,[JP][104870668]けーびぃー,30700,-9.3,[JP][137746445]ここここきじゅ,-18500,-68.5,260718-4d6a1ec6-12ad-40d9-82cc-24b528e6a8aa,
2026-07-18 05:24:47,2026-07-18 05:57:05,no,[JP][121291970]クッション枕,40700,50.7,[JP][128534146]アラキ,21300,1.3,[JP][122700559]ひつじ04,19900,-20.1,[JP][143266822]たむちゃん茶,18100,-31.9,260718-d9e1c4a2-b00a-4a2a-a12d-0a0d7529d5ec,
2026-07-18 04:35:44,2026-07-18 05:33:50,no,[JP][135989001]ちたーふ,41100,51.1,[JP][107121024]ミルモでチー,31600,11.6,[JP][137746445]ここここきじゅ,27300,-12.7,[JP][127685187]yukke_08,0,-50,260718-f9c272ee-5794-4674-ba5d-f96a5bd62ff8,
2026-07-18 04:29:56,2026-07-18 04:53:22,no,[JP][117826319]びんびんん,41900,51.9,[JP][127685187]yukke_08,28000,8,[JP][137746445]ここここきじゅ,16500,-23.5,[JP][107121024]ミルモでチー,13600,-36.4,260718-0f854b78-b842-41a6-bbb3-9f40f07b9787,
2026-07-18 04:03:44,2026-07-18 04:57:26,no,[JP][143266822]たむちゃん茶,48600,58.6,[JP][113816715]あるですけど,41400,21.4,[JP][132889350]綴美,5800,-34.2,[JP][136949124]シャルにゃん,4200,-45.8,260718-0682ba59-29ea-4224-9baf-92ccf19828b5,
2026-07-18 00:55:35,2026-07-18 01:27:11,no,[JP][117826319]びんびんん,49000,59,[JP][97781556]西待,33900,13.9,[JP][132889350]綴美,22500,-17.5,[JP][127685187]yukke_08,-5400,-55.4,260718-c253d29c-7360-4492-8f43-903de3e1c8c2,
2026-07-18 00:02:56,2026-07-18 00:30:13,no,[JP][130636363]龍華。。,36200,46.2,[JP][113140034]クロミです,33600,13.6,[JP][132889350]綴美,15500,-24.5,[JP][115482438]くぽぼん,14700,-35.3,260718-4a010d3f-c68b-4021-8445-373e06340cc2,
2026-07-17 23:49:39,2026-07-18 00:14:05,no,[JP][117826319]びんびんん,41400,51.4,[JP][113816715]あるですけど,23300,3.3,[JP][125680458]クタビレタケ,18800,-21.2,[JP][122700559]ひつじ04,16500,-33.5,260717-1f320277-f760-44b4-a1dd-cb436e294ff6,
2026-07-17 22:17:18,2026-07-17 23:12:12,no,[JP][137746445]ここここきじゅ,40400,50.4,[JP][128534146]アラキ,34400,14.4,[JP][116517186]ぞじまーじゃん,15700,-24.3,[JP][99489737]閄くん,9500,-40.5,260717-5956c231-077c-4162-a691-72da9d149343,
2026-07-17 20:43:04,2026-07-17 21:07:48,no,[JP][135989001]ちたーふ,33700,43.7,[JP][103875087]ゆあちゅん、,27800,7.8,[JP][136949124]シャルにゃん,25000,-15,[JP][127500682]めいぴょい,13500,-36.5,260717-629e830c-213a-4c22-8dc7-0253d5dc8729,
2026-07-17 20:27:03,2026-07-17 20:49:43,no,[JP][107121024]ミルモでチー,51700,61.7,[JP][137746445]ここここきじゅ,43100,23.1,[JP][103136012]ルート12345,24600,-15.4,[JP][109087630]うさみさ,-19400,-69.4,260717-5e87c9fe-2cd9-4c4d-a6b9-6f689fa689e8,
2026-07-17 19:47:18,2026-07-17 20:13:59,no,[JP][113816715]あるですけど,42600,52.6,[JP][107121024]ミルモでチー,37700,17.7,[JP][127500682]めいぴょい,31400,-8.6,[JP][85657666]tsuna_san,-11700,-61.7,260717-da410775-ed7f-4746-a3c7-9d9623d4c603,
2026-07-17 17:08:24,2026-07-17 17:39:40,no,[JP][137746445]ここここきじゅ,27500,37.5,[JP][135989001]ちたーふ,25700,5.7,[JP][143266822]たむちゃん茶,24900,-15.1,[JP][132889350]綴美,21900,-28.1,260717-73911fe6-c8f2-47aa-a1df-1550f749990f,
2026-07-17 16:56:42,2026-07-17 17:45:07,no,[JP][117826319]びんびんん,33500,43.5,[JP][107121024]ミルモでチー,29700,9.7,[JP][137746445]ここここきじゅ,28500,-11.5,[JP][135093176]ちゅんたくや,8300,-41.7,260717-d16ed8cb-b20b-4804-bdcb-75c9d3871f0a,
2026-07-17 15:09:18,2026-07-17 15:56:53,no,[JP][107121024]ミルモでチー,43700,53.7,[JP][117826319]びんびんん,30800,10.8,[JP][121291970]クッション枕,23000,-17,[JP][137746445]ここここきじゅ,2500,-47.5,260717-6884a107-500e-4fec-8f44-9e5900ccf404,
2026-07-17 14:35:21,2026-07-17 15:09:06,no,[JP][132889350]綴美,54300,64.3,[JP][99489737]閄くん,27000,7,[JP][130636363]龍華。。,19700,-20.3,[JP][140986564]ミラージュ梅,-1000,-51,260717-590bf74a-c967-4cfb-8b30-0b61dd12abb3,
2026-07-17 14:23:56,2026-07-17 15:22:09,no,[JP][117826319]びんびんん,32400,42.4,[JP][136130265]てすと雀士,28500,8.5,[JP][130636363]龍華。。,28100,-11.9,[JP][143266822]たむちゃん茶,11000,-39,260717-2dadec44-db6e-462d-b92a-2ef5e4dc4e92,
2026-07-17 12:40:42,2026-07-17 13:25:58,no,[JP][127685187]yukke_08,30800,40.8,[JP][135989001]ちたーふ,27000,7,[JP][132889350]綴美,22400,-17.6,[JP][117826319]びんびんん,19800,-30.2,260717-b42f7796-66b0-472e-8fd0-90b71cb84528,
2026-07-17 11:21:19,2026-07-17 11:58:47,no,[JP][122700559]ひつじ04,32100,42.1,[JP][113140034]クロミです,25500,5.5,[JP][110084301]かんんちゃ,23500,-16.5,[JP][83747017]わにさんの涙,18900,-31.1,260717-7dc8165d-bcaa-41a8-9590-4185e87fc56c,
2026-07-17 10:31:36,2026-07-17 11:15:52,no,[JP][86936271]nsnsnsn,64300,74.3,[JP][103473217]ねこぜ7272,32200,12.2,[JP][108807125]リーチ侍,30300,-9.7,[JP][143266822]たむちゃん茶,-26800,-76.8,260717-3691cfa6-1219-4190-b770-365aa687ff65,
2026-07-17 09:50:19,2026-07-17 10:24:48,no,[JP][130636363]龍華。。,29700,39.7,[JP][101672072]きょーか8,25800,5.8,[JP][98640564]ono101,24100,-15.9,[JP][128142273]ーはまちー,20400,-29.6,260717-d035a3bb-6b38-4ad3-ba70-b92dc8ee4c41,
2026-07-17 09:37:12,2026-07-17 10:27:05,no,[JP][130636363]龍華。。,33800,43.8,[JP][127685187]yukke_08,29500,9.5,[JP][135562955]【くぅー】,18600,-21.4,[JP][103875087]ゆあちゅん、,18100,-31.9,260717-00521d27-7adc-4f53-a7ee-f6d94a0fb91a,
2026-07-17 08:51:25,2026-07-17 09:33:03,no,[JP][117826319]びんびんん,39200,49.2,[JP][112646465]苺ですよ,27000,7,[JP][132889350]綴美,26700,-13.3,[JP][115482438]くぽぼん,7100,-42.9,260717-7595f3d9-cf69-4411-a5fb-d1c02b793130,
2026-07-17 05:55:33,2026-07-17 06:20:33,no,[JP][117826319]びんびんん,64700,74.7,[JP][137746445]ここここきじゅ,36100,16.1,[JP][123842955]アヤコぽん,18200,-21.8,[JP][127685187]yukke_08,-19000,-69,260717-439f5d40-8597-42cf-833b-7ab7d5e9124d,
2026-07-17 05:32:06,2026-07-17 05:59:43,no,[JP][135989001]ちたーふ,42300,52.3,[JP][122700559]ひつじ04,29700,9.7,[JP][137746445]ここここきじゅ,14700,-25.3,[JP][117826319]びんびんん,13300,-36.7,260717-9c679998-5fe7-442e-aa9a-3c0fc006b075,
2026-07-17 04:42:08,2026-07-17 05:13:04,no,[JP][127685187]yukke_08,36700,46.7,[JP][121573512]wot毒舌妹bot,35700,15.7,[JP][127500682]めいぴょい,35300,-4.7,[JP][117826319]びんびんん,-7700,-57.7,260717-fe84c219-3899-4d80-9850-6692f4154f43,
2026-07-17 04:03:01,2026-07-17 05:00:00,no,[JP][113816715]あるですけど,39800,49.8,[JP][122700559]ひつじ04,26700,6.7,[JP][107121024]ミルモでチー,26400,-13.6,[JP][127500682]めいぴょい,7100,-42.9,260717-de782b41-92c0-4f51-aa9e-ec66ada4de46,
2026-07-17 03:04:50,2026-07-17 03:32:59,no,[JP][135093176]ちゅんたくや,35500,45.5,[JP][107121024]ミルモでチー,28700,8.7,[JP][109087630]うさみさ,26500,-13.5,[JP][127685187]yukke_08,9300,-40.7,260717-b1141e7c-7be0-46b7-9487-4507e769a121,
2026-07-17 01:11:31,2026-07-17 01:50:24,no,[JP][103875087]ゆあちゅん、,38000,48,[JP][140986564]ミラージュ梅,31900,11.9,[JP][121291970]クッション枕,27200,-12.8,[JP][127685187]yukke_08,2900,-47.1,260717-b3c13c14-1e6a-449e-8e5f-ad28e1c6c968,
2026-07-16 21:50:06,2026-07-16 22:32:17,no,[JP][135093176]ちゅんたくや,43700,53.7,[JP][141442184]パラセクト。,38700,18.7,[JP][127500682]めいぴょい,31000,-9,[JP][137746445]ここここきじゅ,-13400,-63.4,260716-b0759fd4-7669-4f1b-9d65-a3251f687f6a,
2026-07-16 17:29:55,2026-07-16 18:22:51,no,[JP][128534146]アラキ,38000,48,[JP][103875087]ゆあちゅん、,26500,6.5,[JP][86425605]suzuken3,19500,-20.5,[JP][135989001]ちたーふ,16000,-34,260716-e8e9e51f-a857-4d97-902d-ecd179737c21,
2026-07-16 16:43:48,2026-07-16 17:16:19,no,[JP][132889350]綴美,39500,49.5,[JP][109087630]うさみさ,35100,15.1,[JP][117826319]びんびんん,21800,-18.2,[JP][137746445]ここここきじゅ,3600,-46.4,260716-c0449a3e-af99-479c-80e1-e110f6fcab34,
2026-07-16 15:44:58,2026-07-16 16:35:18,no,[JP][128534146]アラキ,30100,40.1,[JP][132889350]綴美,29500,9.5,[JP][117826319]びんびんん,28400,-11.6,[JP][137746445]ここここきじゅ,12000,-38,260716-7d3f746e-f68f-4400-b80a-6571285240ce,
2026-07-16 14:33:55,2026-07-16 15:04:09,no,[JP][117826319]びんびんん,70500,80.5,[JP][84092681]天縁,15400,-4.6,[JP][121291970]クッション枕,11100,-28.9,[JP][107121024]ミルモでチー,3000,-47,260716-fb9d9fe1-36c7-4706-ba86-7e995b970e7b,
2026-07-16 13:12:21,2026-07-16 13:34:42,no,[JP][135989001]ちたーふ,34900,44.9,[JP][108211976]佐鳥乃愛,28700,8.7,[JP][107121024]ミルモでチー,24100,-15.9,[JP][86425605]suzuken3,12300,-37.7,260716-a03e6189-a93b-4724-8fd3-3b607877c0c5,
2026-07-16 12:34:36,2026-07-16 13:20:45,no,[JP][122700559]ひつじ04,51600,61.6,[JP][127500682]めいぴょい,25300,5.3,[JP][84092681]天縁,12900,-27.1,[JP][132889350]綴美,10200,-39.8,260716-de048298-6120-415c-b970-e99c45d28352,
2026-07-16 11:26:07,2026-07-16 12:08:41,no,[JP][121573512]wot毒舌妹bot,40300,50.3,[JP][107121024]ミルモでチー,22000,2,[JP][135989001]ちたーふ,18900,-21.1,[JP][128534146]アラキ,18800,-31.2,260716-84ad5deb-a3ff-4463-aead-ec180f945247,
2026-07-16 10:46:47,2026-07-16 11:26:46,no,[JP][132889350]綴美,34700,44.7,[JP][117826319]びんびんん,31300,11.3,[JP][127685187]yukke_08,19000,-21,[JP][84158849]しゅんんたろう,15000,-35,260716-d428c594-3798-42d5-8997-3c5eebd5fafb,
2026-07-16 08:40:19,2026-07-16 09:09:44,no,[JP][83747017]わにさんの涙,31000,41,[JP][121291970]クッション枕,28500,8.5,[JP][137746445]ここここきじゅ,23800,-16.2,[JP][109087630]うさみさ,16700,-33.3,260716-11eb6b61-e514-4338-86ff-6160295f6539,
2026-07-16 08:17:43,2026-07-16 08:46:45,no,[JP][136949124]シャルにゃん,39200,49.2,[JP][117826319]びんびんん,35300,15.3,[JP][86936271]nsnsnsn,28900,-11.1,[JP][127685187]yukke_08,-3400,-53.4,260716-b757dff5-7221-4587-91ed-fd2805b4c1eb,
2026-07-16 06:19:49,2026-07-16 07:15:40,no,[JP][107121024]ミルモでチー,36000,46,[JP][136130265]てすと雀士,26000,6,[JP][128534146]アラキ,24700,-15.3,[JP][117826319]びんびんん,13300,-36.7,260716-f9b43ff0-ee50-44c6-b192-517fbe1b009f,
2026-07-16 05:20:57,2026-07-16 06:04:38,no,[JP][136949124]シャルにゃん,51400,61.4,[JP][128534146]アラキ,29900,9.9,[JP][141442184]パラセクト。,29600,-10.4,[JP][103473217]ねこぜ7272,-10900,-60.9,260716-e74d8a8d-2c02-49d7-8ccb-a6d5a8306f02,
2026-07-16 05:12:16,2026-07-16 05:37:33,no,[JP][127500682]めいぴょい,34200,44.2,[JP][127685187]yukke_08,24400,4.4,[JP][126824842]神田宰,23600,-16.4,[JP][103473217]ねこぜ7272,17800,-32.2,260716-5cd151ac-655f-4b2c-8f9f-45791993b075,
2026-07-16 04:17:19,2026-07-16 04:46:54,no,[JP][127685187]yukke_08,47300,57.3,[JP][132889350]綴美,42900,22.9,[JP][136949124]シャルにゃん,24900,-15.1,[JP][104870668]けーびぃー,-15100,-65.1,260716-c4bbcf75-ba58-4003-baf6-37f4ab5b2d18,
2026-07-16 03:51:50,2026-07-16 04:36:16,no,[JP][121291970]クッション枕,48200,58.2,[JP][117826319]びんびんん,26400,6.4,[JP][107121024]ミルモでチー,21600,-18.4,[JP][122700559]ひつじ04,3800,-46.2,260716-8aafb9d9-aaa7-41f9-bd11-c30a974a924a,
2026-07-16 00:11:17,2026-07-16 00:49:11,no,[JP][130636363]龍華。。,32600,42.6,[JP][128534146]アラキ,26000,6,[JP][98640564]ono101,25000,-15,[JP][113816715]あるですけど,16400,-33.6,260716-26df2579-853a-414b-9c3d-8d3f6136ed97,
2026-07-15 21:45:18,2026-07-15 22:34:35,no,[JP][121291970]クッション枕,44600,54.6,[JP][123842955]アヤコぽん,41700,21.7,[JP][122700559]ひつじ04,18200,-21.8,[JP][103875087]ゆあちゅん、,-4500,-54.5,260715-b21d82a4-3085-4b4a-b2f8-89007d42cc70,
2026-07-15 16:47:07,2026-07-15 17:28:01,no,[JP][107121024]ミルモでチー,32700,42.7,[JP][117826319]びんびんん,28000,8,[JP][121291970]クッション枕,21500,-18.5,[JP][130636363]龍華。。,17800,-32.2,260715-92dfc7ab-b90a-4c18-9561-d509f2b8e5fe,
2026-07-15 16:27:16,2026-07-15 16:51:03,no,[JP][90337603]酔猫0724,42800,52.8,[JP][117826319]びんびんん,41100,21.1,[JP][130636363]龍華。。,16100,-23.9,[JP][137746445]ここここきじゅ,0,-50,260715-d35a0753-07bd-45a6-b66b-c3932f730d0e,
2026-07-15 15:39:37,2026-07-15 16:21:22,no,[JP][135562955]【くぅー】,53700,63.7,[JP][127685187]yukke_08,37700,17.7,[JP][132889350]綴美,30900,-9.1,[JP][126824842]神田宰,-22300,-72.3,260715-b7e2bf78-cf96-4c12-a829-256d2f90b00f,
2026-07-15 09:25:40,2026-07-15 10:04:31,no,[JP][127685187]yukke_08,34800,44.8,[JP][101672072]きょーか8,29500,9.5,[JP][107121024]ミルモでチー,28300,-11.7,[JP][109087630]うさみさ,7400,-42.6,260715-de54f898-1fe8-470e-ad00-d2e936c2cbcc,
2026-07-15 09:07:40,2026-07-15 09:47:56,no,[JP][135989001]ちたーふ,57400,67.4,[JP][122700559]ひつじ04,31800,11.8,[JP][136949124]シャルにゃん,21200,-18.8,[JP][103875087]ゆあちゅん、,-10400,-60.4,260715-e168f5dc-576b-48c5-8c70-48f99c9a61d0,
2026-07-15 08:18:39,2026-07-15 08:41:34,no,[JP][137746445]ここここきじゅ,40700,50.7,[JP][135989001]ちたーふ,24500,4.5,[JP][127685187]yukke_08,19100,-20.9,[JP][98736692]hinawari2026,15700,-34.3,260715-a84d61bd-2352-4477-9d15-26f8613e67b4,
2026-07-15 07:44:32,2026-07-15 08:08:15,no,[JP][121291970]クッション枕,42300,52.3,[JP][127685187]yukke_08,26000,6,[JP][132385032]富士丸ラーメン,24300,-15.7,[JP][117826319]びんびんん,7400,-42.6,260715-bcc2cf8d-77ac-40ee-9e43-da4fcbca4b04,
2026-07-15 07:04:54,2026-07-15 07:38:17,no,[JP][122700559]ひつじ04,47300,57.3,[JP][132889350]綴美,23600,3.6,[JP][104870668]けーびぃー,14700,-25.3,[JP][110084301]かんんちゃ,14400,-35.6,260715-39b1e43b-675d-463e-b04f-2392b405d784,
2026-07-15 01:11:30,2026-07-15 01:50:57,no,[JP][103875087]ゆあちゅん、,53500,63.5,[JP][117826319]びんびんん,29300,9.3,[JP][128534146]アラキ,12400,-27.6,[JP][121291970]クッション枕,4800,-45.2,260715-639bad4a-b077-44b7-9ac4-4283e45a1d5c,
2026-07-15 00:42:42,2026-07-15 01:34:26,no,[JP][107121024]ミルモでチー,58200,68.2,[JP][116517186]ぞじまーじゃん,35500,15.5,[JP][108807125]リーチ侍,19200,-20.8,[JP][112646465]苺ですよ,-12900,-62.9,260715-5a802c4d-0e62-4ffc-850f-0b0f870ca1ea,
2026-07-14 23:57:46,2026-07-15 00:48:14,no,[JP][127500682]めいぴょい,31900,41.9,[JP][127685187]yukke_08,25900,5.9,[JP][122700559]ひつじ04,24300,-15.7,[JP][117826319]びんびんん,17900,-32.1,260714-41a45131-4056-4880-b603-6c622476889a,
2026-07-14 21:20:18,2026-07-14 21:50:46,no,[JP][122700559]ひつじ04,50100,60.1,[JP][103875087]ゆあちゅん、,36200,16.2,[JP][127500682]めいぴょい,11300,-28.7,[JP][86936271]nsnsnsn,2400,-47.6,260714-d7aef16c-6c74-480f-a761-ed0c43e554e7,
2026-07-14 21:05:57,2026-07-14 21:46:32,no,[JP][135989001]ちたーふ,49000,59,[JP][107121024]ミルモでチー,30700,10.7,[JP][121291970]クッション枕,27900,-12.1,[JP][104870668]けーびぃー,-7600,-57.6,260714-3b47e57c-cf00-4a7a-964b-de6b68053d08,
2026-07-14 16:45:01,2026-07-14 17:41:50,no,[JP][137746445]ここここきじゅ,39800,49.8,[JP][135562955]【くぅー】,34700,14.7,[JP][99259658]CVココア,20000,-20,[JP][128534146]アラキ,5500,-44.5,260714-ddd7ce38-4981-4484-83f6-f651629b9019,
2026-07-14 16:00:42,2026-07-14 16:49:04,no,[JP][127685187]yukke_08,37800,47.8,[JP][107121024]ミルモでチー,24500,4.5,[JP][104870668]けーびぃー,20500,-19.5,[JP][127500682]めいぴょい,17200,-32.8,260714-4c2f79be-20e0-4df6-974f-c523897c4c45,
2026-07-14 15:28:28,2026-07-14 16:18:50,no,[JP][121291970]クッション枕,55000,65,[JP][135093176]ちゅんたくや,40300,20.3,[JP][127500682]めいぴょい,29100,-10.9,[JP][112646465]苺ですよ,-24400,-74.4,260714-d25c5893-0a26-4f0c-bc00-2bb1796b14e1,
2026-07-14 15:00:13,2026-07-14 15:44:17,no,[JP][127500682]めいぴょい,35300,45.3,[JP][128534146]アラキ,34700,14.7,[JP][132889350]綴美,17000,-23,[JP][135989001]ちたーふ,13000,-37,260714-492a6634-4180-4cf4-bb42-ed4cece5bb72,
2026-07-14 13:57:04,2026-07-14 14:29:32,no,[JP][128534146]アラキ,33200,43.2,[JP][117826319]びんびんん,25200,5.2,[JP][137746445]ここここきじゅ,24800,-15.2,[JP][99489737]閄くん,16800,-33.2,260714-5d87b93c-6ab3-40ed-9f25-8920e39c5d5d,
2026-07-14 13:42:08,2026-07-14 14:28:39,no,[JP][108211976]佐鳥乃愛,49600,59.6,[JP][127500682]めいぴょい,40400,20.4,[JP][99259658]CVココア,28700,-11.3,[JP][128534146]アラキ,-18700,-68.7,260714-9f884d0f-9e5f-42ee-8874-d1a671834a85,
2026-07-14 13:37:08,2026-07-14 14:34:12,no,[JP][132889350]綴美,47100,57.1,[JP][107121024]ミルモでチー,33400,13.4,[JP][113816715]あるですけど,14300,-25.7,[JP][135989001]ちたーふ,5200,-44.8,260714-edbc8ce3-9756-4006-ae1f-b473aad8c6d9,
2026-07-14 07:43:08,2026-07-14 08:40:22,no,[JP][121573512]wot毒舌妹bot,37900,47.9,[JP][109087630]うさみさ,30800,10.8,[JP][107121024]ミルモでチー,28800,-11.2,[JP][132889350]綴美,2500,-47.5,260714-28cf450e-c0e7-4937-a450-b0791bc0f85a,
2026-07-14 05:19:15,2026-07-14 06:02:56,no,[JP][132889350]綴美,51000,61,[JP][135989001]ちたーふ,22500,2.5,[JP][103875087]ゆあちゅん、,13500,-26.5,[JP][112646465]苺ですよ,13000,-37,260714-6a0fcbc9-596d-46c4-a40b-2d4e148e931f,
2026-07-14 03:14:09,2026-07-14 04:09:49,no,[JP][117826319]びんびんん,32600,42.6,[JP][129679874]ニャンchan彡,29200,9.2,[JP][84092681]天縁,26300,-13.7,[JP][137746445]ここここきじゅ,11900,-38.1,260714-8adf88c1-0a67-48f7-848d-104808940555,
2026-07-14 02:15:52,2026-07-14 02:44:19,no,[JP][137746445]ここここきじゅ,30400,40.4,[JP][103875087]ゆあちゅん、,24200,4.2,[JP][117826319]びんびんん,24100,-15.9,[JP][135093176]ちゅんたくや,21300,-28.7,260714-802d8602-75f2-47b9-8cb4-c9d81a33c7df,
2026-07-14 01:38:17,2026-07-14 02:26:57,no,[JP][112646465]苺ですよ,44600,54.6,[JP][117826319]びんびんん,33000,13,[JP][135989001]ちたーふ,29000,-11,[JP][122700559]ひつじ04,-6600,-56.6,260714-847a4809-c4a0-41e3-8a45-37a2bc75ae0c,
2026-07-14 01:10:17,2026-07-14 01:38:12,no,[JP][117826319]びんびんん,35200,45.2,[JP][135989001]ちたーふ,30100,10.1,[JP][107121024]ミルモでチー,17800,-22.2,[JP][127500682]めいぴょい,16900,-33.1,260714-ac427704-5c66-4db7-9068-b3d13bf1ee80,
2026-07-13 23:52:32,2026-07-14 00:18:49,no,[JP][107121024]ミルモでチー,48600,58.6,[JP][86936271]nsnsnsn,32900,12.9,[JP][115482438]くぽぼん,27000,-13,[JP][117826319]びんびんん,-8500,-58.5,260713-3e87ae8d-c99d-4819-8131-ae788d7d6a52,
2026-07-13 21:57:46,2026-07-13 22:42:58,no,[JP][107121024]ミルモでチー,40400,50.4,[JP][127500682]めいぴょい,34300,14.3,[JP][123842955]アヤコぽん,28700,-11.3,[JP][127685187]yukke_08,-3400,-53.4,260713-c22f0003-4102-4729-9a9c-9a421fb41cf7,
2026-07-13 19:05:50,2026-07-13 19:31:33,no,[JP][109087630]うさみさ,38800,48.8,[JP][135989001]ちたーふ,31200,11.2,[JP][130636363]龍華。。,19100,-20.9,[JP][121291970]クッション枕,10900,-39.1,260713-2ea979bc-43d9-4db5-8f4e-9eae56c58154,
2026-07-13 17:55:57,2026-07-13 18:48:56,no,[JP][135093176]ちゅんたくや,35800,45.8,[JP][130636363]龍華。。,25600,5.6,[JP][137746445]ここここきじゅ,21800,-18.2,[JP][127500682]めいぴょい,16800,-33.2,260713-a8a990c7-aafa-4b60-933b-ffafae08c1e6,
2026-07-13 17:34:00,2026-07-13 18:10:38,no,[JP][107121024]ミルモでチー,35700,45.7,[JP][101672072]きょーか8,35400,15.4,[JP][117795009]sakura20,28000,-12,[JP][137746445]ここここきじゅ,900,-49.1,260713-20dcae3e-d440-454a-8c03-0d94c918c668,
2026-07-13 16:17:23,2026-07-13 17:11:24,no,[JP][103136012]ルート12345,53000,63,[JP][122700559]ひつじ04,31400,11.4,[JP][121291970]クッション枕,30700,-9.3,[JP][101672072]きょーか8,-15100,-65.1,260713-76fd1b2e-2635-48e9-a43e-91f8a6f78db0,
2026-07-13 13:08:20,2026-07-13 13:38:15,no,[JP][135989001]ちたーふ,43300,53.3,[JP][113816715]あるですけど,41700,21.7,[JP][103875087]ゆあちゅん、,11900,-28.1,[JP][115482438]くぽぼん,3100,-46.9,260713-32c3bfec-1bef-443b-ad11-fa2d19772656,
2026-07-13 08:51:17,2026-07-13 09:18:19,no,[JP][127685187]yukke_08,34000,44,[JP][109087630]うさみさ,32200,12.2,[JP][127500682]めいぴょい,29500,-10.5,[JP][104870668]けーびぃー,4300,-45.7,260713-361061ba-86a2-4e61-b63d-a2fbc73bbb13,
2026-07-13 07:19:36,2026-07-13 08:04:19,no,[JP][107121024]ミルモでチー,51100,61.1,[JP][113816715]あるですけど,33900,13.9,[JP][132889350]綴美,9900,-30.1,[JP][127500682]めいぴょい,5100,-44.9,260713-a5260873-f8c8-4799-aa49-e9438bcd4179,
2026-07-13 06:43:03,2026-07-13 07:16:54,no,[JP][107121024]ミルモでチー,44200,54.2,[JP][127685187]yukke_08,25100,5.1,[JP][143266822]たむちゃん茶,16900,-23.1,[JP][137746445]ここここきじゅ,13800,-36.2,260713-2f838ef4-0b93-489b-95dc-7b6671eca458,
2026-07-13 05:12:25,2026-07-13 05:51:32,no,[JP][143266822]たむちゃん茶,30200,40.2,[JP][128142273]ーはまちー,25900,5.9,[JP][122700559]ひつじ04,22800,-17.2,[JP][97781556]西待,21100,-28.9,260713-50ad30a0-a6e0-4e78-910f-36930be6bfc5,
2026-07-13 05:04:27,2026-07-13 05:34:05,no,[JP][117826319]びんびんん,43800,53.8,[JP][127685187]yukke_08,39800,19.8,[JP][121291970]クッション枕,16100,-23.9,[JP][127500682]めいぴょい,300,-49.7,260713-ab5c3fa9-c795-414c-aaaa-f4e1308196b2,
2026-07-13 03:43:23,2026-07-13 04:09:05,no,[JP][83747017]わにさんの涙,43700,53.7,[JP][130636363]龍華。。,29700,9.7,[JP][132889350]綴美,18800,-21.2,[JP][122700559]ひつじ04,7800,-42.2,260713-ffcac376-525b-486b-b2ad-b45206645548,
2026-07-13 03:18:53,2026-07-13 03:47:04,no,[JP][103875087]ゆあちゅん、,38600,48.6,[JP][117826319]びんびんん,27800,7.8,[JP][128534146]アラキ,22200,-17.8,[JP][109087630]うさみさ,11400,-38.6,260713-7983ad3b-9623-45e5-ad8f-8d804504ea7a,
2026-07-13 02:39:14,2026-07-13 03:02:59,no,[JP][86425605]suzuken3,46300,56.3,[JP][103875087]ゆあちゅん、,25500,5.5,[JP][135989001]ちたーふ,14300,-25.7,[JP][127685187]yukke_08,13900,-36.1,260713-620eeba5-da65-4f26-a0ff-45b8b7fe6579,
2026-07-13 02:00:01,2026-07-13 02:36:35,no,[JP][107121024]ミルモでチー,42500,52.5,[JP][122700559]ひつじ04,28700,8.7,[JP][135989001]ちたーふ,19100,-20.9,[JP][127685187]yukke_08,9700,-40.3,260713-3a46e920-d8f8-46ee-9159-e3024e0e5b95,
2026-07-13 01:26:20,2026-07-13 02:07:23,no,[JP][113816715]あるですけど,57500,67.5,[JP][128142273]ーはまちー,15500,-4.5,[JP][112646465]苺ですよ,15200,-24.8,[JP][132889350]綴美,11800,-38.2,260713-bcd6579a-7e6f-4367-b513-3eb367cedb75,
2026-07-13 00:36:47,2026-07-13 01:31:39,no,[JP][122700559]ひつじ04,45800,55.8,[JP][107121024]ミルモでチー,26500,6.5,[JP][121291970]クッション枕,16200,-23.8,[JP][132889350]綴美,11500,-38.5,260713-f8f8658f-23d3-48af-838c-942ef37d46df,
2026-07-13 00:29:27,2026-07-13 01:16:41,no,[JP][117826319]びんびんん,41400,51.4,[JP][103473217]ねこぜ7272,33900,13.9,[JP][128142273]ーはまちー,24900,-15.1,[JP][104870668]けーびぃー,-200,-50.2,260713-b0be54fa-1f42-426b-aa8d-a7be77dda189,
2026-07-12 23:26:03,2026-07-13 00:13:20,no,[JP][113816715]あるですけど,45100,55.1,[JP][132889350]綴美,20700,0.7,[JP][107121024]ミルモでチー,20600,-19.4,[JP][104870668]けーびぃー,13600,-36.4,260712-6a1d139d-2ae2-44bf-8e99-f67c94c6a3f7,
2026-07-12 22:15:44,2026-07-12 22:39:01,no,[JP][121291970]クッション枕,55500,65.5,[JP][103875087]ゆあちゅん、,38100,18.1,[JP][137746445]ここここきじゅ,22900,-17.1,[JP][136130265]てすと雀士,-16500,-66.5,260712-ced0489e-653f-4ed2-bb1f-6cc368b3c248,
2026-07-12 21:25:04,2026-07-12 22:02:36,no,[JP][107121024]ミルモでチー,68100,78.1,[JP][121573512]wot毒舌妹bot,36700,16.7,[JP][115482438]くぽぼん,23000,-17,[JP][137746445]ここここきじゅ,-27800,-77.8,260712-8cd73dff-ba9e-4d2f-b754-6a56db620162,
2026-07-12 18:58:12,2026-07-12 19:53:34,no,[JP][132889350]綴美,46700,56.7,[JP][90337603]酔猫0724,39300,19.3,[JP][121291970]クッション枕,35500,-4.5,[JP][103875087]ゆあちゅん、,-21500,-71.5,260712-fa1ad123-ff53-426a-afe3-dc8b06636ace,
2026-07-12 18:38:21,2026-07-12 19:04:23,no,[JP][128142273]ーはまちー,53800,63.8,[JP][132889350]綴美,43500,23.5,[JP][117826319]びんびんん,28200,-11.8,[JP][107121024]ミルモでチー,-25500,-75.5,260712-8b6af59a-e727-4de1-905c-681076e7a78e,
2026-07-12 16:46:33,2026-07-12 17:28:09,no,[JP][107121024]ミルモでチー,56400,66.4,[JP][127685187]yukke_08,36800,16.8,[JP][130636363]龍華。。,30800,-9.2,[JP][117826319]びんびんん,-24000,-74,260712-b4c1b3be-fa02-4c2b-be48-8d3b95ec3f57,
2026-07-12 15:44:20,2026-07-12 16:10:52,no,[JP][113816715]あるですけど,56600,66.6,[JP][90337603]酔猫0724,27100,7.1,[JP][132889350]綴美,10100,-29.9,[JP][99259658]CVココア,6200,-43.8,260712-60a26295-c475-471b-90c1-9003d5d4b42f,
2026-07-12 14:11:06,2026-07-12 14:49:11,no,[JP][117826319]びんびんん,34600,44.6,[JP][113140034]クロミです,32600,12.6,[JP][104870668]けーびぃー,26300,-13.7,[JP][128534146]アラキ,6500,-43.5,260712-ad743a41-46c1-4ffc-ae09-4d22d886a18e,
2026-07-12 13:34:34,2026-07-12 14:11:05,no,[JP][107121024]ミルモでチー,43300,53.3,[JP][128534146]アラキ,34400,14.4,[JP][137746445]ここここきじゅ,14300,-25.7,[JP][123842955]アヤコぽん,8000,-42,260712-46871bcf-313e-473b-85c4-b302b46c75a4,
2026-07-12 12:26:20,2026-07-12 12:49:27,no,[JP][127685187]yukke_08,53700,63.7,[JP][113140034]クロミです,30400,10.4,[JP][132889350]綴美,23700,-16.3,[JP][137746445]ここここきじゅ,-7800,-57.8,260712-1cca8e19-25c5-4b1b-b8fb-e1f87e5240fb,
2026-07-12 12:02:51,2026-07-12 12:30:15,no,[JP][113816715]あるですけど,53400,63.4,[JP][109087630]うさみさ,33100,13.1,[JP][122700559]ひつじ04,10800,-29.2,[JP][127685187]yukke_08,2700,-47.3,260712-53255b17-74ba-4f74-81e7-d6cec6e25d19,
2026-07-12 10:57:31,2026-07-12 11:49:11,no,[JP][135093176]ちゅんたくや,29600,39.6,[JP][103875087]ゆあちゅん、,29000,9,[JP][128534146]アラキ,26300,-13.7,[JP][132889350]綴美,15100,-34.9,260712-de405c0d-3c5d-4edd-9843-e7ff82379208,
2026-07-12 10:37:15,2026-07-12 11:02:41,no,[JP][107121024]ミルモでチー,36100,46.1,[JP][140986564]ミラージュ梅,35600,15.6,[JP][130636363]龍華。。,19200,-20.8,[JP][117826319]びんびんん,9100,-40.9,260712-fd44cad6-5674-45c1-aaec-5a225c07a39c,
2026-07-12 10:22:13,2026-07-12 10:52:29,no,[JP][107121024]ミルモでチー,46200,56.2,[JP][127685187]yukke_08,27300,7.3,[JP][117826319]びんびんん,24700,-15.3,[JP][127500682]めいぴょい,1800,-48.2,260712-6c6e24df-68ee-4f3f-a578-41f5c2da3693,
2026-07-12 08:32:04,2026-07-12 09:06:59,no,[JP][107121024]ミルモでチー,37000,47,[JP][137746445]ここここきじゅ,22000,2,[JP][112646465]苺ですよ,21100,-18.9,[JP][127685187]yukke_08,19900,-30.1,260712-ddaaf800-9f3a-49aa-9048-16065467ff91,
2026-07-12 08:31:55,2026-07-12 09:04:21,no,[JP][107121024]ミルモでチー,52200,62.2,[JP][127500682]めいぴょい,32200,12.2,[JP][103875087]ゆあちゅん、,29400,-10.6,[JP][136949124]シャルにゃん,-13800,-63.8,260712-76760a21-efd1-47d1-ab3b-82875b3d793b,
2026-07-12 05:27:50,2026-07-12 06:19:22,no,[JP][135989001]ちたーふ,32500,42.5,[JP][110041669]katahira_shota,29300,9.3,[JP][130636363]龍華。。,26900,-13.1,[JP][117826319]びんびんん,11300,-38.7,260712-3682bcd8-7a14-4adc-91a7-ff0ad75c6267,
2026-07-12 03:13:41,2026-07-12 04:00:43,no,[JP][121291970]クッション枕,33700,43.7,[JP][112646465]苺ですよ,31200,11.2,[JP][137746445]ここここきじゅ,23400,-16.6,[JP][119823142]流局マン,11700,-38.3,260712-683ffcd3-fcb8-440f-9c3c-3ffc70d9ca16,
2026-07-11 21:36:29,2026-07-11 22:16:08,no,[JP][136949124]シャルにゃん,34200,44.2,[JP][128142273]ーはまちー,34000,14,[JP][127500682]めいぴょい,23200,-16.8,[JP][137746445]ここここきじゅ,8600,-41.4,260711-c813d228-8263-45d8-85ef-b94bf67a1acb,
2026-07-11 15:27:45,2026-07-11 16:21:35,no,[JP][119823142]流局マン,44300,54.3,[JP][107121024]ミルモでチー,33500,13.5,[JP][103136012]ルート12345,32200,-7.8,[JP][132889350]綴美,-10000,-60,260711-340c883a-abee-46e8-90d0-8d82279ebfdf,
2026-07-11 14:48:03,2026-07-11 15:17:59,no,[JP][117826319]びんびんん,35800,45.8,[JP][107121024]ミルモでチー,32200,12.2,[JP][121573512]wot毒舌妹bot,18100,-21.9,[JP][110041669]katahira_shota,13900,-36.1,260711-d6e792e3-e0f5-4216-bf6c-87286a8da179,
2026-07-11 12:08:47,2026-07-11 12:49:34,no,[JP][122700559]ひつじ04,57100,67.1,[JP][137746445]ここここきじゅ,30500,10.5,[JP][127500682]めいぴょい,14500,-25.5,[JP][123842955]アヤコぽん,-2100,-52.1,260711-39e25f6e-4c5f-4e64-8f9d-a93cbc5ddb05,
2026-07-11 11:30:59,2026-07-11 12:06:57,no,[JP][90337603]酔猫0724,42800,52.8,[JP][113816715]あるですけど,30000,10,[JP][127500682]めいぴょい,16100,-23.9,[JP][132889350]綴美,11100,-38.9,260711-02e10dfe-d746-40f3-bbc8-f54933ef5e7b,
2026-07-11 11:29:47,2026-07-11 12:01:56,no,[JP][104870668]けーびぃー,28700,38.7,[JP][125680458]クタビレタケ,28100,8.1,[JP][141362566]まー29,27700,-12.3,[JP][103473217]ねこぜ7272,15500,-34.5,260711-da89da39-d922-4011-b048-4c7c94354c06,
2026-07-11 08:37:17,2026-07-11 09:24:59,no,[JP][132889350]綴美,45100,55.1,[JP][126824842]神田宰,25200,5.2,[JP][107121024]ミルモでチー,20100,-19.9,[JP][135562955]【くぅー】,9600,-40.4,260711-040f8a99-0290-422b-b5b0-d9b5490aab6a,
2026-07-11 05:47:40,2026-07-11 06:45:18,no,[JP][112646465]苺ですよ,38700,48.7,[JP][122700559]ひつじ04,37900,17.9,[JP][136949124]シャルにゃん,17300,-22.7,[JP][84158849]しゅんんたろう,6100,-43.9,260711-868d85ce-5799-41da-abc6-185b8e4ac958,
2026-07-11 05:23:05,2026-07-11 06:16:49,no,[JP][137746445]ここここきじゅ,40500,50.5,[JP][104870668]けーびぃー,32700,12.7,[JP][90337603]酔猫0724,19700,-20.3,[JP][113816715]あるですけど,7100,-42.9,260711-afe97511-cbcf-4ff3-8c9a-3e1a989d3512,
2026-07-11 04:46:00,2026-07-11 05:41:02,no,[JP][113140034]クロミです,33100,43.1,[JP][107121024]ミルモでチー,30700,10.7,[JP][127685187]yukke_08,21600,-18.4,[JP][141362566]まー29,14600,-35.4,260711-3eb03f1f-6f35-480c-8d2c-f5a61772814a,
2026-07-11 01:47:04,2026-07-11 02:26:33,no,[JP][117826319]びんびんん,46500,56.5,[JP][128534146]アラキ,30500,10.5,[JP][103875087]ゆあちゅん、,23300,-16.7,[JP][107121024]ミルモでチー,-300,-50.3,260711-675e0557-cbc2-439b-9cb8-81dbc1e4e657,
2026-07-10 23:05:52,2026-07-10 23:55:41,no,[JP][128142273]ーはまちー,41500,51.5,[JP][113816715]あるですけど,35300,15.3,[JP][127685187]yukke_08,26000,-14,[JP][135562955]【くぅー】,-2800,-52.8,260710-b5a37523-1e61-4534-89a2-069cbc7690be,
2026-07-10 22:49:06,2026-07-10 23:43:06,no,[JP][113816715]あるですけど,32600,42.6,[JP][141442184]パラセクト。,27500,7.5,[JP][107121024]ミルモでチー,21400,-18.6,[JP][121291970]クッション枕,18500,-31.5,260710-d2d1b500-71e0-436b-b233-f376df08bfeb,
2026-07-10 22:02:06,2026-07-10 22:47:32,no,[JP][117826319]びんびんん,38800,48.8,[JP][128142273]ーはまちー,35400,15.4,[JP][127685187]yukke_08,18600,-21.4,[JP][104870668]けーびぃー,7200,-42.8,260710-fc28c478-6f60-4ca8-9ca7-b5df2ffa8d07,
2026-07-10 20:31:01,2026-07-10 21:09:20,no,[JP][117826319]びんびんん,47400,57.4,[JP][135989001]ちたーふ,31200,11.2,[JP][121291970]クッション枕,20900,-19.1,[JP][101672072]きょーか8,500,-49.5,260710-6d07875f-851c-464d-9129-06500fbe3274,
2026-07-10 19:59:16,2026-07-10 20:45:02,no,[JP][107121024]ミルモでチー,74400,84.4,[JP][127500682]めいぴょい,21600,1.6,[JP][121291970]クッション枕,3600,-36.4,[JP][137746445]ここここきじゅ,400,-49.6,260710-8cfc5be2-d243-4be3-8b52-52a6b9094176,
2026-07-10 18:30:33,2026-07-10 19:28:18,no,[JP][104870668]けーびぃー,32500,42.5,[JP][117826319]びんびんん,28900,8.9,[JP][132889350]綴美,19900,-20.1,[JP][132385032]富士丸ラーメン,18700,-31.3,260710-50af20c5-7e31-4a73-9a5c-338286f76451,
2026-07-10 15:20:17,2026-07-10 16:08:19,no,[JP][128534146]アラキ,38900,48.9,[JP][128142273]ーはまちー,27300,7.3,[JP][117826319]びんびんん,17800,-22.2,[JP][107121024]ミルモでチー,16000,-34,260710-4f08ecee-b6eb-446a-9416-02d5d592ea09,
2026-07-10 15:12:17,2026-07-10 16:02:07,no,[JP][113140034]クロミです,33500,43.5,[JP][103875087]ゆあちゅん、,28900,8.9,[JP][104870668]けーびぃー,25400,-14.6,[JP][128534146]アラキ,12200,-37.8,260710-a91ceca8-3ebf-4402-940a-ad2e70e17618,
2026-07-10 14:44:38,2026-07-10 15:22:39,no,[JP][128534146]アラキ,40400,50.4,[JP][113816715]あるですけど,26100,6.1,[JP][121291970]クッション枕,18300,-21.7,[JP][135562955]【くぅー】,15200,-34.8,260710-88800c76-4382-424e-a1c8-9124d13fdda5,
2026-07-10 14:43:26,2026-07-10 15:26:39,no,[JP][127685187]yukke_08,44600,54.6,[JP][121291970]クッション枕,30400,10.4,[JP][86936271]nsnsnsn,24600,-15.4,[JP][137746445]ここここきじゅ,400,-49.6,260710-a6367c9e-7120-4eaa-80e5-a09d593406da,
2026-07-10 13:14:23,2026-07-10 13:56:17,no,[JP][136949124]シャルにゃん,34900,44.9,[JP][132889350]綴美,27500,7.5,[JP][107121024]ミルモでチー,21500,-18.5,[JP][127685187]yukke_08,16100,-33.9,260710-74174c78-12af-471d-a2a2-8787bf3ab74a,
2026-07-10 12:58:44,2026-07-10 13:38:28,no,[JP][107121024]ミルモでチー,60500,70.5,[JP][132889350]綴美,38700,18.7,[JP][103473217]ねこぜ7272,20300,-19.7,[JP][121573512]wot毒舌妹bot,-19500,-69.5,260710-04279554-5b3f-4a0b-bce3-604d86472dac,
2026-07-10 11:39:08,2026-07-10 12:23:03,no,[JP][107121024]ミルモでチー,61700,71.7,[JP][128534146]アラキ,19300,-0.7,[JP][127500682]めいぴょい,14100,-25.9,[JP][122700559]ひつじ04,4900,-45.1,260710-17efeced-fb15-4be7-a7db-f3f47f42213b,
2026-07-10 10:52:38,2026-07-10 11:49:25,no,[JP][98736692]hinawari2026,51600,61.6,[JP][128534146]アラキ,23100,3.1,[JP][130636363]龍華。。,22900,-17.1,[JP][137746445]ここここきじゅ,2400,-47.6,260710-a6ad8217-6c69-4e38-8cb9-0874e7f4fadc,
2026-07-10 08:56:36,2026-07-10 09:38:47,no,[JP][117826319]びんびんん,47400,57.4,[JP][127500682]めいぴょい,23500,3.5,[JP][130636363]龍華。。,18500,-21.5,[JP][127685187]yukke_08,10600,-39.4,260710-95e0c15d-7579-4aa7-ba94-ed8fa7ec607e,
2026-07-10 04:42:00,2026-07-10 05:20:51,no,[JP][128534146]アラキ,38400,48.4,[JP][97781556]西待,26700,6.7,[JP][127685187]yukke_08,18300,-21.7,[JP][122700559]ひつじ04,16600,-33.4,260710-f817e8d2-f9d2-412e-addd-466f3527f1a6,
2026-07-10 04:10:16,2026-07-10 04:39:08,no,[JP][103473217]ねこぜ7272,33600,43.6,[JP][113140034]クロミです,32800,12.8,[JP][83747017]わにさんの涙,28500,-11.5,[JP][130636363]龍華。。,5100,-44.9,260710-98397797-b684-4a45-9c49-48c5aff41d32,
2026-07-10 02:50:43,2026-07-10 03:29:03,no,[JP][113140034]クロミです,41600,51.6,[JP][104870668]けーびぃー,30600,10.6,[JP][103875087]ゆあちゅん、,28000,-12,[JP][113816715]あるですけど,-200,-50.2,260710-a2f2bec3-423e-423f-819e-f7defd953f06,
2026-07-09 22:52:39,2026-07-09 23:25:00,no,[JP][121291970]クッション枕,37900,47.9,[JP][107121024]ミルモでチー,34500,14.5,[JP][123842955]アヤコぽん,17100,-22.9,[JP][117826319]びんびんん,10500,-39.5,260709-6a795fdc-3abc-4b6c-8bac-3c1f65112261,
2026-07-09 20:58:50,2026-07-09 21:34:50,no,[JP][86425605]suzuken3,44800,54.8,[JP][121291970]クッション枕,40500,20.5,[JP][117826319]びんびんん,23000,-17,[JP][137746445]ここここきじゅ,-8300,-58.3,260709-874dce83-11a2-4588-82dc-dbb159afc650,
2026-07-09 20:04:35,2026-07-09 21:02:15,no,[JP][107121024]ミルモでチー,34200,44.2,[JP][112646465]苺ですよ,30800,10.8,[JP][137746445]ここここきじゅ,20900,-19.1,[JP][122700559]ひつじ04,14100,-35.9,260709-579b91be-5649-4a96-a81d-8efa837e5634,
2026-07-09 19:56:36,2026-07-09 20:52:48,no,[JP][115482438]くぽぼん,44300,54.3,[JP][107121024]ミルモでチー,44000,24,[JP][135989001]ちたーふ,35100,-4.9,[JP][103875087]ゆあちゅん、,-23400,-73.4,260709-3789e4eb-e0b0-44e8-9109-7d818ffcd9ce,
2026-07-09 19:10:16,2026-07-09 19:48:21,no,[JP][107121024]ミルモでチー,51400,61.4,[JP][121291970]クッション枕,28400,8.4,[JP][130636363]龍華。。,14700,-25.3,[JP][127685187]yukke_08,5500,-44.5,260709-229fe8d9-517e-4040-9dcc-2a9de05eeb95,
2026-07-09 18:12:59,2026-07-09 19:04:27,no,[JP][117826319]びんびんん,48800,58.8,[JP][107121024]ミルモでチー,35300,15.3,[JP][98736692]hinawari2026,22100,-17.9,[JP][137746445]ここここきじゅ,-6200,-56.2,260709-bc5c2dae-05a8-4268-a163-9c3d3a76d634,
2026-07-09 17:41:49,2026-07-09 18:11:35,no,[JP][125680458]クタビレタケ,51800,61.8,[JP][141442184]パラセクト。,28200,8.2,[JP][137746445]ここここきじゅ,27200,-12.8,[JP][132889350]綴美,-7200,-57.2,260709-5f882e31-0c53-40c1-ae5b-a0ce655e30c0,
2026-07-09 15:16:18,2026-07-09 15:41:30,no,[JP][117826319]びんびんん,45200,55.2,[JP][123842955]アヤコぽん,30300,10.3,[JP][127685187]yukke_08,18600,-21.4,[JP][137746445]ここここきじゅ,5900,-44.1,260709-f6f418a3-6d31-41d6-8748-cfc26943f009,
2026-07-09 15:14:20,2026-07-09 16:02:17,no,[JP][135989001]ちたーふ,54800,64.8,[JP][127500682]めいぴょい,28100,8.1,[JP][104870668]けーびぃー,18700,-21.3,[JP][132889350]綴美,-1600,-51.6,260709-6d288ad1-5a54-44dd-88f0-59de992d3cc2,
2026-07-09 13:08:15,2026-07-09 13:46:14,no,[JP][125680458]クタビレタケ,37100,47.1,[JP][107121024]ミルモでチー,32300,12.3,[JP][104870668]けーびぃー,31200,-8.8,[JP][109087630]うさみさ,-600,-50.6,260709-555e5437-c10c-4ea7-baf5-c01e49d94dcd,
2026-07-09 12:47:08,2026-07-09 13:28:32,no,[JP][137746445]ここここきじゅ,36800,46.8,[JP][141442184]パラセクト。,36000,16,[JP][121291970]クッション枕,18300,-21.7,[JP][117826319]びんびんん,8900,-41.1,260709-f9527c54-583c-4c26-a206-018add9fd82f,
2026-07-09 12:44:28,2026-07-09 13:27:42,no,[JP][130636363]龍華。。,45300,55.3,[JP][132889350]綴美,37400,17.4,[JP][121291970]クッション枕,30400,-9.6,[JP][137746445]ここここきじゅ,-13100,-63.1,260709-def85a26-621f-42b4-a193-77808f1e39eb,
2026-07-09 12:29:51,2026-07-09 13:06:36,no,[JP][128142273]ーはまちー,43300,53.3,[JP][137746445]ここここきじゅ,26700,6.7,[JP][136949124]シャルにゃん,20900,-19.1,[JP][117826319]びんびんん,9100,-40.9,260709-abfe6077-ff79-42db-8030-ec868fb04548,
2026-07-09 09:26:42,2026-07-09 10:08:32,no,[JP][135562955]【くぅー】,46500,56.5,[JP][135989001]ちたーふ,22800,2.8,[JP][128534146]アラキ,16100,-23.9,[JP][129679874]ニャンchan彡,14600,-35.4,260709-d31bd7f5-a6cf-4184-9d81-bcbe69ec7bed,
2026-07-09 09:24:05,2026-07-09 09:58:52,no,[JP][107121024]ミルモでチー,39100,49.1,[JP][132889350]綴美,36000,16,[JP][97781556]西待,15300,-24.7,[JP][137746445]ここここきじゅ,9600,-40.4,260709-bfda5f07-57a2-41cd-a9bd-15368b4d7edd,
2026-07-09 07:53:26,2026-07-09 08:25:52,no,[JP][121291970]クッション枕,35400,45.4,[JP][117826319]びんびんん,23600,3.6,[JP][107121024]ミルモでチー,22400,-17.6,[JP][127500682]めいぴょい,18600,-31.4,260709-1cd03e7e-74b1-47a4-b6d4-5425eda2ac72,
2026-07-09 04:09:41,2026-07-09 04:56:20,no,[JP][104870668]けーびぃー,38300,48.3,[JP][113816715]あるですけど,35500,15.5,[JP][140986564]ミラージュ梅,27900,-12.1,[JP][137746445]ここここきじゅ,-1700,-51.7,260709-2af23e83-10a3-46f4-a995-3533313dba3a,
2026-07-09 03:48:52,2026-07-09 04:18:29,no,[JP][127685187]yukke_08,36000,46,[JP][117826319]びんびんん,33400,13.4,[JP][137746445]ここここきじゅ,16200,-23.8,[JP][132889350]綴美,14400,-35.6,260709-39af214f-ede5-4496-b26a-145a2f1d2544,
2026-07-09 03:31:37,2026-07-09 04:26:20,no,[JP][117826319]びんびんん,55700,65.7,[JP][122700559]ひつじ04,38600,18.6,[JP][128142273]ーはまちー,15800,-24.2,[JP][127685187]yukke_08,-10100,-60.1,260709-2a1f5180-c503-43ba-bfdd-4ff87dd529db,
2026-07-09 03:09:40,2026-07-09 03:31:51,no,[JP][107121024]ミルモでチー,34400,44.4,[JP][141442184]パラセクト。,32500,12.5,[JP][127500682]めいぴょい,16900,-23.1,[JP][117826319]びんびんん,16200,-33.8,260709-382407b4-0a0d-47f6-a0c8-1d957814d246,
2026-07-09 02:49:05,2026-07-09 03:41:41,no,[JP][132889350]綴美,44100,54.1,[JP][135562955]【くぅー】,24800,4.8,[JP][103473217]ねこぜ7272,21300,-18.7,[JP][117826319]びんびんん,9800,-40.2,260709-9ee0fc87-769f-49d4-9813-e9a66f3bbf01,
2026-07-09 00:24:14,2026-07-09 01:21:40,no,[JP][127685187]yukke_08,39100,49.1,[JP][136949124]シャルにゃん,35400,15.4,[JP][128534146]アラキ,31900,-8.1,[JP][123527427]いぐすけ,-6400,-56.4,260709-a026954f-23df-491e-91de-8b40d7a6e7ed,
2026-07-08 23:46:29,2026-07-09 00:44:10,no,[JP][103875087]ゆあちゅん、,41500,51.5,[JP][117826319]びんびんん,21100,1.1,[JP][112646465]苺ですよ,18800,-21.2,[JP][127500682]めいぴょい,18600,-31.4,260708-95592306-8ebd-40cb-a17a-dcde1f701cca,
2026-07-08 22:22:14,2026-07-08 22:57:52,no,[JP][121291970]クッション枕,48100,58.1,[JP][136949124]シャルにゃん,44500,24.5,[JP][127685187]yukke_08,32700,-7.3,[JP][137746445]ここここきじゅ,-25300,-75.3,260708-0156313e-944b-49a1-a3ca-2d93ea3234f2,
2026-07-08 19:52:08,2026-07-08 20:26:16,no,[JP][113816715]あるですけど,46900,56.9,[JP][137746445]ここここきじゅ,32000,12,[JP][101672072]きょーか8,18000,-22,[JP][123842955]アヤコぽん,3100,-46.9,260708-c10c053a-a8ad-491e-b41d-9a3936d41409,
2026-07-08 18:44:40,2026-07-08 19:40:19,no,[JP][137746445]ここここきじゅ,32400,42.4,[JP][121291970]クッション枕,32200,12.2,[JP][110041669]katahira_shota,19700,-20.3,[JP][122700559]ひつじ04,15700,-34.3,260708-773adc69-390a-4eef-8d7b-be66e97ee67b,
2026-07-08 18:42:39,2026-07-08 19:14:29,no,[JP][104870668]けーびぃー,36800,46.8,[JP][121291970]クッション枕,35800,15.8,[JP][107121024]ミルモでチー,14200,-25.8,[JP][127500682]めいぴょい,13200,-36.8,260708-8d45a015-a8e4-473e-ad1a-c237e53697d7,
2026-07-08 15:53:39,2026-07-08 16:25:35,no,[JP][113816715]あるですけど,46700,56.7,[JP][107121024]ミルモでチー,30100,10.1,[JP][127500682]めいぴょい,21100,-18.9,[JP][128534146]アラキ,2100,-47.9,260708-dcc4b799-dc91-4730-925c-b78a9a15394a,
2026-07-08 15:51:43,2026-07-08 16:33:25,no,[JP][135562955]【くぅー】,45600,55.6,[JP][86425605]suzuken3,44300,24.3,[JP][117826319]びんびんん,35500,-4.5,[JP][127500682]めいぴょい,-25400,-75.4,260708-b7d0757d-5c79-438e-b867-42c3d03ddb90,
2026-07-08 14:52:54,2026-07-08 15:21:21,no,[JP][107121024]ミルモでチー,35500,45.5,[JP][108211976]佐鳥乃愛,26200,6.2,[JP][127500682]めいぴょい,19800,-20.2,[JP][128534146]アラキ,18500,-31.5,260708-5113c860-04b3-4d29-ad24-edd2a8e80a9b,
2026-07-08 11:26:01,2026-07-08 12:19:31,no,[JP][117826319]びんびんん,32700,42.7,[JP][107121024]ミルモでチー,27100,7.1,[JP][108807125]リーチ侍,24700,-15.3,[JP][136949124]シャルにゃん,15500,-34.5,260708-8cde53c8-ed3c-46e7-b873-20a4e01e627a,
2026-07-08 11:23:13,2026-07-08 11:52:25,no,[JP][128142273]ーはまちー,40500,50.5,[JP][130636363]龍華。。,27500,7.5,[JP][132889350]綴美,23700,-16.3,[JP][104870668]けーびぃー,8300,-41.7,260708-f369f846-344a-4d76-aeff-99a09dd8e197,
2026-07-08 11:14:31,2026-07-08 11:53:39,no,[JP][127500682]めいぴょい,36800,46.8,[JP][103875087]ゆあちゅん、,29600,9.6,[JP][117826319]びんびんん,27200,-12.8,[JP][107121024]ミルモでチー,6400,-43.6,260708-4065fbb6-d581-4eb2-9982-932782db98c4,
2026-07-08 11:11:24,2026-07-08 12:02:03,no,[JP][117826319]びんびんん,41400,51.4,[JP][103875087]ゆあちゅん、,20400,0.4,[JP][127685187]yukke_08,19500,-20.5,[JP][136949124]シャルにゃん,18700,-31.3,260708-aad6f9fb-f22e-4c2a-a56a-21d4d1d4ce13,
2026-07-08 09:31:47,2026-07-08 09:54:06,no,[JP][137746445]ここここきじゅ,45900,55.9,[JP][104870668]けーびぃー,32300,12.3,[JP][103473217]ねこぜ7272,13700,-26.3,[JP][84092681]天縁,8100,-41.9,260708-6051d18d-d780-4be1-8ad4-a10984978da2,
2026-07-08 08:43:54,2026-07-08 09:40:10,no,[JP][136130265]てすと雀士,51900,61.9,[JP][135989001]ちたーふ,27700,7.7,[JP][122700559]ひつじ04,22200,-17.8,[JP][128142273]ーはまちー,-1800,-51.8,260708-bedb905e-a0a3-4356-969f-97a2e54506cc,
2026-07-08 07:59:36,2026-07-08 08:46:53,no,[JP][112646465]苺ですよ,33200,43.2,[JP][121291970]クッション枕,31800,11.8,[JP][130636363]龍華。。,28200,-11.8,[JP][117826319]びんびんん,6800,-43.2,260708-8d19fc94-29c8-4dd7-b59f-3a7c7942e53f,
2026-07-08 05:34:59,2026-07-08 06:16:07,no,[JP][107121024]ミルモでチー,47300,57.3,[JP][113816715]あるですけど,34500,14.5,[JP][109087630]うさみさ,12400,-27.6,[JP][104870668]けーびぃー,5800,-44.2,260708-1f1546d1-13b4-4767-8083-8758857ca387,
2026-07-08 04:45:00,2026-07-08 05:33:52,no,[JP][121291970]クッション枕,44000,54,[JP][121573512]wot毒舌妹bot,28300,8.3,[JP][113140034]クロミです,20200,-19.8,[JP][137746445]ここここきじゅ,7500,-42.5,260708-db21164a-450f-4125-aa61-ded3b4a824f7,
2026-07-08 01:40:13,2026-07-08 02:20:37,no,[JP][113140034]クロミです,34100,44.1,[JP][121291970]クッション枕,32100,12.1,[JP][136949124]シャルにゃん,20800,-19.2,[JP][127685187]yukke_08,13000,-37,260708-cdcd1c6f-895d-4eed-9de0-f9510c90ed8d,
2026-07-08 00:59:51,2026-07-08 01:24:09,no,[JP][128142273]ーはまちー,35300,45.3,[JP][137746445]ここここきじゅ,26000,6,[JP][122700559]ひつじ04,22600,-17.4,[JP][121573512]wot毒舌妹bot,16100,-33.9,260708-f2720c58-4593-438e-89de-78a8ed7ccb1f,
2026-07-07 23:04:46,2026-07-08 00:01:47,no,[JP][128534146]アラキ,58400,68.4,[JP][107121024]ミルモでチー,23300,3.3,[JP][135562955]【くぅー】,11300,-28.7,[JP][85657666]tsuna_san,7000,-43,260707-98b2812b-7482-4fc3-8ea7-f29681f39be5,
2026-07-07 21:50:14,2026-07-07 22:16:26,no,[JP][99259658]CVココア,44500,54.5,[JP][123527427]いぐすけ,32400,12.4,[JP][137746445]ここここきじゅ,20700,-19.3,[JP][115482438]くぽぼん,2400,-47.6,260707-e35a73ce-e04b-4703-9b44-1dedaeceb769,
2026-07-07 21:06:00,2026-07-07 21:49:19,no,[JP][135989001]ちたーふ,36300,46.3,[JP][115482438]くぽぼん,24700,4.7,[JP][132889350]綴美,24500,-15.5,[JP][103473217]ねこぜ7272,14500,-35.5,260707-d354ae8e-134d-4b0c-bd33-528c2173efc7,
2026-07-07 20:21:40,2026-07-07 21:02:02,no,[JP][101672072]きょーか8,48500,58.5,[JP][136130265]てすと雀士,46400,26.4,[JP][127685187]yukke_08,13200,-26.8,[JP][122700559]ひつじ04,-8100,-58.1,260707-8e594416-52c6-4bca-8df9-c909ee53a8b6,
2026-07-07 16:39:38,2026-07-07 17:38:26,no,[JP][123842955]アヤコぽん,35600,45.6,[JP][141442184]パラセクト。,32200,12.2,[JP][137746445]ここここきじゅ,18800,-21.2,[JP][122700559]ひつじ04,13400,-36.6,260707-1f5d1c1d-ce3d-4dc4-a2f8-ccdffb28011f,
2026-07-07 16:27:26,2026-07-07 17:06:22,no,[JP][127500682]めいぴょい,31900,41.9,[JP][97781556]西待,27800,7.8,[JP][128534146]アラキ,25800,-14.2,[JP][121291970]クッション枕,14500,-35.5,260707-82dd0765-f6ff-4e4a-a40f-fb9dc2a37a2d,
2026-07-07 12:35:52,2026-07-07 13:11:36,no,[JP][122700559]ひつじ04,30200,40.2,[JP][107121024]ミルモでチー,29200,9.2,[JP][137746445]ここここきじゅ,25600,-14.4,[JP][109087630]うさみさ,15000,-35,260707-1119b40b-de61-40f7-9601-db1f7057d4ef,
2026-07-07 12:06:16,2026-07-07 12:30:27,no,[JP][112646465]苺ですよ,40500,50.5,[JP][116517186]ぞじまーじゃん,22700,2.7,[JP][128534146]アラキ,20800,-19.2,[JP][121291970]クッション枕,16000,-34,260707-45c35853-7066-4a38-b328-2407bcbb7b69,
2026-07-07 04:33:27,2026-07-07 04:58:50,no,[JP][113816715]あるですけど,42200,52.2,[JP][136949124]シャルにゃん,22700,2.7,[JP][127685187]yukke_08,21100,-18.9,[JP][127500682]めいぴょい,14000,-36,260707-eb72923e-32dd-485a-bb61-6ec575d8fe5f,
2026-07-07 03:29:44,2026-07-07 04:24:49,no,[JP][121573512]wot毒舌妹bot,52500,62.5,[JP][103875087]ゆあちゅん、,31100,11.1,[JP][121291970]クッション枕,30200,-9.8,[JP][136130265]てすと雀士,-13800,-63.8,260707-8244c6d1-390e-465b-843a-a5733e03a8eb,
2026-07-07 02:02:27,2026-07-07 03:00:06,no,[JP][117826319]びんびんん,32500,42.5,[JP][130636363]龍華。。,25200,5.2,[JP][132385032]富士丸ラーメン,21200,-18.8,[JP][127685187]yukke_08,21100,-28.9,260707-f2e5aaac-92d5-432d-b976-0a6766660b6f,
2026-07-06 23:47:21,2026-07-07 00:29:14,no,[JP][109087630]うさみさ,42200,52.2,[JP][113816715]あるですけど,38900,18.9,[JP][103136012]ルート12345,16400,-23.6,[JP][103473217]ねこぜ7272,2500,-47.5,260706-300bcd6e-f6b2-4eb9-a48c-6086355fc0d0,
2026-07-06 21:25:51,2026-07-06 22:24:24,no,[JP][132889350]綴美,51900,61.9,[JP][121291970]クッション枕,36800,16.8,[JP][137746445]ここここきじゅ,21700,-18.3,[JP][135989001]ちたーふ,-10400,-60.4,260706-7e8069ab-4a73-4e63-bbe3-e31b26fa6eb0,
2026-07-06 21:14:40,2026-07-06 21:54:36,no,[JP][113816715]あるですけど,33400,43.4,[JP][107121024]ミルモでチー,25900,5.9,[JP][137746445]ここここきじゅ,20900,-19.1,[JP][123842955]アヤコぽん,19800,-30.2,260706-743b6f5e-8212-4319-aa03-4646a544a0d0,
2026-07-06 18:16:51,2026-07-06 18:47:07,no,[JP][136949124]シャルにゃん,32600,42.6,[JP][113816715]あるですけど,24200,4.2,[JP][122700559]ひつじ04,23400,-16.6,[JP][121291970]クッション枕,19800,-30.2,260706-11f4bb2f-ae3e-4666-aecb-906b7cd3e96e,
2026-07-06 18:05:12,2026-07-06 18:39:01,no,[JP][117826319]びんびんん,37500,47.5,[JP][101672072]きょーか8,31700,11.7,[JP][130636363]龍華。。,29700,-10.3,[JP][132889350]綴美,1100,-48.9,260706-4b97ee0e-045f-466b-b110-00525377c269,
2026-07-06 17:27:07,2026-07-06 18:19:26,no,[JP][137746445]ここここきじゅ,36700,46.7,[JP][136949124]シャルにゃん,26700,6.7,[JP][135562955]【くぅー】,24400,-15.6,[JP][127685187]yukke_08,12200,-37.8,260706-e229e11f-c947-4902-add6-368eb1633dfc,
2026-07-06 16:42:48,2026-07-06 17:17:06,no,[JP][126824842]神田宰,52100,62.1,[JP][108211976]佐鳥乃愛,25400,5.4,[JP][121291970]クッション枕,20600,-19.4,[JP][127500682]めいぴょい,1900,-48.1,260706-2da4d907-605f-4481-b902-e4ef581ff41d,
2026-07-06 12:29:24,2026-07-06 12:58:43,no,[JP][128534146]アラキ,33200,43.2,[JP][137746445]ここここきじゅ,32300,12.3,[JP][109087630]うさみさ,28900,-11.1,[JP][132889350]綴美,5600,-44.4,260706-cd43c3d0-e689-4f77-a692-18c469c71bfe,
2026-07-06 11:45:32,2026-07-06 12:13:48,no,[JP][113816715]あるですけど,39400,49.4,[JP][130636363]龍華。。,32300,12.3,[JP][137746445]ここここきじゅ,26900,-13.1,[JP][132889350]綴美,1400,-48.6,260706-3bf6f300-1075-4de0-9c31-97cb2fd4de4e,
2026-07-06 11:30:41,2026-07-06 11:52:50,no,[JP][97781556]西待,43900,53.9,[JP][137746445]ここここきじゅ,37400,17.4,[JP][109087630]うさみさ,20600,-19.4,[JP][123842955]アヤコぽん,-1900,-51.9,260706-9412526d-0f7d-4be6-8561-52bf953e7ebc,
2026-07-06 11:10:06,2026-07-06 12:08:51,no,[JP][130636363]龍華。。,42900,52.9,[JP][135989001]ちたーふ,23300,3.3,[JP][113140034]クロミです,21600,-18.4,[JP][117826319]びんびんん,12200,-37.8,260706-8bf3ce7b-1af9-4cc8-aa5f-43b77840132d,
2026-07-06 08:30:59,2026-07-06 09:01:21,no,[JP][107121024]ミルモでチー,49400,59.4,[JP][135989001]ちたーふ,29200,9.2,[JP][143266822]たむちゃん茶,25500,-14.5,[JP][135562955]【くぅー】,-4100,-54.1,260706-5e6b9880-da9b-4349-a827-54d6741227a5,
2026-07-06 07:49:29,2026-07-06 08:28:59,no,[JP][130636363]龍華。。,40400,50.4,[JP][113140034]クロミです,20500,0.5,[JP][132889350]綴美,20400,-19.6,[JP][127500682]めいぴょい,18700,-31.3,260706-50d24c50-dae3-4c3c-aa56-05405b02a8ce,
2026-07-06 07:15:22,2026-07-06 07:49:50,no,[JP][121291970]クッション枕,69500,79.5,[JP][127685187]yukke_08,23600,3.6,[JP][117826319]びんびんん,20200,-19.8,[JP][85657666]tsuna_san,-13300,-63.3,260706-ff0bb555-0fb3-453c-ae97-b2796439810a,
2026-07-06 00:26:50,2026-07-06 00:58:34,no,[JP][107121024]ミルモでチー,33100,43.1,[JP][110084301]かんんちゃ,27600,7.6,[JP][127685187]yukke_08,25100,-14.9,[JP][103473217]ねこぜ7272,14200,-35.8,260706-d444e6d5-969a-4d50-80cf-291fee326e3d,
2026-07-06 00:12:37,2026-07-06 00:53:15,no,[JP][132889350]綴美,34000,44,[JP][104870668]けーびぃー,28600,8.6,[JP][127685187]yukke_08,27900,-12.1,[JP][97781556]西待,9500,-40.5,260706-cae931bd-d00b-43f5-913e-6a863e97ada2,
2026-07-05 22:08:24,2026-07-05 22:56:12,no,[JP][107121024]ミルモでチー,41700,51.7,[JP][130636363]龍華。。,34500,14.5,[JP][117826319]びんびんん,29400,-10.6,[JP][132889350]綴美,-5600,-55.6,260705-78a30c0c-2df0-4071-8e43-2e68b7fd99d3,
2026-07-05 20:45:46,2026-07-05 21:30:52,no,[JP][113816715]あるですけど,35000,45,[JP][135562955]【くぅー】,28100,8.1,[JP][128142273]ーはまちー,26700,-13.3,[JP][137746445]ここここきじゅ,10200,-39.8,260705-e17451f4-4958-426e-a87d-d2a3cb0bdfb4,
2026-07-05 20:05:51,2026-07-05 20:40:30,no,[JP][136949124]シャルにゃん,50200,60.2,[JP][121291970]クッション枕,30600,10.6,[JP][135093176]ちゅんたくや,25100,-14.9,[JP][117826319]びんびんん,-5900,-55.9,260705-f6db02ee-3bf6-4c4a-aa8c-4c0db498afda,
2026-07-05 18:32:31,2026-07-05 18:55:30,no,[JP][86425605]suzuken3,42200,52.2,[JP][127500682]めいぴょい,34800,14.8,[JP][132385032]富士丸ラーメン,18300,-21.7,[JP][112646465]苺ですよ,4700,-45.3,260705-afc4cb64-b962-4352-be34-e3f0b7dc4275,
2026-07-05 18:18:43,2026-07-05 18:57:20,no,[JP][107121024]ミルモでチー,48700,58.7,[JP][135093176]ちゅんたくや,38200,18.2,[JP][132385032]富士丸ラーメン,11800,-28.2,[JP][127685187]yukke_08,1300,-48.7,260705-3bcc2aef-b4b0-4b2b-b53f-435afa78ebce,
2026-07-05 17:09:14,2026-07-05 17:49:49,no,[JP][110041669]katahira_shota,41500,51.5,[JP][122700559]ひつじ04,37800,17.8,[JP][128534146]アラキ,36200,-3.8,[JP][97781556]西待,-15500,-65.5,260705-eb8ae9ba-27ed-4ef9-9a84-ce23341193a4,
2026-07-05 16:38:54,2026-07-05 17:05:37,no,[JP][135989001]ちたーふ,38900,48.9,[JP][121573512]wot毒舌妹bot,33300,13.3,[JP][137746445]ここここきじゅ,30400,-9.6,[JP][103875087]ゆあちゅん、,-2600,-52.6,260705-24731b89-d161-4434-a56d-76bd1f6c2779,
2026-07-05 16:18:14,2026-07-05 17:10:29,no,[JP][137746445]ここここきじゅ,45100,55.1,[JP][108211976]佐鳥乃愛,23600,3.6,[JP][122700559]ひつじ04,16700,-23.3,[JP][132889350]綴美,14600,-35.4,260705-7f870d84-c590-4d29-84d0-c94dabdbfa5a,
2026-07-05 15:29:51,2026-07-05 15:54:30,no,[JP][123527427]いぐすけ,44800,54.8,[JP][107121024]ミルモでチー,26000,6,[JP][129679874]ニャンchan彡,23900,-16.1,[JP][130636363]龍華。。,5300,-44.7,260705-f073284b-ff69-4c14-a9d8-3c64ef8b7bca,
2026-07-05 09:34:29,2026-07-05 10:21:36,no,[JP][117795009]sakura20,27200,37.2,[JP][107121024]ミルモでチー,25200,5.2,[JP][101672072]きょーか8,24100,-15.9,[JP][137746445]ここここきじゅ,23500,-26.5,260705-e8d10184-5e9b-468d-a6a4-2b489ffebb04,
2026-07-05 09:25:15,2026-07-05 10:11:31,no,[JP][135093176]ちゅんたくや,41000,51,[JP][98640564]ono101,39100,19.1,[JP][117826319]びんびんん,32100,-7.9,[JP][128142273]ーはまちー,-12200,-62.2,260705-00f69088-53f9-4e0b-b11d-6aab45da8223,
2026-07-05 09:02:52,2026-07-05 09:44:17,no,[JP][113816715]あるですけど,41100,51.1,[JP][103136012]ルート12345,25500,5.5,[JP][135562955]【くぅー】,20100,-19.9,[JP][128142273]ーはまちー,13300,-36.7,260705-a76e20ad-2895-40f2-8917-6792c4ea93c9,
2026-07-05 07:13:44,2026-07-05 07:40:48,no,[JP][107121024]ミルモでチー,51300,61.3,[JP][130636363]龍華。。,40900,20.9,[JP][127685187]yukke_08,28000,-12,[JP][137746445]ここここきじゅ,-20200,-70.2,260705-c0aaa827-87d2-4c29-9d24-8e4caa9883f3,
2026-07-05 07:05:27,2026-07-05 07:53:05,no,[JP][135989001]ちたーふ,50000,60,[JP][123842955]アヤコぽん,41400,21.4,[JP][107121024]ミルモでチー,29700,-10.3,[JP][103473217]ねこぜ7272,-21100,-71.1,260705-beb43eed-4b02-4731-b7f1-94e6bd865314,
2026-07-05 05:26:52,2026-07-05 06:15:05,no,[JP][127685187]yukke_08,40500,50.5,[JP][117826319]びんびんん,39600,19.6,[JP][123527427]いぐすけ,36100,-3.9,[JP][128534146]アラキ,-16200,-66.2,260705-aa17100e-3fa2-41db-b646-86fb7d67b0ee,
2026-07-05 04:58:30,2026-07-05 05:47:07,no,[JP][141442184]パラセクト。,43100,53.1,[JP][137746445]ここここきじゅ,40700,20.7,[JP][132385032]富士丸ラーメン,25200,-14.8,[JP][132889350]綴美,-9000,-59,260705-9cb44b3b-5133-46c2-8412-39cc134199d2,
2026-07-05 03:45:43,2026-07-05 04:08:55,no,[JP][128534146]アラキ,34400,44.4,[JP][97781556]西待,34200,14.2,[JP][107121024]ミルモでチー,28500,-11.5,[JP][127500682]めいぴょい,2900,-47.1,260705-e2fa0f84-2f3e-49d9-9b56-5de1b8120e97,
2026-07-05 03:00:29,2026-07-05 03:44:47,no,[JP][137746445]ここここきじゅ,36800,46.8,[JP][135562955]【くぅー】,34300,14.3,[JP][117826319]びんびんん,20000,-20,[JP][123842955]アヤコぽん,8900,-41.1,260705-446c96fb-f844-406c-9254-4fb480a158f3,
2026-07-05 01:12:40,2026-07-05 01:51:42,no,[JP][121291970]クッション枕,46400,56.4,[JP][101672072]きょーか8,43700,23.7,[JP][97781556]西待,30100,-9.9,[JP][127685187]yukke_08,-20200,-70.2,260705-0e69e73e-1337-4370-8841-f8c5654eec67,
2026-07-05 00:43:42,2026-07-05 01:39:21,no,[JP][135093176]ちゅんたくや,43800,53.8,[JP][117826319]びんびんん,42100,22.1,[JP][121291970]クッション枕,34400,-5.6,[JP][98736692]hinawari2026,-20300,-70.3,260705-ca8f10e4-a4ed-40a8-aaf8-bbbd7051ab8a,
2026-07-05 00:01:31,2026-07-05 00:33:29,no,[JP][122700559]ひつじ04,53800,63.8,[JP][117826319]びんびんん,33500,13.5,[JP][103875087]ゆあちゅん、,16900,-23.1,[JP][137746445]ここここきじゅ,-4200,-54.2,260705-f1ee3f02-9d94-4457-a1dd-aef7d1c4bddf,
2026-07-04 23:38:21,2026-07-05 00:12:50,no,[JP][127685187]yukke_08,47900,57.9,[JP][130636363]龍華。。,41300,21.3,[JP][121291970]クッション枕,24800,-15.2,[JP][112646465]苺ですよ,-14000,-64,260704-82000b39-110e-4421-bd4c-c99899137853,
2026-07-04 22:46:46,2026-07-04 23:29:18,no,[JP][104870668]けーびぃー,36000,46,[JP][128534146]アラキ,28200,8.2,[JP][117826319]びんびんん,27800,-12.2,[JP][115482438]くぽぼん,8000,-42,260704-66afe071-6330-4733-a80c-a9a5aedee0cf,
2026-07-04 19:16:53,2026-07-04 20:06:56,no,[JP][132889350]綴美,49700,59.7,[JP][107121024]ミルモでチー,47900,27.9,[JP][127685187]yukke_08,31900,-8.1,[JP][121291970]クッション枕,-29500,-79.5,260704-75ad7f6a-87e9-4927-a09a-bbc095b22257,
2026-07-04 19:16:34,2026-07-04 20:09:29,no,[JP][122700559]ひつじ04,39100,49.1,[JP][127685187]yukke_08,38300,18.3,[JP][127500682]めいぴょい,20800,-19.2,[JP][104870668]けーびぃー,1800,-48.2,260704-335b25b3-7dff-4936-8b9a-f30212e83d43,
2026-07-04 18:56:21,2026-07-04 19:21:43,no,[JP][119823142]流局マン,43700,53.7,[JP][135093176]ちゅんたくや,39600,19.6,[JP][141442184]パラセクト。,30500,-9.5,[JP][127500682]めいぴょい,-13800,-63.8,260704-cfae2160-6601-4f10-85f4-428ce620b35b,
2026-07-04 18:32:54,2026-07-04 19:20:40,no,[JP][117826319]びんびんん,34800,44.8,[JP][135093176]ちゅんたくや,34100,14.1,[JP][132889350]綴美,18200,-21.8,[JP][101672072]きょーか8,12900,-37.1,260704-ec9d0e12-153c-467b-869e-beaa8f7cb595,
2026-07-04 13:26:02,2026-07-04 14:18:59,no,[JP][117826319]びんびんん,40100,50.1,[JP][113140034]クロミです,30000,10,[JP][135989001]ちたーふ,29300,-10.7,[JP][109087630]うさみさ,600,-49.4,260704-ae47364a-9260-4b4e-82ca-b1b7cb80775b,
2026-07-04 13:20:14,2026-07-04 14:13:43,no,[JP][104870668]けーびぃー,48300,58.3,[JP][112646465]苺ですよ,26800,6.8,[JP][127500682]めいぴょい,25300,-14.7,[JP][137746445]ここここきじゅ,-400,-50.4,260704-9989e968-f562-4f6b-a1aa-0a2708bfc0b0,
2026-07-04 13:09:27,2026-07-04 13:49:04,no,[JP][128142273]ーはまちー,53100,63.1,[JP][113140034]クロミです,25500,5.5,[JP][104870668]けーびぃー,23900,-16.1,[JP][128534146]アラキ,-2500,-52.5,260704-7bfb32b3-7830-47d2-a6c5-b67ad4231e71,
2026-07-04 12:59:15,2026-07-04 13:39:05,no,[JP][103875087]ゆあちゅん、,43100,53.1,[JP][97781556]西待,33900,13.9,[JP][107121024]ミルモでチー,26700,-13.3,[JP][132385032]富士丸ラーメン,-3700,-53.7,260704-1edd3eda-a31b-48cd-9023-ba6bc8e65616,
2026-07-04 11:14:36,2026-07-04 11:55:44,no,[JP][128142273]ーはまちー,40200,50.2,[JP][113816715]あるですけど,33000,13,[JP][107121024]ミルモでチー,22400,-17.6,[JP][117826319]びんびんん,4400,-45.6,260704-7b14a2fd-78cb-4790-8e52-122713974721,
2026-07-04 10:29:14,2026-07-04 11:11:35,no,[JP][132889350]綴美,50400,60.4,[JP][104870668]けーびぃー,43900,23.9,[JP][137746445]ここここきじゅ,34700,-5.3,[JP][128534146]アラキ,-29000,-79,260704-279ce206-d92f-470f-91cd-c2fe8a9c1c33,
2026-07-04 08:35:49,2026-07-04 09:25:41,no,[JP][107121024]ミルモでチー,38900,48.9,[JP][113140034]クロミです,25000,5,[JP][136949124]シャルにゃん,24900,-15.1,[JP][143266822]たむちゃん茶,11200,-38.8,260704-16f3bcf1-3397-47c3-bc2e-831d1b520148,
2026-07-04 08:22:52,2026-07-04 09:01:54,no,[JP][117826319]びんびんん,37000,47,[JP][97781556]西待,26700,6.7,[JP][141362566]まー29,24400,-15.6,[JP][135989001]ちたーふ,11900,-38.1,260704-2a23a1ae-4e5f-426c-9a73-ca3a4f7135da,
2026-07-04 08:21:35,2026-07-04 09:17:05,no,[JP][127685187]yukke_08,48800,58.8,[JP][117826319]びんびんん,22800,2.8,[JP][122700559]ひつじ04,18000,-22,[JP][137746445]ここここきじゅ,10400,-39.6,260704-68dc2fa4-0a13-48b8-8be9-787f8653e4c9,
2026-07-04 07:22:16,2026-07-04 08:00:08,no,[JP][130636363]龍華。。,43100,53.1,[JP][128534146]アラキ,36400,16.4,[JP][127500682]めいぴょい,16700,-23.3,[JP][132889350]綴美,3800,-46.2,260704-a65106e5-98cf-42e2-84c1-49f2046451fc,
2026-07-04 06:46:14,2026-07-04 07:15:45,no,[JP][107121024]ミルモでチー,47800,57.8,[JP][128142273]ーはまちー,25100,5.1,[JP][113816715]あるですけど,18300,-21.7,[JP][121291970]クッション枕,8800,-41.2,260704-aa04c5c8-ffc9-4975-a475-5416b6c5b6f9,
2026-07-04 06:20:03,2026-07-04 07:00:48,no,[JP][127685187]yukke_08,43700,53.7,[JP][128142273]ーはまちー,37500,17.5,[JP][135093176]ちゅんたくや,14700,-25.3,[JP][122700559]ひつじ04,4100,-45.9,260704-1700d89c-b242-44a9-8f06-7a87ac137950,
2026-07-04 05:48:54,2026-07-04 06:46:23,no,[JP][97781556]西待,41700,51.7,[JP][121291970]クッション枕,32500,12.5,[JP][128534146]アラキ,22600,-17.4,[JP][130636363]龍華。。,3200,-46.8,260704-f2712acd-6d39-45ce-bd96-807cce951714,
2026-07-04 03:23:51,2026-07-04 04:20:23,no,[JP][137746445]ここここきじゅ,42400,52.4,[JP][107121024]ミルモでチー,22500,2.5,[JP][127685187]yukke_08,18000,-22,[JP][141362566]まー29,17100,-32.9,260704-7ce256bb-6145-45b4-a538-d56b5251b48d,
2026-07-04 02:13:40,2026-07-04 02:59:12,no,[JP][107121024]ミルモでチー,41600,51.6,[JP][113816715]あるですけど,36100,16.1,[JP][132889350]綴美,32000,-8,[JP][97781556]西待,-9700,-59.7,260704-167da98e-40cf-401e-8ba9-9c538cc3c584,
2026-07-04 01:33:46,2026-07-04 02:02:48,no,[JP][127500682]めいぴょい,42400,52.4,[JP][135562955]【くぅー】,29600,9.6,[JP][132889350]綴美,26200,-13.8,[JP][86425605]suzuken3,1800,-48.2,260704-ecd3a4fd-1218-4990-8533-55346cd70035,
2026-07-03 23:50:16,2026-07-04 00:49:07,no,[JP][127500682]めいぴょい,62800,72.8,[JP][117826319]びんびんん,20100,0.1,[JP][104870668]けーびぃー,12300,-27.7,[JP][123842955]アヤコぽん,4800,-45.2,260703-77dc66c3-1400-49bb-bf9d-c65d831c5442,
2026-07-03 23:08:01,2026-07-03 23:47:31,no,[JP][121291970]クッション枕,51700,61.7,[JP][107121024]ミルモでチー,37700,17.7,[JP][128142273]ーはまちー,20400,-19.6,[JP][104870668]けーびぃー,-9800,-59.8,260703-314266c0-402d-4046-aae7-4e1e6b0f80b3,
2026-07-03 22:30:18,2026-07-03 23:19:25,no,[JP][117826319]びんびんん,38300,48.3,[JP][136949124]シャルにゃん,27000,7,[JP][130636363]龍華。。,19800,-20.2,[JP][137746445]ここここきじゅ,14900,-35.1,260703-3ed6b521-6458-47a4-9d41-f44b5ba69193,
2026-07-03 22:11:55,2026-07-03 22:37:27,no,[JP][128534146]アラキ,42900,52.9,[JP][113816715]あるですけど,23000,3,[JP][107121024]ミルモでチー,21100,-18.9,[JP][123842955]アヤコぽん,13000,-37,260703-6caf081d-c24a-4206-bbb3-74f4958d0de5,
2026-07-03 21:46:40,2026-07-03 22:40:23,no,[JP][113816715]あるですけど,46800,56.8,[JP][121291970]クッション枕,33000,13,[JP][132889350]綴美,30000,-10,[JP][123842955]アヤコぽん,-9800,-59.8,260703-ccc71711-b688-4c7c-ba6d-5841b650f9c3,
2026-07-03 20:06:35,2026-07-03 20:45:58,no,[JP][127685187]yukke_08,32400,42.4,[JP][127500682]めいぴょい,27500,7.5,[JP][122700559]ひつじ04,21500,-18.5,[JP][112646465]苺ですよ,18600,-31.4,260703-9fc6f669-42b8-4dbe-aaae-32a7c3c2401c,
2026-07-03 20:05:58,2026-07-03 20:49:58,no,[JP][107121024]ミルモでチー,40100,50.1,[JP][143266822]たむちゃん茶,31800,11.8,[JP][137746445]ここここきじゅ,21100,-18.9,[JP][98640564]ono101,7000,-43,260703-00093251-5d6a-4632-b04a-a8172e6d7032,
2026-07-03 17:43:23,2026-07-03 18:06:24,no,[JP][128142273]ーはまちー,49800,59.8,[JP][97781556]西待,30300,10.3,[JP][116517186]ぞじまーじゃん,27600,-12.4,[JP][127685187]yukke_08,-7700,-57.7,260703-fc9f8959-6a78-40a5-90a9-f197fea0a482,
2026-07-03 17:10:00,2026-07-03 17:50:30,no,[JP][127500682]めいぴょい,40400,50.4,[JP][107121024]ミルモでチー,38000,18,[JP][117826319]びんびんん,31400,-8.6,[JP][137746445]ここここきじゅ,-9800,-59.8,260703-4f7bc841-abb4-4d72-8a75-d94a791817a6,
2026-07-03 16:57:10,2026-07-03 17:42:49,no,[JP][107121024]ミルモでチー,33400,43.4,[JP][135989001]ちたーふ,32300,12.3,[JP][132385032]富士丸ラーメン,18200,-21.8,[JP][127500682]めいぴょい,16100,-33.9,260703-2c1354a2-c1e2-40c0-8c22-89be207f7861,
2026-07-03 16:29:43,2026-07-03 17:05:58,no,[JP][117826319]びんびんん,30600,40.6,[JP][135989001]ちたーふ,26500,6.5,[JP][83747017]わにさんの涙,24800,-15.2,[JP][132889350]綴美,18100,-31.9,260703-41b30ac4-dbcd-4fc2-97dd-860846a90908,
2026-07-03 12:50:20,2026-07-03 13:32:38,no,[JP][107121024]ミルモでチー,33900,43.9,[JP][135989001]ちたーふ,25500,5.5,[JP][122700559]ひつじ04,20500,-19.5,[JP][136949124]シャルにゃん,20100,-29.9,260703-5f250b16-b2b8-430e-984e-629acd15a990,
2026-07-03 10:15:11,2026-07-03 11:04:24,no,[JP][123842955]アヤコぽん,51600,61.6,[JP][107121024]ミルモでチー,36800,16.8,[JP][127685187]yukke_08,15600,-24.4,[JP][121573512]wot毒舌妹bot,-4000,-54,260703-3108ccfe-385c-4fa7-8864-9d8399916f72,
2026-07-03 09:15:16,2026-07-03 10:02:27,no,[JP][135989001]ちたーふ,52600,62.6,[JP][103875087]ゆあちゅん、,34600,14.6,[JP][132889350]綴美,7500,-32.5,[JP][117826319]びんびんん,5300,-44.7,260703-5ac7f218-ba1d-4d51-808c-6b417138a69d,
2026-07-03 08:20:06,2026-07-03 09:13:22,no,[JP][109087630]うさみさ,40100,50.1,[JP][104870668]けーびぃー,29400,9.4,[JP][127500682]めいぴょい,28200,-11.8,[JP][137746445]ここここきじゅ,2300,-47.7,260703-d1528446-8757-4842-ae5a-0f6ef68633f9,
2026-07-03 07:12:25,2026-07-03 08:08:35,no,[JP][122700559]ひつじ04,37700,47.7,[JP][121291970]クッション枕,32600,12.6,[JP][107121024]ミルモでチー,26400,-13.6,[JP][103136012]ルート12345,3300,-46.7,260703-3a6b2aad-5ae3-400c-8d54-2c8329f70a63,
2026-07-03 05:36:48,2026-07-03 06:05:44,no,[JP][107121024]ミルモでチー,56000,66,[JP][112646465]苺ですよ,19800,-0.2,[JP][137746445]ここここきじゅ,12900,-27.1,[JP][98640564]ono101,11300,-38.7,260703-88cae19e-eb87-4b7c-a53c-c245fdfd1b21,
2026-07-03 01:17:33,2026-07-03 02:12:20,no,[JP][104870668]けーびぃー,48100,58.1,[JP][127685187]yukke_08,30800,10.8,[JP][136949124]シャルにゃん,16600,-23.4,[JP][135989001]ちたーふ,4500,-45.5,260703-b0374af1-6f27-4f34-8ef4-2d570f4ef75c,
2026-07-02 22:51:51,2026-07-02 23:41:20,no,[JP][107121024]ミルモでチー,50600,60.6,[JP][104870668]けーびぃー,41600,21.6,[JP][127500682]めいぴょい,25900,-14.1,[JP][83747017]わにさんの涙,-18100,-68.1,260702-6f63aabe-5a31-46f3-9753-90d9994d34b8,
2026-07-02 22:49:11,2026-07-02 23:23:28,no,[JP][107121024]ミルモでチー,57300,67.3,[JP][135989001]ちたーふ,36300,16.3,[JP][122700559]ひつじ04,9300,-30.7,[JP][123842955]アヤコぽん,-2900,-52.9,260702-4a761b95-bc51-467d-821b-08ab10214706,
2026-07-02 21:45:52,2026-07-02 22:41:58,no,[JP][107121024]ミルモでチー,48100,58.1,[JP][103473217]ねこぜ7272,41100,21.1,[JP][117826319]びんびんん,29400,-10.6,[JP][122700559]ひつじ04,-18600,-68.6,260702-f321e53b-122c-468f-b4a6-d76f1342c5b1,
2026-07-02 21:12:41,2026-07-02 22:06:50,no,[JP][121291970]クッション枕,33300,43.3,[JP][107121024]ミルモでチー,32900,12.9,[JP][122700559]ひつじ04,21600,-18.4,[JP][113816715]あるですけど,12200,-37.8,260702-1caf58e6-634c-40ab-9f42-3e4bde02c5cc,
2026-07-02 20:21:45,2026-07-02 20:50:31,no,[JP][107121024]ミルモでチー,45300,55.3,[JP][127500682]めいぴょい,40800,20.8,[JP][132889350]綴美,30500,-9.5,[JP][130636363]龍華。。,-16600,-66.6,260702-f83d64a8-06ee-44b8-8fce-fbee857c1e97,
2026-07-02 19:39:45,2026-07-02 20:25:05,no,[JP][107121024]ミルモでチー,32900,42.9,[JP][117826319]びんびんん,27700,7.7,[JP][127685187]yukke_08,26000,-14,[JP][127500682]めいぴょい,13400,-36.6,260702-d0ed1c96-20a8-485c-9edc-746b923b0768,
2026-07-02 18:04:50,2026-07-02 18:47:19,no,[JP][136949124]シャルにゃん,57900,67.9,[JP][141442184]パラセクト。,18700,-1.3,[JP][113140034]クロミです,16500,-23.5,[JP][137746445]ここここきじゅ,6900,-43.1,260702-a70b950a-a1e9-4986-9de0-d355dd2064e2,
2026-07-02 17:39:48,2026-07-02 18:04:42,no,[JP][103875087]ゆあちゅん、,31400,41.4,[JP][107121024]ミルモでチー,28700,8.7,[JP][132889350]綴美,27000,-13,[JP][122700559]ひつじ04,12900,-37.1,260702-4dcf2dfc-f23a-4440-bd58-278d101b448c,
2026-07-02 16:09:35,2026-07-02 16:37:04,no,[JP][121573512]wot毒舌妹bot,46500,56.5,[JP][132889350]綴美,38600,18.6,[JP][129679874]ニャンchan彡,35300,-4.7,[JP][121291970]クッション枕,-20400,-70.4,260702-ca6cf2a9-3f4e-4b1e-bf6b-10b654bffb8c,
2026-07-02 12:38:54,2026-07-02 13:18:19,no,[JP][107121024]ミルモでチー,47900,57.9,[JP][84158849]しゅんんたろう,29400,9.4,[JP][127500682]めいぴょい,23900,-16.1,[JP][128142273]ーはまちー,-1200,-51.2,260702-aa9efdea-69d0-4b59-b5f0-6efb843a9bab,
2026-07-02 10:56:40,2026-07-02 11:36:51,no,[JP][128534146]アラキ,38900,48.9,[JP][132889350]綴美,25700,5.7,[JP][117826319]びんびんん,20600,-19.4,[JP][127685187]yukke_08,14800,-35.2,260702-8b00d850-48ee-45d1-a181-1840f16b5a48,
2026-07-02 08:45:32,2026-07-02 09:39:15,no,[JP][115482438]くぽぼん,48400,58.4,[JP][137746445]ここここきじゅ,28300,8.3,[JP][104870668]けーびぃー,12700,-27.3,[JP][132889350]綴美,10600,-39.4,260702-53ab127e-02e0-433c-8e07-edae966a094e,
2026-07-02 08:10:20,2026-07-02 09:01:38,no,[JP][121573512]wot毒舌妹bot,32300,42.3,[JP][107121024]ミルモでチー,30600,10.6,[JP][137746445]ここここきじゅ,25000,-15,[JP][117826319]びんびんん,12100,-37.9,260702-0f86ac2d-1e03-420d-a71c-a2e850e8f49d,
2026-07-02 04:45:12,2026-07-02 05:14:36,no,[JP][132889350]綴美,36800,46.8,[JP][107121024]ミルモでチー,23600,3.6,[JP][98736692]hinawari2026,22200,-17.8,[JP][137746445]ここここきじゅ,17400,-32.6,260702-0cdd0853-bea6-497f-bee9-39bcf2c412a0,
2026-07-02 03:07:38,2026-07-02 03:47:51,no,[JP][107121024]ミルモでチー,39600,49.6,[JP][132889350]綴美,24400,4.4,[JP][103473217]ねこぜ7272,20600,-19.4,[JP][137746445]ここここきじゅ,15400,-34.6,260702-32aa5459-00cc-4a16-8d4f-bfe965341725,
2026-07-02 02:50:42,2026-07-02 03:21:37,no,[JP][107121024]ミルモでチー,37500,47.5,[JP][113140034]クロミです,37400,17.4,[JP][115482438]くぽぼん,28900,-11.1,[JP][123527427]いぐすけ,-3800,-53.8,260702-57e326e7-42c1-4218-9796-2e286733abf0,
2026-07-02 01:40:41,2026-07-02 02:17:15,no,[JP][112646465]苺ですよ,33000,43,[JP][113816715]あるですけど,30500,10.5,[JP][132889350]綴美,26700,-13.3,[JP][137746445]ここここきじゅ,9800,-40.2,260702-a9aef45b-569b-49a2-92a5-c1da9e8c2396,
2026-07-01 20:53:21,2026-07-01 21:27:08,no,[JP][107121024]ミルモでチー,42400,52.4,[JP][103875087]ゆあちゅん、,22400,2.4,[JP][135562955]【くぅー】,19700,-20.3,[JP][127685187]yukke_08,15500,-34.5,260701-d9144ce2-8bb6-4023-874c-d0f99fc33694,
2026-07-01 19:53:23,2026-07-01 20:28:12,no,[JP][137746445]ここここきじゅ,42200,52.2,[JP][121291970]クッション枕,23100,3.1,[JP][132889350]綴美,22100,-17.9,[JP][104870668]けーびぃー,12600,-37.4,260701-652fe7f3-8de2-409e-9376-76c35341168b,
2026-07-01 16:15:20,2026-07-01 17:08:58,no,[JP][127500682]めいぴょい,42800,52.8,[JP][128142273]ーはまちー,34400,14.4,[JP][127685187]yukke_08,30200,-9.8,[JP][137746445]ここここきじゅ,-7400,-57.4,260701-bcdfede2-8cb0-4955-91c4-b66d03328546,
2026-07-01 12:29:04,2026-07-01 13:25:10,no,[JP][107121024]ミルモでチー,55700,65.7,[JP][117795009]sakura20,34500,14.5,[JP][127500682]めいぴょい,26500,-13.5,[JP][121291970]クッション枕,-16700,-66.7,260701-efec7957-998f-4a9a-8b0f-af58da284cc8,
2026-07-01 11:32:00,2026-07-01 12:03:25,no,[JP][121291970]クッション枕,36500,46.5,[JP][128534146]アラキ,36400,16.4,[JP][107121024]ミルモでチー,30900,-9.1,[JP][112646465]苺ですよ,-3800,-53.8,260701-96fa8ca8-a1e0-4d86-876d-b4db69def4e3,
2026-07-01 10:30:46,2026-07-01 10:52:46,no,[JP][107121024]ミルモでチー,28700,38.7,[JP][132889350]綴美,27000,7,[JP][119823142]流局マン,25700,-14.3,[JP][143266822]たむちゃん茶,18600,-31.4,260701-f9061473-d007-44af-aa53-5a0359634b70,
2026-07-01 09:11:59,2026-07-01 10:04:33,no,[JP][117826319]びんびんん,36400,46.4,[JP][113816715]あるですけど,30000,10,[JP][143266822]たむちゃん茶,20200,-19.8,[JP][121291970]クッション枕,13400,-36.6,260701-9e1fb034-0258-422a-9701-365b5b5ce6aa,
2026-07-01 06:40:49,2026-07-01 07:18:58,no,[JP][107121024]ミルモでチー,42300,52.3,[JP][128534146]アラキ,28800,8.8,[JP][113816715]あるですけど,23300,-16.7,[JP][137746445]ここここきじゅ,5600,-44.4,260701-1b41d6ff-757c-4193-86b1-2d65e6b58961,
2026-07-01 03:07:17,2026-07-01 03:46:16,no,[JP][122700559]ひつじ04,32500,42.5,[JP][112646465]苺ですよ,30500,10.5,[JP][117826319]びんびんん,22900,-17.1,[JP][109087630]うさみさ,14100,-35.9,260701-b6143208-95e8-4e1c-a737-a5a45e21dc12,
2026-07-01 03:06:55,2026-07-01 03:54:23,no,[JP][107121024]ミルモでチー,44900,54.9,[JP][122700559]ひつじ04,41800,21.8,[JP][113140034]クロミです,30500,-9.5,[JP][121291970]クッション枕,-17200,-67.2,260701-224e6fd8-8f57-4c2b-9d92-4db6b16eb822,
2026-07-01 02:34:04,2026-07-01 03:07:46,no,[JP][103875087]ゆあちゅん、,35500,45.5,[JP][125680458]クタビレタケ,32500,12.5,[JP][132889350]綴美,31400,-8.6,[JP][107121024]ミルモでチー,600,-49.4,260701-94ed849a-6a65-4c92-8b9f-8f5754d1f637,
2026-07-01 02:02:54,2026-07-01 02:47:51,no,[JP][103875087]ゆあちゅん、,35000,45,[JP][132889350]綴美,32900,12.9,[JP][136949124]シャルにゃん,29000,-11,[JP][117826319]びんびんん,3100,-46.9,260701-d7bfde7e-b478-4685-995f-a3822b7f3db2,
2026-07-01 01:47:59,2026-07-01 02:36:11,no,[JP][127685187]yukke_08,42700,52.7,[JP][117826319]びんびんん,30800,10.8,[JP][107121024]ミルモでチー,21200,-18.8,[JP][122700559]ひつじ04,5300,-44.7,260701-69a6d729-99b6-48f2-acb5-6a64421525de,
2026-07-01 01:22:10,2026-07-01 02:11:29,no,[JP][107121024]ミルモでチー,35500,45.5,[JP][128534146]アラキ,26700,6.7,[JP][121291970]クッション枕,22800,-17.2,[JP][137746445]ここここきじゅ,15000,-35,260701-2e6a76fd-3c65-44be-a92d-b99bfb64a81c,
2026-07-01 01:04:23,2026-07-01 02:03:17,no,[JP][99259658]CVココア,49800,59.8,[JP][122700559]ひつじ04,36700,16.7,[JP][137746445]ここここきじゅ,20800,-19.2,[JP][132889350]綴美,-7300,-57.3,260701-dd356074-c669-4e52-816e-08af2e846099,
