開始時間,終了時間,非表示状態,1位プレイヤー名,1位PT,1位最終点数,2位プレイヤー名,2位PT,2位最終点数,3位プレイヤー名,3位PT,3位最終点数,4位プレイヤー名,4位PT,4位最終点数,牌譜リンク,備考
2026-09-27 21:37:14,2026-09-27 22:07:48,no,[JP][91745475]のあだよ〜ん,52900,62.9,[JP][123842955]アヤコぽん,33400,13.4,[JP][122700559]ひつじ04,7200,-32.8,[JP][113816715]あるですけど,6500,-43.5,260927-adb50bac-0e4e-49f4-a83a-2e4b8c838f1c,
2026-09-27 21:21:51,2026-09-27 21:55:58,no,[JP][126824842]神田宰,51800,61.8,[JP][104870668]けーびぃー,31400,11.4,[JP][135989001]ちたーふ,18900,-21.1,[JP][130636363]龍華。。,-2100,-52.1,260927-2f1b9713-1785-48ad-bc19-ea0eddff8dab,
2026-09-27 20:51:45,2026-09-27 21:24:59,no,[JP][103473217]ねこぜ7272,32900,42.9,[JP][102767246]やまどりぃ,25100,5.1,[JP][122060292]しとらす@神速,23000,-17,[JP][129773571]うに嫌い。,19000,-31,260927-beeaff7d-a2e1-4a67-84e1-2457c04a10f9,
2026-09-27 20:08:52,2026-09-27 21:03:20,no,[JP][122700559]ひつじ04,39300,49.3,[JP][130636363]龍華。。,37400,17.4,[JP][121291970]クッション枕,32300,-7.7,[JP][135989001]ちたーふ,-9000,-59,260927-c2f771fe-e3a6-4630-bd4d-9bd3b4301a66,
2026-09-27 17:48:49,2026-09-27 18:34:03,no,[JP][91745475]のあだよ〜ん,67600,77.6,[JP][122060292]しとらす@神速,19500,-0.5,[JP][127500682]めいぴょい,8400,-31.6,[JP][103875087]ゆあちゅん、,4500,-45.5,260927-c8343fb9-dfc7-4caa-af78-62f825d8fa13,
2026-09-27 17:23:21,2026-09-27 18:05:13,no,[JP][103473217]ねこぜ7272,45100,55.1,[JP][121291970]クッション枕,36200,16.2,[JP][113140034]クロミです,33200,-6.8,[JP][112646465]苺ですよ,-14500,-64.5,260927-58aab1a5-7ea2-4295-926e-03ca06e79f27,
2026-09-27 16:33:15,2026-09-27 17:27:03,no,[JP][105958026]モモンs,45200,55.2,[JP][127500682]めいぴょい,31200,11.2,[JP][98736692]hinawari2026,13400,-26.6,[JP][122060292]しとらす@神速,10200,-39.8,260927-29275cb3-94d0-4cc5-8e99-9d566735216f,
2026-09-27 12:44:09,2026-09-27 13:10:17,no,[JP][127685187]yukke_08,68800,78.8,[JP][121291970]クッション枕,24900,4.9,[JP][109087630]うさみさ,9400,-30.6,[JP][122700559]ひつじ04,-3100,-53.1,260927-4268cd97-b4b7-43a6-baf3-6d390e4b06a2,
2026-09-27 10:57:54,2026-09-27 11:30:08,no,[JP][105958026]モモンs,37200,47.2,[JP][127500682]めいぴょい,35400,15.4,[JP][122700559]ひつじ04,15000,-25,[JP][109087630]うさみさ,12400,-37.6,260927-1e147515-344f-42bd-bb2c-a6a3b4348f8c,
2026-09-27 10:28:39,2026-09-27 10:56:23,no,[JP][122700559]ひつじ04,49000,59,[JP][109087630]うさみさ,21900,1.9,[JP][127500682]めいぴょい,18600,-21.4,[JP][105958026]モモンs,10500,-39.5,260927-9d5a7177-c50a-4f6a-b921-6b29f7ac017d,
2026-09-27 02:04:46,2026-09-27 02:39:57,no,[JP][122060292]しとらす@神速,30700,40.7,[JP][122700559]ひつじ04,28400,8.4,[JP][91745475]のあだよ〜ん,27200,-12.8,[JP][112646465]苺ですよ,13700,-36.3,260927-61b8c969-77ec-41ba-89be-441173e242b7,
2026-09-27 01:37:48,2026-09-27 02:02:24,no,[JP][112646465]苺ですよ,47000,57,[JP][122060292]しとらす@神速,20500,0.5,[JP][91745475]のあだよ〜ん,17000,-23,[JP][122700559]ひつじ04,15500,-34.5,260927-11a346c9-d347-4000-8d82-94f212f24263,
2026-09-27 01:19:25,2026-09-27 01:49:22,no,[JP][109087630]うさみさ,60500,70.5,[JP][113816715]あるですけど,15400,-4.6,[JP][141442184]パラセクト。,13200,-26.8,[JP][108211976]佐鳥乃愛,10900,-39.1,260927-d3fa523b-1aff-43c3-a848-d32649c64112,
2026-09-27 00:50:38,2026-09-27 01:35:55,no,[JP][122060292]しとらす@神速,46300,56.3,[JP][122700559]ひつじ04,41300,21.3,[JP][115482438]くぽぼん,6400,-33.6,[JP][112646465]苺ですよ,6000,-44,260926-f4b7cb71-abc8-4e1d-b59c-1dbd2092180e,
2026-09-26 23:42:02,2026-09-27 00:40:26,no,[JP][127685187]yukke_08,43500,53.5,[JP][122060292]しとらす@神速,22700,2.7,[JP][103473217]ねこぜ7272,17600,-22.4,[JP][91745475]のあだよ〜ん,16200,-33.8,260926-3724c35e-7f48-4115-8bdd-ae874575204d,
2026-09-26 23:22:40,2026-09-27 00:01:04,no,[JP][112646465]苺ですよ,32800,42.8,[JP][121446473]Akise299,24400,4.4,[JP][107121024]ミルモでチー,23100,-16.9,[JP][104870668]けーびぃー,19700,-30.3,260926-798944d4-fe55-43a8-95ed-0c3f9ec952be,
2026-09-26 23:02:19,2026-09-26 23:37:06,no,[JP][122060292]しとらす@神速,35700,45.7,[JP][102767246]やまどりぃ,25900,5.9,[JP][98640564]ono101,21000,-19,[JP][135989001]ちたーふ,17400,-32.6,260926-855044ab-5d90-4e99-9faa-40752827df38,
2026-09-26 19:03:39,2026-09-26 19:38:27,no,[JP][128534146]アラキ,42100,52.1,[JP][137746445]ここここきじゅ,37000,17,[JP][127500682]めいぴょい,17300,-22.7,[JP][103875087]ゆあちゅん、,3600,-46.4,260926-896b8dfc-4386-41d5-b35c-65777a0c57a9,
2026-09-26 18:32:47,2026-09-26 19:01:26,no,[JP][137746445]ここここきじゅ,44800,54.8,[JP][128534146]アラキ,43400,23.4,[JP][103875087]ゆあちゅん、,27900,-12.1,[JP][127500682]めいぴょい,-16100,-66.1,260926-7d3d98d4-9559-4417-bba8-32c365efb584,
2026-09-26 17:23:41,2026-09-26 18:01:38,no,[JP][109087630]うさみさ,45100,55.1,[JP][122060292]しとらす@神速,34200,14.2,[JP][107121024]ミルモでチー,11600,-28.4,[JP][127500682]めいぴょい,9100,-40.9,260926-64315947-04fb-4422-b802-11713f77c8a7,
2026-09-26 16:53:05,2026-09-26 17:20:24,no,[JP][107121024]ミルモでチー,51800,61.8,[JP][109087630]うさみさ,26200,6.2,[JP][122060292]しとらす@神速,25100,-14.9,[JP][127500682]めいぴょい,-3100,-53.1,260926-005ea487-7da4-4c5c-919b-784fa4b05051,
2026-09-26 16:10:53,2026-09-26 16:42:14,no,[JP][107121024]ミルモでチー,50200,60.2,[JP][122060292]しとらす@神速,27600,7.6,[JP][109087630]うさみさ,13000,-27,[JP][136949124]シャルにゃん,9200,-40.8,260926-de4932d3-da14-4c64-a747-8b07ec613a6c,
2026-09-26 15:21:20,2026-09-26 15:55:00,no,[JP][109087630]うさみさ,39200,49.2,[JP][122060292]しとらす@神速,30000,10,[JP][117795009]sakura20,18200,-21.8,[JP][90337603]酔猫0724,12600,-37.4,260926-6cccf57a-b7be-4cd4-bc5a-47ac462bffa8,
2026-09-26 14:26:35,2026-09-26 15:16:18,no,[JP][122060292]しとらす@神速,57200,67.2,[JP][91745475]のあだよ〜ん,27200,7.2,[JP][109087630]うさみさ,24500,-15.5,[JP][90337603]酔猫0724,-8900,-58.9,260926-ff0048d3-d489-4656-9edd-cfc39018601d,
2026-09-26 13:59:04,2026-09-26 14:23:43,no,[JP][117795009]sakura20,46700,56.7,[JP][109087630]うさみさ,32400,12.4,[JP][130636363]龍華。。,28400,-11.6,[JP][135562955]【くぅー】,-7500,-57.5,260926-2fe8d561-cf9d-48b1-b3c0-f922e4b62ba8,
2026-09-26 12:51:43,2026-09-26 13:26:36,no,[JP][113140034]クロミです,45100,55.1,[JP][103999753]kotetsu0422,38600,18.6,[JP][130636363]龍華。。,12200,-27.8,[JP][109087630]うさみさ,4100,-45.9,260926-c52a484d-c209-4813-b209-4427169a36cc,
2026-09-26 10:45:42,2026-09-26 11:19:28,no,[JP][103999753]kotetsu0422,47600,57.6,[JP][102767246]やまどりぃ,42500,22.5,[JP][127500682]めいぴょい,9700,-30.3,[JP][97781556]西待,200,-49.8,260926-5afa1aff-fc55-49f8-bde6-99dc25bc9a98,
2026-09-26 10:02:33,2026-09-26 10:39:59,no,[JP][113816715]あるですけど,36500,46.5,[JP][103999753]kotetsu0422,25300,5.3,[JP][97781556]西待,20300,-19.7,[JP][127500682]めいぴょい,17900,-32.1,260926-450ec9c0-c8c8-4adf-9dae-fe1b9a697faf,
2026-09-26 09:35:38,2026-09-26 09:59:14,no,[JP][97781556]西待,39100,49.1,[JP][127500682]めいぴょい,33600,13.6,[JP][113816715]あるですけど,20700,-19.3,[JP][122700559]ひつじ04,6600,-43.4,260926-d3198bef-df52-4d64-9264-c41f5294d0e0,
2026-09-26 01:13:58,2026-09-26 01:41:34,no,[JP][113816715]あるですけど,36200,46.2,[JP][97781556]西待,34700,14.7,[JP][107121024]ミルモでチー,16100,-23.9,[JP][121446473]Akise299,13000,-37,260926-3c2c294f-3ad2-45cd-9a1a-d53a685ac5e4,
2026-09-26 00:46:07,2026-09-26 01:10:37,no,[JP][103999753]kotetsu0422,42000,52,[JP][113816715]あるですけど,23200,3.2,[JP][107121024]ミルモでチー,19500,-20.5,[JP][121446473]Akise299,15300,-34.7,260925-90d49b6b-a5e4-4d26-8f22-30695d08dd6d,
2026-09-26 00:05:46,2026-09-26 00:32:44,no,[JP][97781556]西待,42800,52.8,[JP][105958026]モモンs,28000,8,[JP][121446473]Akise299,16500,-23.5,[JP][115482438]くぽぼん,12700,-37.3,260925-443d7cf5-2026-4ccb-a174-8c30c0450f2a,
2026-09-25 22:48:25,2026-09-25 23:30:13,no,[JP][128826565]ぬこうどんー,38900,48.9,[JP][127685187]yukke_08,37800,17.8,[JP][98640564]ono101,28600,-11.4,[JP][103473217]ねこぜ7272,-5300,-55.3,260925-4704b589-aa65-4fad-b46b-076408f5fb6d,
2026-09-25 22:32:27,2026-09-25 23:12:00,no,[JP][104870668]けーびぃー,74000,84,[JP][121291970]クッション枕,35600,15.6,[JP][113816715]あるですけど,3500,-36.5,[JP][132385032]富士丸ラーメン,-13100,-63.1,260925-70bcf73e-5df6-40dc-a3a6-07b456186567,
2026-09-25 21:57:59,2026-09-25 22:30:09,no,[JP][123842955]アヤコぽん,47200,57.2,[JP][113816715]あるですけど,40400,20.4,[JP][104870668]けーびぃー,21300,-18.7,[JP][121291970]クッション枕,-8900,-58.9,260925-d41e1aa9-8ce3-43e2-b090-27d6805c308f,
2026-09-25 21:11:44,2026-09-25 21:52:12,no,[JP][121291970]クッション枕,36900,46.9,[JP][123842955]アヤコぽん,26300,6.3,[JP][104870668]けーびぃー,22300,-17.7,[JP][132889350]綴美,14500,-35.5,260925-0b45140c-aa2e-48d2-aa41-51841eb0ddc1,
2026-09-25 20:14:50,2026-09-25 21:09:14,no,[JP][132889350]綴美,38200,48.2,[JP][121291970]クッション枕,36200,16.2,[JP][104870668]けーびぃー,29900,-10.1,[JP][123842955]アヤコぽん,-4300,-54.3,260925-b0bc0ce7-f7cd-42ea-9912-d5fa5f39a994,
2026-09-25 19:28:52,2026-09-25 20:08:24,no,[JP][103875087]ゆあちゅん、,41400,51.4,[JP][97781556]西待,35800,15.8,[JP][128534146]アラキ,29200,-10.8,[JP][91745475]のあだよ〜ん,-6400,-56.4,260925-78098dda-d450-43f5-98f3-a9d9de910343,
2026-09-25 18:49:06,2026-09-25 19:33:21,no,[JP][137746445]ここここきじゅ,54300,64.3,[JP][130945282]プニ太郎,32900,12.9,[JP][132889350]綴美,15500,-24.5,[JP][122060292]しとらす@神速,-2700,-52.7,260925-4a777ea7-6e66-4f8c-b582-b3eb89512316,
2026-09-25 18:23:42,2026-09-25 18:57:52,no,[JP][109087630]うさみさ,53900,63.9,[JP][87368974]むしちゃんです,20900,0.9,[JP][97781556]西待,18000,-22,[JP][128534146]アラキ,7200,-42.8,260925-08ca5d8c-df33-4800-97ab-8f9be6675fdd,
2026-09-25 15:13:40,2026-09-25 15:48:56,no,[JP][122060292]しとらす@神速,52000,62,[JP][85657666]tsuna_san,29900,9.9,[JP][107121024]ミルモでチー,16400,-23.6,[JP][97781556]西待,1700,-48.3,260925-a93f7cac-6035-455f-bb49-439a732067be,
2026-09-25 13:44:17,2026-09-25 14:18:28,no,[JP][121291970]クッション枕,39200,49.2,[JP][128534146]アラキ,33200,13.2,[JP][107121024]ミルモでチー,16300,-23.7,[JP][122060292]しとらす@神速,11300,-38.7,260925-3dbf9531-c1c4-4c7d-92d6-0e311ff39a7a,
2026-09-25 13:07:31,2026-09-25 13:41:58,no,[JP][107121024]ミルモでチー,32800,42.8,[JP][128534146]アラキ,30400,10.4,[JP][129773571]うに嫌い。,19900,-20.1,[JP][122060292]しとらす@神速,16900,-33.1,260925-8e1545f1-6b9b-4657-b03e-8d389d9889cb,
2026-09-25 11:37:54,2026-09-25 12:13:40,no,[JP][110084301]かんんちゃ,64300,74.3,[JP][103999753]kotetsu0422,38300,18.3,[JP][127685187]yukke_08,9800,-30.2,[JP][122700559]ひつじ04,-12400,-62.4,260925-776f59d1-0536-4306-94ec-b20197d6c527,
2026-09-25 10:47:07,2026-09-25 11:30:34,no,[JP][103999753]kotetsu0422,46900,56.9,[JP][122700559]ひつじ04,43100,23.1,[JP][91745475]のあだよ〜ん,38500,-1.5,[JP][110084301]かんんちゃ,-28500,-78.5,260925-bdaa363f-8d35-41f8-b186-c195d22f0924,
2026-09-25 10:05:37,2026-09-25 10:37:14,no,[JP][122700559]ひつじ04,50000,60,[JP][122060292]しとらす@神速,27600,7.6,[JP][103999753]kotetsu0422,25900,-14.1,[JP][91745475]のあだよ〜ん,-3500,-53.5,260925-36cca778-0199-45d5-ad00-83a93df15b7e,
2026-09-25 09:13:05,2026-09-25 09:44:01,no,[JP][135093176]ちゅんたくや,35600,45.6,[JP][103999753]kotetsu0422,27500,7.5,[JP][122700559]ひつじ04,20400,-19.6,[JP][91745475]のあだよ〜ん,16500,-33.5,260925-57245269-c419-4b20-8f12-96cf3c2cbc71,
2026-09-25 02:39:25,2026-09-25 03:22:01,no,[JP][121446473]Akise299,57700,67.7,[JP][122700559]ひつじ04,31100,11.1,[JP][103999753]kotetsu0422,21400,-18.6,[JP][127685187]yukke_08,-10200,-60.2,260925-9dcfba16-ab3c-45cc-bd8c-a39aa070d1e8,
2026-09-25 01:59:00,2026-09-25 02:27:13,no,[JP][103999753]kotetsu0422,34600,44.6,[JP][132889350]綴美,25000,5,[JP][122700559]ひつじ04,24300,-15.7,[JP][129773571]うに嫌い。,16100,-33.9,260925-241d1a53-f778-4309-8aa2-e4672bf75305,
2026-09-25 00:18:56,2026-09-25 00:53:57,no,[JP][109087630]うさみさ,45500,55.5,[JP][143266822]たむちゃん茶,29300,9.3,[JP][129679874]ニャンchan彡,16300,-23.7,[JP][122700559]ひつじ04,8900,-41.1,260924-0270d307-49df-4a1f-adad-a1a261258960,
2026-09-24 23:31:47,2026-09-25 00:05:45,no,[JP][97781556]西待,53300,63.3,[JP][122060292]しとらす@神速,20100,0.1,[JP][98640564]ono101,14400,-25.6,[JP][143266822]たむちゃん茶,12200,-37.8,260924-5ab1c2fb-f4b7-4820-98a5-0e2c3755efcc,
2026-09-24 23:00:28,2026-09-24 23:27:33,no,[JP][115482438]くぽぼん,42300,52.3,[JP][98640564]ono101,24900,4.9,[JP][97781556]西待,17500,-22.5,[JP][117795009]sakura20,15300,-34.7,260924-5d5fe2cb-f0c1-4dfa-a7e1-50eba4b87d3e,
2026-09-24 22:07:34,2026-09-24 22:47:31,no,[JP][91745475]のあだよ〜ん,57700,67.7,[JP][122060292]しとらす@神速,23500,3.5,[JP][98640564]ono101,16300,-23.7,[JP][122700559]ひつじ04,2500,-47.5,260924-d4f24641-94a9-4479-a495-30ebcd12a709,
2026-09-24 21:55:49,2026-09-24 22:40:14,no,[JP][97781556]西待,48300,58.3,[JP][103473217]ねこぜ7272,22400,2.4,[JP][130636363]龍華。。,19200,-20.8,[JP][99489737]閄くん,10100,-39.9,260924-00c667e6-fbe9-4ff6-91ff-d0d6e0ad22ea,
2026-09-24 21:18:15,2026-09-24 22:09:30,no,[JP][137746445]ここここきじゅ,68900,78.9,[JP][127500682]めいぴょい,29100,9.1,[JP][104870668]けーびぃー,12300,-27.7,[JP][107121024]ミルモでチー,-10300,-60.3,260924-ea82e0b5-5faa-48dc-aafe-54a89fd4817f,
2026-09-24 21:25:25,2026-09-24 21:56:21,no,[JP][91745475]のあだよ〜ん,37100,47.1,[JP][122060292]しとらす@神速,30800,10.8,[JP][98640564]ono101,24500,-15.5,[JP][140986564]ミラージュ梅,7600,-42.4,260924-43ebe7eb-e2ea-4570-a0fe-743f42bd0ce1,
2026-09-24 21:08:29,2026-09-24 21:38:29,no,[JP][129679874]ニャンchan彡,58000,68,[JP][122700559]ひつじ04,32000,12,[JP][127685187]yukke_08,13500,-26.5,[JP][143266822]たむちゃん茶,-3500,-53.5,260924-daef8589-25f3-41e5-816b-3677cb8f968b,
2026-09-24 20:49:12,2026-09-24 21:22:42,no,[JP][122060292]しとらす@神速,37900,47.9,[JP][108211976]佐鳥乃愛,37500,17.5,[JP][120737357]キャン著名,14300,-25.7,[JP][91745475]のあだよ〜ん,10300,-39.7,260924-7d3f6dab-bd6d-4a0f-bd28-b8e787db3d9b,
2026-09-24 20:38:37,2026-09-24 21:12:23,no,[JP][132889350]綴美,40500,50.5,[JP][98640564]ono101,23200,3.2,[JP][127500682]めいぴょい,21600,-18.4,[JP][104870668]けーびぃー,14700,-35.3,260924-b89a5093-fb6e-440a-aae7-e085c292f5d0,
2026-09-24 20:14:27,2026-09-24 20:45:26,no,[JP][123842955]アヤコぽん,66100,76.1,[JP][122060292]しとらす@神速,29800,9.8,[JP][108211976]佐鳥乃愛,22500,-17.5,[JP][120737357]キャン著名,-18400,-68.4,260924-993b3ac4-391c-4391-9a4f-62e133134d01,
2026-09-24 19:16:04,2026-09-24 20:07:07,no,[JP][122060292]しとらす@神速,60800,70.8,[JP][127685187]yukke_08,38000,18,[JP][90337603]酔猫0724,900,-39.1,[JP][91745475]のあだよ〜ん,300,-49.7,260924-f658a5a6-00dd-4765-9b22-3f5b801e599c,
2026-09-24 19:39:51,2026-09-24 20:05:54,no,[JP][127500682]めいぴょい,44400,54.4,[JP][115482438]くぽぼん,40800,20.8,[JP][143266822]たむちゃん茶,15400,-24.6,[JP][109087630]うさみさ,-600,-50.6,260924-48050ab0-2dca-4b47-abc5-0d37db6502a6,
2026-09-24 18:46:15,2026-09-24 19:13:20,no,[JP][127685187]yukke_08,43600,53.6,[JP][136949124]シャルにゃん,24300,4.3,[JP][127500682]めいぴょい,18800,-21.2,[JP][143266822]たむちゃん茶,13300,-36.7,260924-f944ad36-219a-4b12-aced-8a5d7f555874,
2026-09-24 17:58:28,2026-09-24 18:40:27,no,[JP][129773571]うに嫌い。,50500,60.5,[JP][143266822]たむちゃん茶,27800,7.8,[JP][127685187]yukke_08,19300,-20.7,[JP][104870668]けーびぃー,2400,-47.6,260924-288a5096-e679-4636-be26-90e7a6140924,
2026-09-24 01:33:14,2026-09-24 02:21:34,no,[JP][132889350]綴美,37900,47.9,[JP][107121024]ミルモでチー,32100,12.1,[JP][143266822]たむちゃん茶,30600,-9.4,[JP][129679874]ニャンchan彡,-600,-50.6,260924-e969c986-e856-4636-8ba7-2358ac1a9470,
2026-09-24 00:23:48,2026-09-24 01:08:06,no,[JP][107121024]ミルモでチー,63700,73.7,[JP][97781556]西待,44400,24.4,[JP][129679874]ニャンchan彡,13000,-27,[JP][143266822]たむちゃん茶,-21100,-71.1,260923-b45a5dc0-9d9d-46a3-a41c-bb4740592aeb,
2026-09-23 23:33:31,2026-09-24 00:14:53,no,[JP][107121024]ミルモでチー,30800,40.8,[JP][105958026]モモンs,28800,8.8,[JP][104870668]けーびぃー,23100,-16.9,[JP][103136012]ルート12345,17300,-32.7,260923-c5410e4a-4846-4537-ad1e-7b5155ce31df,
2026-09-23 23:45:11,2026-09-24 00:10:21,no,[JP][97781556]西待,34900,44.9,[JP][143266822]たむちゃん茶,28700,8.7,[JP][129679874]ニャンchan彡,24400,-15.6,[JP][126958659]tazmitu,12000,-38,260923-d025ed49-1ce2-46ac-872d-abd1509e0298,
2026-09-23 23:04:20,2026-09-23 23:29:23,no,[JP][129679874]ニャンchan彡,44500,54.5,[JP][97781556]西待,42200,22.2,[JP][143266822]たむちゃん茶,22200,-17.8,[JP][103136012]ルート12345,-8900,-58.9,260923-b4fbd405-79da-4825-969a-6f386bd1f669,
2026-09-23 20:06:23,2026-09-23 20:39:06,no,[JP][102767246]やまどりぃ,53800,63.8,[JP][104870668]けーびぃー,42500,22.5,[JP][97781556]西待,5400,-34.6,[JP][135989001]ちたーふ,-1700,-51.7,260923-0a1adb1b-0a2b-4693-b8b3-b239dee3975a,
2026-09-23 19:24:37,2026-09-23 20:02:40,no,[JP][113816715]あるですけど,40300,50.3,[JP][97781556]西待,34500,14.5,[JP][123842955]アヤコぽん,24300,-15.7,[JP][122060292]しとらす@神速,900,-49.1,260923-61457061-efc8-438c-9aec-8d172f091b82,
2026-09-23 18:35:18,2026-09-23 19:20:06,no,[JP][127685187]yukke_08,49700,59.7,[JP][113140034]クロミです,27300,7.3,[JP][97781556]西待,16500,-23.5,[JP][122060292]しとらす@神速,6500,-43.5,260923-9f0cdd9f-14cb-46c4-a3dd-27daaf727d80,
2026-09-23 18:24:55,2026-09-23 19:19:53,no,[JP][132889350]綴美,37900,47.9,[JP][127500682]めいぴょい,32100,12.1,[JP][141442184]パラセクト。,29700,-10.3,[JP][135989001]ちたーふ,300,-49.7,260923-c0bd8a6d-4681-43d6-84a0-120e839df1a3,
2026-09-23 14:10:03,2026-09-23 14:37:13,no,[JP][136949124]シャルにゃん,37900,47.9,[JP][113816715]あるですけど,37100,17.1,[JP][121291970]クッション枕,19600,-20.4,[JP][122060292]しとらす@神速,5400,-44.6,260923-4a566a7e-22af-4408-8120-c3fecc7f582e,
2026-09-23 13:40:19,2026-09-23 14:05:07,no,[JP][127685187]yukke_08,32600,42.6,[JP][91745475]のあだよ〜ん,25400,5.4,[JP][136949124]シャルにゃん,24400,-15.6,[JP][122700559]ひつじ04,17600,-32.4,260923-724cab5b-e64f-4105-b9e7-8b6ffa5fe466,
2026-09-23 13:00:08,2026-09-23 13:37:41,no,[JP][122060292]しとらす@神速,33400,43.4,[JP][121291970]クッション枕,22900,2.9,[JP][113816715]あるですけど,22000,-18,[JP][91745475]のあだよ〜ん,21700,-28.3,260923-0fe6bfa1-355c-46e2-b26d-c7ca8881eb84,
2026-09-23 12:54:27,2026-09-23 13:26:02,no,[JP][103136012]ルート12345,32700,42.7,[JP][127685187]yukke_08,31000,11,[JP][122700559]ひつじ04,25300,-14.7,[JP][127500682]めいぴょい,11000,-39,260923-8e2f44f3-d972-4211-8e86-34a04b8b6669,
2026-09-23 12:21:20,2026-09-23 12:56:38,no,[JP][121291970]クッション枕,36000,46,[JP][113140034]クロミです,32600,12.6,[JP][122060292]しとらす@神速,17500,-22.5,[JP][113816715]あるですけど,13900,-36.1,260923-605104b2-8aec-46f8-9c95-bfe20d549891,
2026-09-23 02:43:28,2026-09-23 03:34:46,no,[JP][137746445]ここここきじゅ,41800,51.8,[JP][107121024]ミルモでチー,37500,17.5,[JP][103875087]ゆあちゅん、,24900,-15.1,[JP][109087630]うさみさ,-4200,-54.2,260923-9ab66a18-b88b-47da-9eea-094cb9d2291c,
2026-09-23 01:05:57,2026-09-23 01:35:16,no,[JP][135989001]ちたーふ,54500,64.5,[JP][99259658]CVココア,22400,2.4,[JP][113140034]クロミです,19900,-20.1,[JP][129679874]ニャンchan彡,3200,-46.8,260923-eeff6896-5901-4bc0-9cde-10edc48c3835,
2026-09-23 00:13:56,2026-09-23 01:10:26,no,[JP][127500682]めいぴょい,33800,43.8,[JP][97781556]西待,30800,10.8,[JP][113816715]あるですけど,29300,-10.7,[JP][130636363]龍華。。,6100,-43.9,260922-4518f1f5-1958-49fd-818a-ebdfa7008e51,
2026-09-23 00:32:04,2026-09-23 01:01:05,no,[JP][129679874]ニャンchan彡,47700,57.7,[JP][135989001]ちたーふ,25500,5.5,[JP][99259658]CVココア,21600,-18.4,[JP][143266822]たむちゃん茶,5200,-44.8,260922-6ea45e5d-98fb-4273-89d1-1361b54898a9,
2026-09-22 23:32:32,2026-09-23 00:06:05,no,[JP][109087630]うさみさ,31600,41.6,[JP][127685187]yukke_08,31200,11.2,[JP][136949124]シャルにゃん,19000,-21,[JP][130636363]龍華。。,18200,-31.8,260922-6e694dab-1497-4578-b24d-5745a2d11266,
2026-09-22 23:15:28,2026-09-22 23:58:31,no,[JP][123842955]アヤコぽん,42500,52.5,[JP][105958026]モモンs,39600,19.6,[JP][127500682]めいぴょい,11400,-28.6,[JP][113816715]あるですけど,6500,-43.5,260922-a0b0c657-c3a2-4dd8-98e9-0108d52d5213,
2026-09-22 22:29:48,2026-09-22 23:22:40,no,[JP][127685187]yukke_08,59400,69.4,[JP][136949124]シャルにゃん,42700,22.7,[JP][126958659]tazmitu,25000,-15,[JP][107121024]ミルモでチー,-27100,-77.1,260922-7ec59083-b175-4ef6-8749-5b72036d7851,
2026-09-22 22:45:00,2026-09-22 23:12:41,no,[JP][127500682]めいぴょい,36500,46.5,[JP][123842955]アヤコぽん,33700,13.7,[JP][113816715]あるですけど,28000,-12,[JP][105958026]モモンs,1800,-48.2,260922-ece3d7b5-e638-46ba-b115-e0101aadff2c,
2026-09-22 21:52:59,2026-09-22 22:43:17,no,[JP][105958026]モモンs,45000,55,[JP][103875087]ゆあちゅん、,34700,14.7,[JP][123842955]アヤコぽん,19900,-20.1,[JP][113816715]あるですけど,400,-49.6,260922-ea190d97-1763-460e-9c9b-e6cf5b8af550,
2026-09-22 21:24:06,2026-09-22 22:11:07,no,[JP][127685187]yukke_08,42300,52.3,[JP][130636363]龍華。。,23800,3.8,[JP][136949124]シャルにゃん,18700,-21.3,[JP][99489737]閄くん,15200,-34.8,260922-40e09d6b-3f9c-4807-b9a1-b26eb35fe98f,
2026-09-22 21:06:33,2026-09-22 21:51:20,no,[JP][103875087]ゆあちゅん、,37900,47.9,[JP][105958026]モモンs,32100,12.1,[JP][113816715]あるですけど,31200,-8.8,[JP][123842955]アヤコぽん,-1200,-51.2,260922-c78a743b-7f5c-4aac-a772-fad739721d7d,
2026-09-22 17:29:49,2026-09-22 17:58:51,no,[JP][127500682]めいぴょい,47000,57,[JP][109087630]うさみさ,20700,0.7,[JP][105958026]モモンs,18400,-21.6,[JP][113816715]あるですけど,13900,-36.1,260922-dd2c41a5-f23c-4f84-b8b4-f87a343b0c0e,
2026-09-22 16:57:11,2026-09-22 17:28:33,no,[JP][109087630]うさみさ,43700,53.7,[JP][113816715]あるですけど,36300,16.3,[JP][105958026]モモンs,14400,-25.6,[JP][127500682]めいぴょい,5600,-44.4,260922-8973ab12-0274-4a95-ac21-7b5f7c1a27e4,
2026-09-22 16:08:00,2026-09-22 16:52:48,no,[JP][122060292]しとらす@神速,37700,47.7,[JP][127685187]yukke_08,32300,12.3,[JP][107121024]ミルモでチー,18000,-22,[JP][105958026]モモンs,12000,-38,260922-2c2b4f2e-64a0-4e57-97c4-bf478709e6db,
2026-09-22 15:15:35,2026-09-22 15:58:03,no,[JP][109087630]うさみさ,40100,50.1,[JP][136949124]シャルにゃん,28500,8.5,[JP][130636363]龍華。。,26800,-13.2,[JP][121291970]クッション枕,4600,-45.4,260922-298c368e-2110-4c0b-8632-975c4ad786d0,
2026-09-22 14:54:33,2026-09-22 15:28:45,no,[JP][129773571]うに嫌い。,49800,59.8,[JP][105958026]モモンs,42100,22.1,[JP][122060292]しとらす@神速,16800,-23.2,[JP][141442184]パラセクト。,-8700,-58.7,260922-08c79fc4-8338-46b4-8700-026ba3da97d0,
2026-09-22 11:33:44,2026-09-22 12:00:47,no,[JP][113816715]あるですけど,37600,47.6,[JP][105958026]モモンs,27500,7.5,[JP][113140034]クロミです,20200,-19.8,[JP][121291970]クッション枕,14700,-35.3,260922-7513712f-7c44-4eea-95b1-4dec82e64c4a,
2026-09-22 10:54:28,2026-09-22 11:31:55,no,[JP][105958026]モモンs,64300,74.3,[JP][113816715]あるですけど,22300,2.3,[JP][113140034]クロミです,21600,-18.4,[JP][121291970]クッション枕,-8200,-58.2,260922-68a0b7e7-79eb-47db-ad49-951904718da0,
2026-09-22 10:10:36,2026-09-22 10:39:36,no,[JP][123842955]アヤコぽん,50600,60.6,[JP][103875087]ゆあちゅん、,36400,16.4,[JP][121291970]クッション枕,22300,-17.7,[JP][113816715]あるですけど,-9300,-59.3,260922-f84bfc65-fb0a-4156-95da-7819bc7e6f6c,
2026-09-22 09:07:47,2026-09-22 09:33:55,no,[JP][113140034]クロミです,36300,46.3,[JP][113816715]あるですけど,28600,8.6,[JP][123842955]アヤコぽん,20500,-19.5,[JP][121291970]クッション枕,14600,-35.4,260922-eae52283-ecf6-48ba-8c4f-0a5b0e6e55a8,
2026-09-22 03:13:15,2026-09-22 03:46:58,no,[JP][129773571]うに嫌い。,33800,43.8,[JP][132889350]綴美,29900,9.9,[JP][107121024]ミルモでチー,22200,-17.8,[JP][137746445]ここここきじゅ,14100,-35.9,260922-7c4fe729-667e-4c57-ad38-f41ddbeeb994,
2026-09-22 02:02:42,2026-09-22 02:50:54,no,[JP][135989001]ちたーふ,40700,50.7,[JP][107121024]ミルモでチー,38700,18.7,[JP][137746445]ここここきじゅ,13900,-26.1,[JP][130636363]龍華。。,6700,-43.3,260922-c5e06ccc-8a15-4259-ab27-f491d7a194ec,
2026-09-22 01:07:34,2026-09-22 01:58:27,no,[JP][130636363]龍華。。,40500,50.5,[JP][136949124]シャルにゃん,29700,9.7,[JP][135989001]ちたーふ,22700,-17.3,[JP][107121024]ミルモでチー,7100,-42.9,260922-24a731fe-2521-46a6-81b6-5c1514b47983,
2026-09-21 23:37:55,2026-09-22 00:36:51,no,[JP][136949124]シャルにゃん,31400,41.4,[JP][112646465]苺ですよ,28100,8.1,[JP][121446473]Akise299,25000,-15,[JP][135989001]ちたーふ,15500,-34.5,260921-18a1aaa2-69df-4209-8960-cde5a5cb4e5d,
2026-09-21 19:54:29,2026-09-21 20:51:33,no,[JP][113140034]クロミです,45000,55,[JP][113816715]あるですけど,31400,11.4,[JP][127500682]めいぴょい,16900,-23.1,[JP][128142273]ーはまちー,6700,-43.3,260921-2a8095ba-74a0-416a-af44-3c3d3ba5369c,
2026-09-21 19:05:46,2026-09-21 19:28:58,no,[JP][127500682]めいぴょい,37400,47.4,[JP][113816715]あるですけど,31900,11.9,[JP][128142273]ーはまちー,23500,-16.5,[JP][122060292]しとらす@神速,7200,-42.8,260921-ec7e77da-2e69-48c3-b9ca-9747c3588169,
2026-09-21 18:26:13,2026-09-21 19:02:25,no,[JP][127500682]めいぴょい,39500,49.5,[JP][122060292]しとらす@神速,27900,7.9,[JP][113816715]あるですけど,20800,-19.2,[JP][128142273]ーはまちー,11800,-38.2,260921-4fd8428a-6059-46ac-9031-0225a2b7dfa1,
2026-09-21 17:53:08,2026-09-21 18:23:05,no,[JP][129773571]うに嫌い。,35500,45.5,[JP][128142273]ーはまちー,35400,15.4,[JP][127500682]めいぴょい,18000,-22,[JP][121446473]Akise299,11100,-38.9,260921-1c325729-ac99-4c7f-b405-c4c022428f60,
2026-09-21 17:20:27,2026-09-21 17:59:36,no,[JP][107121024]ミルモでチー,32300,42.3,[JP][112646465]苺ですよ,30400,10.4,[JP][127685187]yukke_08,24200,-15.8,[JP][122060292]しとらす@神速,13100,-36.9,260921-4b0b0415-a1a0-4b22-a8d2-4b3322bc518b,
2026-09-21 17:09:11,2026-09-21 17:46:09,no,[JP][91745475]のあだよ〜ん,36600,46.6,[JP][121446473]Akise299,33100,13.1,[JP][127500682]めいぴょい,31200,-8.8,[JP][128142273]ーはまちー,-900,-50.9,260921-36ab42fb-4221-49b8-b687-75239a4c5460,
2026-09-21 16:29:18,2026-09-21 17:12:01,no,[JP][107121024]ミルモでチー,31400,41.4,[JP][122060292]しとらす@神速,30500,10.5,[JP][135093176]ちゅんたくや,25800,-14.2,[JP][127685187]yukke_08,12300,-37.7,260921-ab923f8a-c928-4bba-947b-af693d2abb6d,
2026-09-21 15:24:45,2026-09-21 15:46:24,no,[JP][129773571]うに嫌い。,44800,54.8,[JP][122060292]しとらす@神速,27100,7.1,[JP][113816715]あるですけど,24800,-15.2,[JP][121446473]Akise299,3300,-46.7,260921-bcda7082-325c-4848-8610-bae9c43a1958,
2026-09-21 14:47:26,2026-09-21 15:14:16,no,[JP][129773571]うに嫌い。,44800,54.8,[JP][113816715]あるですけど,23000,3,[JP][122060292]しとらす@神速,18500,-21.5,[JP][126958659]tazmitu,13700,-36.3,260921-ef3a5069-173c-4cf9-9cfc-da56c7ac8c85,
2026-09-21 12:32:38,2026-09-21 12:59:12,no,[JP][103473217]ねこぜ7272,44600,54.6,[JP][113140034]クロミです,31600,11.6,[JP][127685187]yukke_08,31100,-8.9,[JP][135989001]ちたーふ,-7300,-57.3,260921-72c47cf3-5006-41ee-8b77-547af5ab052a,
2026-09-21 11:40:26,2026-09-21 12:23:52,no,[JP][127685187]yukke_08,51200,61.2,[JP][135989001]ちたーふ,27800,7.8,[JP][122060292]しとらす@神速,25200,-14.8,[JP][113140034]クロミです,-4200,-54.2,260921-0930f146-786d-4cba-9782-9e141f5ff10d,
2026-09-21 11:05:32,2026-09-21 11:37:19,no,[JP][127685187]yukke_08,42900,52.9,[JP][105958026]モモンs,38200,18.2,[JP][113140034]クロミです,20000,-20,[JP][122060292]しとらす@神速,-1100,-51.1,260921-4ed86458-32a0-4272-a090-beab381241d7,
2026-09-21 10:25:43,2026-09-21 11:02:37,no,[JP][122060292]しとらす@神速,39600,49.6,[JP][127685187]yukke_08,30300,10.3,[JP][113140034]クロミです,23600,-16.4,[JP][105958026]モモンs,6500,-43.5,260921-98fe483f-7d29-4fd6-b1f4-c84503e29c78,
2026-09-21 09:57:44,2026-09-21 10:20:58,no,[JP][122060292]しとらす@神速,33900,43.9,[JP][105958026]モモンs,32300,12.3,[JP][136949124]シャルにゃん,23600,-16.4,[JP][113140034]クロミです,10200,-39.8,260921-9ab041fb-8316-404a-aa3a-11a7ee966863,
2026-09-21 03:55:47,2026-09-21 04:51:39,no,[JP][135989001]ちたーふ,87700,97.7,[JP][86425605]suzuken3,22700,2.7,[JP][130636363]龍華。。,1300,-38.7,[JP][103875087]ゆあちゅん、,-11700,-61.7,260921-466d82b8-ff22-49f4-9f4a-28cc58a82886,
2026-09-21 02:55:17,2026-09-21 03:37:01,no,[JP][103875087]ゆあちゅん、,48700,58.7,[JP][135989001]ちたーふ,25500,5.5,[JP][130636363]龍華。。,16500,-23.5,[JP][86425605]suzuken3,9300,-40.7,260921-cfad9165-489e-4875-b1c5-47f58a2cf9aa,
2026-09-21 03:03:39,2026-09-21 03:34:23,no,[JP][112646465]苺ですよ,39900,49.9,[JP][137746445]ここここきじゅ,37100,17.1,[JP][135562955]【くぅー】,15100,-24.9,[JP][121446473]Akise299,7900,-42.1,260921-9af54a0b-5be3-4a53-ac05-e52b407989ab,
2026-09-21 02:26:34,2026-09-21 02:52:41,no,[JP][121446473]Akise299,36400,46.4,[JP][112646465]苺ですよ,31100,11.1,[JP][137746445]ここここきじゅ,20900,-19.1,[JP][107121024]ミルモでチー,11600,-38.4,260921-a7a65daa-7603-4484-b35d-88eb8e5dad56,
2026-09-21 01:52:26,2026-09-21 02:24:43,no,[JP][121446473]Akise299,31100,41.1,[JP][112646465]苺ですよ,26800,6.8,[JP][137746445]ここここきじゅ,21400,-18.6,[JP][107121024]ミルモでチー,20700,-29.3,260921-47ee66f6-bb74-411d-8de5-0b20e9fd20e6,
2026-09-21 01:14:45,2026-09-21 01:50:34,no,[JP][107121024]ミルモでチー,44100,54.1,[JP][112646465]苺ですよ,39600,19.6,[JP][137746445]ここここきじゅ,10600,-29.4,[JP][121446473]Akise299,5700,-44.3,260921-fa5767de-e085-46ad-99d4-7f262f70200c,
2026-09-21 00:19:46,2026-09-21 01:07:54,no,[JP][107121024]ミルモでチー,44000,54,[JP][103875087]ゆあちゅん、,24900,4.9,[JP][121446473]Akise299,19900,-20.1,[JP][91745475]のあだよ〜ん,11200,-38.8,260920-3d6cae34-e896-4285-a95c-939e3b8844f0,
2026-09-20 23:33:07,2026-09-21 00:12:56,no,[JP][113816715]あるですけど,50100,60.1,[JP][127685187]yukke_08,25500,5.5,[JP][113140034]クロミです,25000,-15,[JP][91745475]のあだよ〜ん,-600,-50.6,260920-30a9c95f-e3a9-47b0-a406-1421eed1e388,
2026-09-20 22:56:38,2026-09-20 23:23:41,no,[JP][121446473]Akise299,49900,59.9,[JP][137746445]ここここきじゅ,21000,1,[JP][103875087]ゆあちゅん、,17000,-23,[JP][104870668]けーびぃー,12100,-37.9,260920-2a6f5329-58d0-4e9e-8f8f-3bf52295048b,
2026-09-20 22:07:31,2026-09-20 22:39:09,no,[JP][103875087]ゆあちゅん、,36700,46.7,[JP][128142273]ーはまちー,30300,10.3,[JP][127500682]めいぴょい,26000,-14,[JP][115482438]くぽぼん,7000,-43,260920-37558896-010f-4324-9c12-dc1a9a04afa1,
2026-09-20 21:44:41,2026-09-20 22:38:13,no,[JP][113140034]クロミです,35100,45.1,[JP][137746445]ここここきじゅ,29700,9.7,[JP][122060292]しとらす@神速,17900,-22.1,[JP][136949124]シャルにゃん,17300,-32.7,260920-e31e1ecb-5af7-4bf0-9157-2c02b2142b42,
2026-09-20 21:17:27,2026-09-20 21:41:52,no,[JP][122060292]しとらす@神速,51300,61.3,[JP][115482438]くぽぼん,30900,10.9,[JP][136949124]シャルにゃん,10900,-29.1,[JP][121573512]wot毒舌妹bot,6900,-43.1,260920-5303f341-5c99-4ed9-a18d-abf25799bada,
2026-09-20 15:09:41,2026-09-20 15:44:24,no,[JP][107121024]ミルモでチー,32000,42,[JP][127685187]yukke_08,24800,4.8,[JP][113140034]クロミです,23800,-16.2,[JP][122060292]しとらす@神速,19400,-30.6,260920-b6f083e8-c7bc-4252-b929-b99e9528d6dd,
2026-09-20 13:33:58,2026-09-20 14:08:48,no,[JP][113140034]クロミです,39200,49.2,[JP][122060292]しとらす@神速,29100,9.1,[JP][135989001]ちたーふ,18400,-21.6,[JP][103875087]ゆあちゅん、,13300,-36.7,260920-0fbae0bd-1ee1-4b55-95a0-e70f4fe12be4,
2026-09-20 12:26:19,2026-09-20 13:24:03,no,[JP][121291970]クッション枕,34600,44.6,[JP][128534146]アラキ,28200,8.2,[JP][135989001]ちたーふ,20700,-19.3,[JP][122060292]しとらす@神速,16500,-33.5,260920-6e3335ee-c4be-4f0b-bd25-5d2fb43f8ee0,
2026-09-20 11:47:33,2026-09-20 12:23:03,no,[JP][130636363]龍華。。,42300,52.3,[JP][128534146]アラキ,39600,19.6,[JP][121291970]クッション枕,17300,-22.7,[JP][135989001]ちたーふ,800,-49.2,260920-6ea22865-fb91-4214-b3a8-ee0fb420ab4c,
2026-09-20 11:03:09,2026-09-20 11:35:27,no,[JP][135989001]ちたーふ,39400,49.4,[JP][121291970]クッション枕,28600,8.6,[JP][128534146]アラキ,18800,-21.2,[JP][122700559]ひつじ04,13200,-36.8,260920-dc515765-ca6e-4cc4-85c2-f10c1b974e67,
2026-09-20 08:49:25,2026-09-20 09:24:02,no,[JP][141442184]パラセクト。,49300,59.3,[JP][104870668]けーびぃー,23500,3.5,[JP][127500682]めいぴょい,17100,-22.9,[JP][132889350]綴美,10100,-39.9,260920-20c5ea77-49c1-4001-8494-600749e31ce7,
2026-09-20 08:03:05,2026-09-20 08:44:38,no,[JP][132889350]綴美,45700,55.7,[JP][122060292]しとらす@神速,45500,25.5,[JP][127500682]めいぴょい,7600,-32.4,[JP][104870668]けーびぃー,1200,-48.8,260920-e336aaec-0ea2-46f4-85fd-704da7f4ece8,
2026-09-20 06:46:30,2026-09-20 07:17:58,no,[JP][132889350]綴美,51900,61.9,[JP][104870668]けーびぃー,22100,2.1,[JP][137746445]ここここきじゅ,21000,-19,[JP][135562955]【くぅー】,5000,-45,260920-69a544fa-66ab-4ea0-8eb5-949071c53130,
2026-09-20 05:32:28,2026-09-20 06:00:52,no,[JP][122700559]ひつじ04,41600,51.6,[JP][91745475]のあだよ〜ん,31400,11.4,[JP][103999753]kotetsu0422,21400,-18.6,[JP][90337603]酔猫0724,5600,-44.4,260920-27721295-6d22-4e21-90ed-b82be226c8e1,
2026-09-20 04:58:06,2026-09-20 05:30:30,no,[JP][122700559]ひつじ04,42200,52.2,[JP][91745475]のあだよ〜ん,41100,21.1,[JP][90337603]酔猫0724,16200,-23.8,[JP][103999753]kotetsu0422,500,-49.5,260920-03fffab2-78c9-4417-b347-2b78097f9725,
2026-09-20 04:19:42,2026-09-20 04:54:57,no,[JP][91745475]のあだよ〜ん,65400,75.4,[JP][103999753]kotetsu0422,18100,-1.9,[JP][122700559]ひつじ04,13900,-26.1,[JP][90337603]酔猫0724,2600,-47.4,260920-9cbc07ca-c109-4915-867a-de6384eaea71,
2026-09-20 02:36:05,2026-09-20 03:12:28,no,[JP][137746445]ここここきじゅ,89200,99.2,[JP][132889350]綴美,17400,-2.6,[JP][107121024]ミルモでチー,2100,-37.9,[JP][135562955]【くぅー】,-8700,-58.7,260920-b7b7b9cd-bae2-4e83-84e2-43436b87a65d,
2026-09-20 01:51:00,2026-09-20 02:29:22,no,[JP][122700559]ひつじ04,35200,45.2,[JP][135989001]ちたーふ,28600,8.6,[JP][91745475]のあだよ〜ん,22900,-17.1,[JP][130636363]龍華。。,13300,-36.7,260920-12a9a111-4558-4c56-8c10-954a72f1160a,
2026-09-20 01:06:53,2026-09-20 01:47:49,no,[JP][122700559]ひつじ04,49200,59.2,[JP][130636363]龍華。。,39100,19.1,[JP][91745475]のあだよ〜ん,27700,-12.3,[JP][113140034]クロミです,-16000,-66,260920-a27566ff-35d0-417b-9ad4-2a65106d62ac,
2026-09-20 00:15:20,2026-09-20 01:01:46,no,[JP][135562955]【くぅー】,50600,60.6,[JP][137746445]ここここきじゅ,46600,26.6,[JP][107121024]ミルモでチー,9600,-30.4,[JP][130636363]龍華。。,-6800,-56.8,260919-e6121b69-e0d3-4d58-8c12-c2eef25e8aee,
2026-09-19 23:24:44,2026-09-20 00:15:13,no,[JP][136949124]シャルにゃん,48700,58.7,[JP][91745475]のあだよ〜ん,39700,19.7,[JP][128534146]アラキ,8700,-31.3,[JP][104870668]けーびぃー,2900,-47.1,260919-acd92131-d06f-4190-8686-6d6f182752b8,
2026-09-19 23:36:31,2026-09-20 00:05:46,no,[JP][100881664]ハッチz,33400,43.4,[JP][107121024]ミルモでチー,29500,9.5,[JP][135562955]【くぅー】,22700,-17.3,[JP][137746445]ここここきじゅ,14400,-35.6,260919-3b0ae895-5ed9-4d9d-b850-b537f213224c,
2026-09-19 23:14:03,2026-09-19 23:44:58,no,[JP][115482438]くぽぼん,45200,55.2,[JP][121446473]Akise299,21400,1.4,[JP][113140034]クロミです,21400,-18.6,[JP][122060292]しとらす@神速,12000,-38,260919-fd1d23b0-3e88-4767-b265-22ba3e7b87f8,
2026-09-19 19:40:34,2026-09-19 20:07:21,no,[JP][137746445]ここここきじゅ,45400,55.4,[JP][122060292]しとらす@神速,23100,3.1,[JP][135562955]【くぅー】,21500,-18.5,[JP][132385032]富士丸ラーメン,10000,-40,260919-52303989-f371-43ca-a954-7c6358ab4ee5,
2026-09-19 19:15:03,2026-09-19 20:03:33,no,[JP][135989001]ちたーふ,62000,72,[JP][132889350]綴美,39200,19.2,[JP][127500682]めいぴょい,20600,-19.4,[JP][110084301]かんんちゃ,-21800,-71.8,260919-e4209b5f-3247-4711-97d9-5572a9439181,
2026-09-19 18:59:02,2026-09-19 19:35:14,no,[JP][122060292]しとらす@神速,41400,51.4,[JP][135562955]【くぅー】,33400,13.4,[JP][137746445]ここここきじゅ,26400,-13.6,[JP][121446473]Akise299,-1200,-51.2,260919-09945be9-3604-4385-a28a-92a29fab95d0,
2026-09-19 18:04:44,2026-09-19 18:51:47,no,[JP][103875087]ゆあちゅん、,34600,44.6,[JP][129773571]うに嫌い。,25500,5.5,[JP][135562955]【くぅー】,22600,-17.4,[JP][137746445]ここここきじゅ,17300,-32.7,260919-f42222ba-7704-4ae4-835f-020939dac9f5,
2026-09-19 17:11:36,2026-09-19 18:01:45,no,[JP][127685187]yukke_08,58100,68.1,[JP][130636363]龍華。。,19100,-0.9,[JP][107121024]ミルモでチー,15600,-24.4,[JP][122060292]しとらす@神速,7200,-42.8,260919-db0c442f-cd84-4a39-934c-159904a0f0b5,
2026-09-19 17:16:10,2026-09-19 18:01:07,no,[JP][103473217]ねこぜ7272,36400,46.4,[JP][113140034]クロミです,32000,12,[JP][129773571]うに嫌い。,18100,-21.9,[JP][103875087]ゆあちゅん、,13500,-36.5,260919-3c38a714-095a-48fb-9134-b4f61d922339,
2026-09-19 15:56:22,2026-09-19 16:21:29,no,[JP][107121024]ミルモでチー,33900,43.9,[JP][122060292]しとらす@神速,31600,11.6,[JP][137746445]ここここきじゅ,22600,-17.4,[JP][115482438]くぽぼん,11900,-38.1,260919-125295b0-e5d1-424a-ba58-3cbec71c5c35,
2026-09-19 15:14:56,2026-09-19 15:52:09,no,[JP][107121024]ミルモでチー,31200,41.2,[JP][137746445]ここここきじゅ,23600,3.6,[JP][122060292]しとらす@神速,23500,-16.5,[JP][115482438]くぽぼん,21700,-28.3,260919-f3f80eed-7fa6-402a-a670-c61e647cee56,
2026-09-19 14:34:00,2026-09-19 15:09:27,no,[JP][103999753]kotetsu0422,30100,40.1,[JP][107121024]ミルモでチー,28900,8.9,[JP][113140034]クロミです,20500,-19.5,[JP][127500682]めいぴょい,20500,-29.5,260919-86079dae-994b-4c89-9570-4af5ccba8b51,
2026-09-19 13:50:21,2026-09-19 14:36:39,no,[JP][137746445]ここここきじゅ,40000,50,[JP][122060292]しとらす@神速,38500,18.5,[JP][103473217]ねこぜ7272,17100,-22.9,[JP][115482438]くぽぼん,4400,-45.6,260919-9b00fc30-b949-4b43-b5e9-0eea8f85a57d,
2026-09-19 08:04:46,2026-09-19 08:42:18,no,[JP][122060292]しとらす@神速,49700,59.7,[JP][132385032]富士丸ラーメン,17600,-2.4,[JP][127500682]めいぴょい,17200,-22.8,[JP][141442184]パラセクト。,15500,-34.5,260919-61a74c7b-b9f2-4898-b58c-658cafa84758,
2026-09-19 00:39:46,2026-09-19 01:39:32,no,[JP][103473217]ねこぜ7272,78800,88.8,[JP][113140034]クロミです,11500,-8.5,[JP][103136012]ルート12345,4900,-35.1,[JP][103999753]kotetsu0422,4800,-45.2,260918-0c003b02-5ab2-49cb-a4cf-cfc081077a2f,
2026-09-19 00:32:12,2026-09-19 01:02:09,no,[JP][107121024]ミルモでチー,60700,70.7,[JP][137746445]ここここきじゅ,30700,10.7,[JP][105958026]モモンs,10200,-29.8,[JP][121446473]Akise299,-1600,-51.6,260918-c4a8ade1-f5e8-4587-977e-e8ff001aad7b,
2026-09-19 00:12:26,2026-09-19 00:38:24,no,[JP][113140034]クロミです,50500,60.5,[JP][103136012]ルート12345,29700,9.7,[JP][103473217]ねこぜ7272,11300,-28.7,[JP][103999753]kotetsu0422,8500,-41.5,260918-df5f8887-97bf-443a-8720-80826867011a,
2026-09-18 23:35:40,2026-09-19 00:24:48,no,[JP][92338957]よももmm,42600,52.6,[JP][107121024]ミルモでチー,36700,16.7,[JP][137746445]ここここきじゅ,12800,-27.2,[JP][105958026]モモンs,7900,-42.1,260918-043ff232-fe57-40c4-9da8-78d439eadaa0,
2026-09-18 23:27:31,2026-09-19 00:06:01,no,[JP][91745475]のあだよ〜ん,32700,42.7,[JP][103999753]kotetsu0422,26600,6.6,[JP][127685187]yukke_08,21700,-18.3,[JP][113140034]クロミです,19000,-31,260918-e26d2991-4fb5-4596-bccc-6298982626bc,
2026-09-18 22:37:38,2026-09-18 23:33:36,no,[JP][107121024]ミルモでチー,56100,66.1,[JP][105958026]モモンs,34300,14.3,[JP][121573512]wot毒舌妹bot,16600,-23.4,[JP][92338957]よももmm,-7000,-57,260918-d0fa1baf-8369-4fa7-8d78-4ccf9a54b74c,
2026-09-18 21:45:45,2026-09-18 22:32:35,no,[JP][107121024]ミルモでチー,52900,62.9,[JP][92338957]よももmm,34100,14.1,[JP][137746445]ここここきじゅ,16000,-24,[JP][105958026]モモンs,-3000,-53,260918-7d3e336c-ec83-474b-8993-50745a9ab39e,
2026-09-18 19:43:42,2026-09-18 20:31:31,no,[JP][122700559]ひつじ04,41000,51,[JP][103875087]ゆあちゅん、,28800,8.8,[JP][103136012]ルート12345,19600,-20.4,[JP][104870668]けーびぃー,10600,-39.4,260918-ef58cbeb-edeb-482f-b779-2bfb040b140a,
2026-09-18 19:00:30,2026-09-18 19:38:28,no,[JP][104870668]けーびぃー,33200,43.2,[JP][135093176]ちゅんたくや,28200,8.2,[JP][122060292]しとらす@神速,24100,-15.9,[JP][103136012]ルート12345,14500,-35.5,260918-d543fefe-c998-4c0f-894c-06787f38398a,
2026-09-18 17:07:36,2026-09-18 17:44:57,no,[JP][107121024]ミルモでチー,38000,48,[JP][103473217]ねこぜ7272,33800,13.8,[JP][122060292]しとらす@神速,30400,-9.6,[JP][112646465]苺ですよ,-2200,-52.2,260918-7e26f496-5509-42ee-9eb7-5feb03bfa027,
2026-09-18 16:01:45,2026-09-18 17:03:59,no,[JP][91745475]のあだよ〜ん,55500,65.5,[JP][107121024]ミルモでチー,21000,1,[JP][103875087]ゆあちゅん、,20700,-19.3,[JP][122060292]しとらす@神速,2800,-47.2,260918-cade5a5a-2ced-4209-9592-9a12fcd08594,
2026-09-18 02:13:25,2026-09-18 02:53:57,no,[JP][107121024]ミルモでチー,51200,61.2,[JP][126958659]tazmitu,26700,6.7,[JP][137746445]ここここきじゅ,23300,-16.7,[JP][103875087]ゆあちゅん、,-1200,-51.2,260918-2aed3cd2-563a-4d78-a5aa-2cbc04e9824b,
2026-09-18 01:31:57,2026-09-18 02:09:27,no,[JP][107121024]ミルモでチー,37300,47.3,[JP][103875087]ゆあちゅん、,35500,15.5,[JP][137746445]ここここきじゅ,28000,-12,[JP][126958659]tazmitu,-800,-50.8,260918-0889797c-0994-4857-9a55-14dce375e5f1,
2026-09-18 00:37:59,2026-09-18 01:21:45,no,[JP][103875087]ゆあちゅん、,51000,61,[JP][107121024]ミルモでチー,36300,16.3,[JP][137746445]ここここきじゅ,8900,-31.1,[JP][105958026]モモンs,3800,-46.2,260917-8a2737c1-d016-43e9-9510-c75b25be62de,
2026-09-17 23:52:34,2026-09-18 00:29:29,no,[JP][107121024]ミルモでチー,59100,69.1,[JP][105958026]モモンs,26700,6.7,[JP][135989001]ちたーふ,21500,-18.5,[JP][86936271]nsnsnsn,-7300,-57.3,260917-d00f6b0e-3db7-4b70-8a6e-3b5d0398a9be,
2026-09-17 22:52:13,2026-09-17 23:46:15,no,[JP][86936271]nsnsnsn,40900,50.9,[JP][122060292]しとらす@神速,32300,12.3,[JP][104870668]けーびぃー,15600,-24.4,[JP][137746445]ここここきじゅ,11200,-38.8,260917-e053db3a-6b60-43f8-b348-cca36fc7766a,
2026-09-17 22:34:46,2026-09-17 23:15:42,no,[JP][121291970]クッション枕,35400,45.4,[JP][103473217]ねこぜ7272,28300,8.3,[JP][92338957]よももmm,27600,-12.4,[JP][105958026]モモンs,8700,-41.3,260917-02af2462-ef17-43f5-b621-432f85e9a76e,
2026-09-17 22:11:21,2026-09-17 22:47:47,no,[JP][104870668]けーびぃー,45000,55,[JP][122060292]しとらす@神速,21700,1.7,[JP][121573512]wot毒舌妹bot,19400,-20.6,[JP][86936271]nsnsnsn,13900,-36.1,260917-0b4b2527-958e-43d4-9788-732dd89c853d,
2026-09-17 21:23:56,2026-09-17 22:08:08,no,[JP][92338957]よももmm,50100,60.1,[JP][122060292]しとらす@神速,34300,14.3,[JP][137746445]ここここきじゅ,10100,-29.9,[JP][104870668]けーびぃー,5500,-44.5,260917-e398b163-b41a-49e2-9c0f-c62a122d9ac9,
2026-09-17 20:58:08,2026-09-17 21:22:35,no,[JP][137746445]ここここきじゅ,48800,58.8,[JP][122060292]しとらす@神速,39000,19,[JP][104870668]けーびぃー,21900,-18.1,[JP][92338957]よももmm,-9700,-59.7,260917-4379bc55-9b5e-4bd3-b47a-8137aa63903c,
2026-09-17 19:57:28,2026-09-17 20:54:49,no,[JP][127500682]めいぴょい,45200,55.2,[JP][122060292]しとらす@神速,36200,16.2,[JP][91745475]のあだよ〜ん,14600,-25.4,[JP][103999753]kotetsu0422,4000,-46,260917-cddcca1b-cc1b-4d5b-82d2-9012a3752d8b,
2026-09-17 19:13:58,2026-09-17 19:51:35,no,[JP][104870668]けーびぃー,53600,63.6,[JP][122060292]しとらす@神速,39200,19.2,[JP][135093176]ちゅんたくや,5700,-34.3,[JP][127500682]めいぴょい,1500,-48.5,260917-3b48d9da-ec4f-4375-910d-fe0a581ef3a2,
2026-09-17 18:30:12,2026-09-17 19:10:10,no,[JP][122060292]しとらす@神速,44900,54.9,[JP][136949124]シャルにゃん,32600,12.6,[JP][132889350]綴美,14500,-25.5,[JP][137746445]ここここきじゅ,8000,-42,260917-8e816ce3-1290-4ab2-8f25-5be3049ed374,
2026-09-17 17:36:38,2026-09-17 18:24:12,no,[JP][137746445]ここここきじゅ,44500,54.5,[JP][135989001]ちたーふ,37100,17.1,[JP][108211976]佐鳥乃愛,11900,-28.1,[JP][132889350]綴美,6500,-43.5,260917-aa202f15-6986-4045-97e1-a2b634f1c552,
2026-09-17 16:43:44,2026-09-17 17:08:09,no,[JP][108211976]佐鳥乃愛,41600,51.6,[JP][132889350]綴美,32700,12.7,[JP][92338957]よももmm,14000,-26,[JP][127685187]yukke_08,11700,-38.3,260917-325150e3-7cd2-423a-a156-ed9695cc9e08,
2026-09-17 16:08:39,2026-09-17 16:38:27,no,[JP][92338957]よももmm,34900,44.9,[JP][108211976]佐鳥乃愛,28500,8.5,[JP][132889350]綴美,20400,-19.6,[JP][127685187]yukke_08,16200,-33.8,260917-45c2ecdc-b6d5-47b8-b16e-274e791502f9,
2026-09-17 15:35:33,2026-09-17 16:03:59,no,[JP][92338957]よももmm,35400,45.4,[JP][108211976]佐鳥乃愛,27000,7,[JP][132889350]綴美,21500,-18.5,[JP][127685187]yukke_08,16100,-33.9,260917-b617e478-3e46-4769-ac3f-046035bc7cf7,
2026-09-17 13:35:14,2026-09-17 14:13:41,no,[JP][127685187]yukke_08,61200,71.2,[JP][122060292]しとらす@神速,30500,10.5,[JP][126958659]tazmitu,15200,-24.8,[JP][91745475]のあだよ〜ん,-6900,-56.9,260917-6041d428-044c-4de0-9911-6be3865af1a9,
2026-09-17 02:58:15,2026-09-17 03:34:49,no,[JP][123527427]いぐすけ,45100,55.1,[JP][102767246]やまどりぃ,31700,11.7,[JP][103875087]ゆあちゅん、,15200,-24.8,[JP][132889350]綴美,8000,-42,260917-a21b6162-35d6-46ec-a10f-b571bf333597,
2026-09-17 01:47:19,2026-09-17 02:28:19,no,[JP][132889350]綴美,65300,75.3,[JP][121446473]Akise299,45000,25,[JP][102767246]やまどりぃ,-1500,-41.5,[JP][107121024]ミルモでチー,-8800,-58.8,260917-6113148c-24b6-48cc-bbec-dc3d62214234,
2026-09-17 00:58:52,2026-09-17 01:37:50,no,[JP][121446473]Akise299,56500,66.5,[JP][137746445]ここここきじゅ,22400,2.4,[JP][132889350]綴美,11900,-28.1,[JP][107121024]ミルモでチー,9200,-40.8,260916-45f37451-13d7-40de-8e7d-b108252e736d,
2026-09-17 00:38:52,2026-09-17 01:22:08,no,[JP][112646465]苺ですよ,36800,46.8,[JP][103875087]ゆあちゅん、,24000,4,[JP][122700559]ひつじ04,19900,-20.1,[JP][91745475]のあだよ〜ん,19300,-30.7,260916-51da7930-6a61-449d-92a4-23d4f98f9029,
2026-09-17 00:26:26,2026-09-17 00:56:29,no,[JP][132889350]綴美,41000,51,[JP][137746445]ここここきじゅ,27700,7.7,[JP][107121024]ミルモでチー,18500,-21.5,[JP][121446473]Akise299,12800,-37.2,260916-487e8471-ecf4-4a0c-afcd-7d0736986719,
2026-09-16 23:36:19,2026-09-17 00:14:52,no,[JP][92338957]よももmm,65700,75.7,[JP][103875087]ゆあちゅん、,39600,19.6,[JP][130636363]龍華。。,4400,-35.6,[JP][121446473]Akise299,-9700,-59.7,260916-e5c3726a-e117-4693-bc1c-7902f045e790,
2026-09-16 19:39:37,2026-09-16 20:05:58,no,[JP][132889350]綴美,31700,41.7,[JP][113816715]あるですけど,27500,7.5,[JP][127685187]yukke_08,25000,-15,[JP][91745475]のあだよ〜ん,15800,-34.2,260916-723a11f9-e283-43ab-bfea-b8bf78875458,
2026-09-16 19:09:32,2026-09-16 19:48:03,no,[JP][104870668]けーびぃー,35100,45.1,[JP][121446473]Akise299,34300,14.3,[JP][137746445]ここここきじゅ,19100,-20.9,[JP][122060292]しとらす@神速,11500,-38.5,260916-2edacba0-9835-4bad-bbac-4c5eb15babc5,
2026-09-16 17:03:35,2026-09-16 17:48:16,no,[JP][136949124]シャルにゃん,36900,46.9,[JP][122060292]しとらす@神速,33200,13.2,[JP][107121024]ミルモでチー,21600,-18.4,[JP][113816715]あるですけど,8300,-41.7,260916-31151c14-1193-40a0-a533-cda0e88106f4,
2026-09-16 14:20:16,2026-09-16 15:34:39,no,[JP][103136012]ルート12345,61300,71.3,[JP][113816715]あるですけど,39400,19.4,[JP][122060292]しとらす@神速,14600,-25.4,[JP][132889350]綴美,-15300,-65.3,260916-7205e5a2-881c-4765-87a7-77ac731b2ceb,
2026-09-16 13:16:16,2026-09-16 14:05:48,no,[JP][122060292]しとらす@神速,44700,54.7,[JP][127685187]yukke_08,28500,8.5,[JP][103136012]ルート12345,25200,-14.8,[JP][113816715]あるですけど,1600,-48.4,260916-9184a016-7e39-4f61-b294-715dad3d1b0c,
2026-09-16 12:20:40,2026-09-16 13:01:52,no,[JP][113816715]あるですけど,49400,59.4,[JP][122060292]しとらす@神速,27400,7.4,[JP][127685187]yukke_08,19500,-20.5,[JP][107121024]ミルモでチー,3700,-46.3,260916-bf315a1a-d170-45ac-8be2-b83e1f30ece3,
2026-09-16 00:44:19,2026-09-16 01:14:38,no,[JP][113816715]あるですけど,33500,43.5,[JP][104870668]けーびぃー,32800,12.8,[JP][107121024]ミルモでチー,26700,-13.3,[JP][137746445]ここここきじゅ,7000,-43,260915-13f7a4f6-82eb-4c28-88eb-c05c19a367cf,
2026-09-15 23:42:47,2026-09-16 00:40:37,no,[JP][128826565]ぬこうどんー,44700,54.7,[JP][103875087]ゆあちゅん、,35100,15.1,[JP][107121024]ミルモでチー,21900,-18.1,[JP][104870668]けーびぃー,-1700,-51.7,260915-55224677-87de-4175-9775-32390029b57e,
2026-09-16 00:05:19,2026-09-16 00:40:18,no,[JP][103473217]ねこぜ7272,41600,51.6,[JP][105958026]モモンs,30500,10.5,[JP][103999753]kotetsu0422,22000,-18,[JP][112646465]苺ですよ,5900,-44.1,260915-a32fcd10-d780-4a60-8617-c6c48e528c1f,
2026-09-15 23:54:10,2026-09-16 00:30:21,no,[JP][123842955]アヤコぽん,41100,51.1,[JP][141442184]パラセクト。,27300,7.3,[JP][113816715]あるですけど,18100,-21.9,[JP][91745475]のあだよ〜ん,13500,-36.5,260915-594349e4-61f5-44f4-81ab-4d6871290f6d,
2026-09-15 23:08:04,2026-09-15 23:48:25,no,[JP][123842955]アヤコぽん,36000,46,[JP][141442184]パラセクト。,33400,13.4,[JP][91745475]のあだよ〜ん,26500,-13.5,[JP][113816715]あるですけど,4100,-45.9,260915-929ddb87-b1fc-4a5e-8dce-6eb5e98457d3,
2026-09-15 23:12:08,2026-09-15 23:39:38,no,[JP][107121024]ミルモでチー,32000,42,[JP][137746445]ここここきじゅ,30000,10,[JP][121446473]Akise299,23000,-17,[JP][104870668]けーびぃー,15000,-35,260915-742550fb-8624-4648-9658-7fe8fd18519e,
2026-09-15 22:31:43,2026-09-15 23:03:26,no,[JP][121446473]Akise299,38600,48.6,[JP][104870668]けーびぃー,32100,12.1,[JP][113816715]あるですけど,31600,-8.4,[JP][107121024]ミルモでチー,-2300,-52.3,260915-af24abca-2afc-4904-a0e4-c650244d8b14,
2026-09-15 22:09:33,2026-09-15 22:29:30,no,[JP][107121024]ミルモでチー,62300,72.3,[JP][104870668]けーびぃー,32100,12.1,[JP][113816715]あるですけど,17700,-22.3,[JP][121446473]Akise299,-12100,-62.1,260915-82b64912-f5a0-4cfc-8ea5-67f3c7a3d5db,
2026-09-15 20:56:43,2026-09-15 21:39:34,no,[JP][129773571]うに嫌い。,43100,53.1,[JP][137746445]ここここきじゅ,36800,16.8,[JP][103875087]ゆあちゅん、,22100,-17.9,[JP][127500682]めいぴょい,-2000,-52,260915-d1b7f456-95c9-47d4-9ba4-87fe065fb991,
2026-09-15 20:32:48,2026-09-15 21:00:20,no,[JP][135093176]ちゅんたくや,45800,55.8,[JP][115482438]くぽぼん,21300,1.3,[JP][113816715]あるですけど,20800,-19.2,[JP][122060292]しとらす@神速,12100,-37.9,260915-b2d8a311-e25d-44cf-a46e-0a7e86084aad,
2026-09-15 19:28:55,2026-09-15 20:10:02,no,[JP][127500682]めいぴょい,56900,66.9,[JP][128142273]ーはまちー,17900,-2.1,[JP][115482438]くぽぼん,13700,-26.3,[JP][103875087]ゆあちゅん、,11500,-38.5,260915-8b69198a-c282-4d74-a920-93d444e64bd8,
2026-09-15 19:21:15,2026-09-15 19:58:40,no,[JP][91745475]のあだよ〜ん,46700,56.7,[JP][127685187]yukke_08,32000,12,[JP][122700559]ひつじ04,16200,-23.8,[JP][121291970]クッション枕,5100,-44.9,260915-b4bd2eb7-3049-48d2-b94b-cb04740977c5,
2026-09-15 17:25:36,2026-09-15 18:12:39,no,[JP][137746445]ここここきじゅ,51800,61.8,[JP][128142273]ーはまちー,23000,3,[JP][132889350]綴美,13700,-26.3,[JP][107121024]ミルモでチー,11500,-38.5,260915-99880f01-07dd-4a40-a7d3-a1c15b7372c8,
2026-09-15 16:36:56,2026-09-15 17:09:28,no,[JP][128142273]ーはまちー,34600,44.6,[JP][132889350]綴美,25900,5.9,[JP][91745475]のあだよ〜ん,22300,-17.7,[JP][122060292]しとらす@神速,17200,-32.8,260915-db711644-8cda-4aac-925e-e17a02f9ed34,
2026-09-15 15:43:31,2026-09-15 16:26:52,no,[JP][122060292]しとらす@神速,40400,50.4,[JP][127685187]yukke_08,26400,6.4,[JP][91745475]のあだよ〜ん,19300,-20.7,[JP][128142273]ーはまちー,13900,-36.1,260915-ed21e111-3aa1-45fb-9453-be665646e861,
2026-09-15 14:58:07,2026-09-15 15:37:28,no,[JP][132889350]綴美,37300,47.3,[JP][127685187]yukke_08,30600,10.6,[JP][122060292]しとらす@神速,23900,-16.1,[JP][91745475]のあだよ〜ん,8200,-41.8,260915-e03fc66a-b98d-46c6-89b9-2bfaad6cebd8,
2026-09-15 13:41:17,2026-09-15 14:27:39,no,[JP][122060292]しとらす@神速,48500,58.5,[JP][126958659]tazmitu,47600,27.6,[JP][117826319]びんびんん,13600,-26.4,[JP][91745475]のあだよ〜ん,-9700,-59.7,260915-c05eb60c-89da-4c4c-aacb-c907924e40f7,
2026-09-15 12:02:56,2026-09-15 12:42:58,no,[JP][122060292]しとらす@神速,39400,49.4,[JP][127685187]yukke_08,39100,19.1,[JP][136949124]シャルにゃん,16500,-23.5,[JP][103875087]ゆあちゅん、,5000,-45,260915-2e8c2b2d-1857-47bf-a7f0-04fbe62c33ba,
2026-09-15 02:52:20,2026-09-15 03:43:52,no,[JP][107121024]ミルモでチー,49200,59.2,[JP][132889350]綴美,38100,18.1,[JP][122060292]しとらす@神速,21700,-18.3,[JP][137746445]ここここきじゅ,-9000,-59,260915-d56954a4-fad6-4661-ac57-c229fe623832,
2026-09-15 02:21:51,2026-09-15 02:49:14,no,[JP][137746445]ここここきじゅ,51300,61.3,[JP][122060292]しとらす@神速,25300,5.3,[JP][132889350]綴美,16600,-23.4,[JP][109087630]うさみさ,6800,-43.2,260915-ab29753d-df47-4c83-9751-74027afc2807,
2026-09-15 01:36:12,2026-09-15 02:00:23,no,[JP][137746445]ここここきじゅ,36800,46.8,[JP][117826319]びんびんん,31200,11.2,[JP][109087630]うさみさ,28900,-11.1,[JP][128534146]アラキ,3100,-46.9,260915-49a46084-0365-4521-94dd-0c43880d3af3,
2026-09-15 00:44:10,2026-09-15 01:32:51,no,[JP][137746445]ここここきじゅ,45100,55.1,[JP][109087630]うさみさ,25900,5.9,[JP][128534146]アラキ,14700,-25.3,[JP][117826319]びんびんん,14300,-35.7,260914-0dd9ba13-6536-4b42-953d-462ae3a9a0e1,
2026-09-15 00:16:19,2026-09-15 00:59:19,no,[JP][103875087]ゆあちゅん、,37800,47.8,[JP][121446473]Akise299,37500,17.5,[JP][132889350]綴美,28600,-11.4,[JP][107121024]ミルモでチー,-3900,-53.9,260914-d657aab1-edac-4a5c-9345-abe146d86cde,
2026-09-15 00:18:29,2026-09-15 00:49:51,no,[JP][103473217]ねこぜ7272,36700,46.7,[JP][91745475]のあだよ〜ん,29700,9.7,[JP][128826565]ぬこうどんー,28500,-11.5,[JP][127685187]yukke_08,5100,-44.9,260914-2fd8d43d-32da-4b49-8130-8ed71a56b82c,
2026-09-15 00:04:59,2026-09-15 00:39:07,no,[JP][128534146]アラキ,31800,41.8,[JP][109087630]うさみさ,26100,6.1,[JP][137746445]ここここきじゅ,24200,-15.8,[JP][117826319]びんびんん,17900,-32.1,260914-5670ce38-6ed0-4957-8df6-fb3cce9b41da,
2026-09-14 23:35:26,2026-09-15 00:11:52,no,[JP][103875087]ゆあちゅん、,34200,44.2,[JP][107121024]ミルモでチー,26000,6,[JP][121446473]Akise299,23700,-16.3,[JP][132889350]綴美,16100,-33.9,260914-8456042d-9dc6-40f0-b5e0-2b1a484d2795,
2026-09-14 23:23:30,2026-09-15 00:01:10,no,[JP][109087630]うさみさ,37700,47.7,[JP][127685187]yukke_08,27900,7.9,[JP][128534146]アラキ,19600,-20.4,[JP][117826319]びんびんん,14800,-35.2,260914-f365d33c-6681-4dbc-baff-db803fdb2daf,
2026-09-14 22:56:13,2026-09-14 23:33:19,no,[JP][103875087]ゆあちゅん、,50300,60.3,[JP][102767246]やまどりぃ,23800,3.8,[JP][105958026]モモンs,21300,-18.7,[JP][121446473]Akise299,4600,-45.4,260914-8b3cd3bf-59df-4400-a79b-491496f5a919,
2026-09-14 19:19:17,2026-09-14 20:01:11,no,[JP][113816715]あるですけど,35600,45.6,[JP][127500682]めいぴょい,29500,9.5,[JP][102767246]やまどりぃ,21200,-18.8,[JP][137746445]ここここきじゅ,13700,-36.3,260914-d6e5baf9-0af8-4a75-a2e9-dc1b47e4f80d,
2026-09-14 19:09:24,2026-09-14 19:55:18,no,[JP][127685187]yukke_08,55400,65.4,[JP][121446473]Akise299,32800,12.8,[JP][121291970]クッション枕,26700,-13.3,[JP][122700559]ひつじ04,-14900,-64.9,260914-18aa7e69-cc24-4f9a-a7b2-a8aa2c81b516,
2026-09-14 18:16:44,2026-09-14 18:48:55,no,[JP][127685187]yukke_08,67400,77.4,[JP][112646465]苺ですよ,28900,8.9,[JP][137746445]ここここきじゅ,22300,-17.7,[JP][91745475]のあだよ〜ん,-18600,-68.6,260914-a2412401-4d46-4902-8222-356be6df59e2,
2026-09-14 16:49:36,2026-09-14 17:37:15,no,[JP][114054330]ten_10te,45900,55.9,[JP][125680458]クタビレタケ,38600,18.6,[JP][129773571]うに嫌い。,11600,-28.4,[JP][91745475]のあだよ〜ん,3900,-46.1,260914-1e0b6cde-1276-497d-804c-31c38f350016,
2026-09-14 15:57:36,2026-09-14 16:48:06,no,[JP][107121024]ミルモでチー,45100,55.1,[JP][123842955]アヤコぽん,36700,16.7,[JP][122060292]しとらす@神速,9200,-30.8,[JP][113816715]あるですけど,9000,-41,260914-4dd8ef4f-0fa3-4d38-a50b-cf627e4ea320,
2026-09-14 15:16:21,2026-09-14 15:51:48,no,[JP][107121024]ミルモでチー,41500,51.5,[JP][137746445]ここここきじゅ,28100,8.1,[JP][113816715]あるですけど,22900,-17.1,[JP][122060292]しとらす@神速,7500,-42.5,260914-00e199bd-4010-4066-889e-a213530c4a22,
2026-09-14 14:07:20,2026-09-14 15:00:00,no,[JP][115482438]くぽぼん,46400,56.4,[JP][103875087]ゆあちゅん、,27400,7.4,[JP][91745475]のあだよ〜ん,19500,-20.5,[JP][122060292]しとらす@神速,6700,-43.3,260914-1c08a857-9672-47e7-aa68-6d5eed86fb1f,
2026-09-14 13:20:36,2026-09-14 14:02:50,no,[JP][115482438]くぽぼん,42200,52.2,[JP][91745475]のあだよ〜ん,26400,6.4,[JP][103875087]ゆあちゅん、,23500,-16.5,[JP][122060292]しとらす@神速,7900,-42.1,260914-32c72505-751b-49ec-8f9d-32a016523933,
2026-09-14 12:41:43,2026-09-14 13:12:18,no,[JP][122060292]しとらす@神速,40000,50,[JP][113816715]あるですけど,31300,11.3,[JP][115482438]くぽぼん,16300,-23.7,[JP][123842955]アヤコぽん,12400,-37.6,260914-4d6cf7d9-21ef-4d5d-b32b-c48cd21636f6,
2026-09-14 12:01:44,2026-09-14 12:38:44,no,[JP][123842955]アヤコぽん,41600,51.6,[JP][122060292]しとらす@神速,35100,15.1,[JP][113816715]あるですけど,17700,-22.3,[JP][115482438]くぽぼん,5600,-44.4,260914-8f2519bb-85b8-47bb-9911-5cb87b713e2b,
2026-09-14 01:15:13,2026-09-14 01:44:11,no,[JP][107121024]ミルモでチー,49400,59.4,[JP][137746445]ここここきじゅ,44100,24.1,[JP][103875087]ゆあちゅん、,15400,-24.6,[JP][117826319]びんびんん,-8900,-58.9,260914-4071238b-a385-449a-beee-bdadf4fc547a,
2026-09-14 00:32:24,2026-09-14 01:11:39,no,[JP][132889350]綴美,42900,52.9,[JP][137746445]ここここきじゅ,26200,6.2,[JP][107121024]ミルモでチー,22300,-17.7,[JP][117826319]びんびんん,8600,-41.4,260913-9eb35a4a-3fcc-4306-8f56-6aef3d7d1345,
2026-09-14 00:12:39,2026-09-14 01:08:09,no,[JP][103473217]ねこぜ7272,51400,61.4,[JP][121446473]Akise299,43100,23.1,[JP][91745475]のあだよ〜ん,6300,-33.7,[JP][103875087]ゆあちゅん、,-800,-50.8,260913-c5d55331-a3d9-4740-b251-6e38d37fc8db,
2026-09-13 23:52:22,2026-09-14 00:29:48,no,[JP][132889350]綴美,34700,44.7,[JP][126958659]tazmitu,28000,8,[JP][107121024]ミルモでチー,21700,-18.3,[JP][117826319]びんびんん,15600,-34.4,260913-b83a8714-5fa6-45a1-8a84-f4cde2fbf0e9,
2026-09-13 23:06:21,2026-09-13 23:46:11,no,[JP][132889350]綴美,57100,67.1,[JP][137746445]ここここきじゅ,22500,2.5,[JP][127685187]yukke_08,14300,-25.7,[JP][107121024]ミルモでチー,6100,-43.9,260913-ab3f7c96-57b7-456e-a789-5e3118389355,
2026-09-13 22:42:35,2026-09-13 23:32:36,no,[JP][135989001]ちたーふ,38600,48.6,[JP][113140034]クロミです,24100,4.1,[JP][103473217]ねこぜ7272,20400,-19.6,[JP][117826319]びんびんん,16900,-33.1,260913-e545f6ce-8663-4a61-8946-5d424d4077dc,
2026-09-13 22:05:15,2026-09-13 22:57:10,no,[JP][104870668]けーびぃー,33400,43.4,[JP][132889350]綴美,28400,8.4,[JP][103875087]ゆあちゅん、,21200,-18.8,[JP][137746445]ここここきじゅ,17000,-33,260913-175a1c7f-fd6a-48c0-9f34-b9831313d65c,
2026-09-13 21:56:28,2026-09-13 22:26:02,no,[JP][135989001]ちたーふ,52700,62.7,[JP][91745475]のあだよ〜ん,32800,12.8,[JP][113140034]クロミです,10400,-29.6,[JP][107121024]ミルモでチー,4100,-45.9,260913-39352f5a-07ce-4f69-b884-2175fc2b5be6,
2026-09-13 21:23:30,2026-09-13 22:02:03,no,[JP][137746445]ここここきじゅ,48200,58.2,[JP][104870668]けーびぃー,26600,6.6,[JP][132889350]綴美,25800,-14.2,[JP][103875087]ゆあちゅん、,-600,-50.6,260913-285812d8-e16b-4f8b-98b6-a85a2a26d9b1,
2026-09-13 21:00:57,2026-09-13 21:53:08,no,[JP][117826319]びんびんん,44400,54.4,[JP][135989001]ちたーふ,31700,11.7,[JP][113140034]クロミです,18300,-21.7,[JP][112646465]苺ですよ,5600,-44.4,260913-d1e4232e-08ed-434d-86fd-370e837f0a50,
2026-09-13 21:02:44,2026-09-13 21:22:12,no,[JP][104870668]けーびぃー,54000,64,[JP][132889350]綴美,30300,10.3,[JP][137746445]ここここきじゅ,9700,-30.3,[JP][103875087]ゆあちゅん、,6000,-44,260913-0360c5a5-c71f-4a0e-8618-dcd52f34b62b,
2026-09-13 20:14:29,2026-09-13 20:55:01,no,[JP][135093176]ちゅんたくや,36300,46.3,[JP][137746445]ここここきじゅ,30800,10.8,[JP][113140034]クロミです,23500,-16.5,[JP][104870668]けーびぃー,9400,-40.6,260913-4f0e6a7d-2400-4307-be43-fef5d84668e6,
2026-09-13 20:10:02,2026-09-13 20:48:52,no,[JP][117826319]びんびんん,35400,45.4,[JP][122060292]しとらす@神速,33800,13.8,[JP][132889350]綴美,28400,-11.6,[JP][129773571]うに嫌い。,2400,-47.6,260913-da99db0f-b960-47cf-90dc-2d51d2718683,
2026-09-13 19:29:50,2026-09-13 20:07:36,no,[JP][129773571]うに嫌い。,46000,56,[JP][122060292]しとらす@神速,28200,8.2,[JP][132889350]綴美,15800,-24.2,[JP][113140034]クロミです,10000,-40,260913-9b93feec-0002-492e-977b-27afa529e398,
2026-09-13 18:52:32,2026-09-13 19:22:59,no,[JP][127500682]めいぴょい,54500,64.5,[JP][141442184]パラセクト。,24700,4.7,[JP][132889350]綴美,12400,-27.6,[JP][137746445]ここここきじゅ,8400,-41.6,260913-81eeacfc-49ae-498f-a895-eb6608fa138d,
2026-09-13 18:19:11,2026-09-13 18:49:25,no,[JP][141442184]パラセクト。,38100,48.1,[JP][132889350]綴美,31900,11.9,[JP][127685187]yukke_08,16800,-23.2,[JP][127500682]めいぴょい,13200,-36.8,260913-6b40d575-6be1-4186-b942-3308fe3739c2,
2026-09-13 17:04:22,2026-09-13 18:09:42,no,[JP][107121024]ミルモでチー,70100,80.1,[JP][122060292]しとらす@神速,32900,12.9,[JP][127500682]めいぴょい,8100,-31.9,[JP][132889350]綴美,-11100,-61.1,260913-6bbf40a6-d1fb-4314-a668-4ecb29e47186,
2026-09-13 16:30:40,2026-09-13 16:55:34,no,[JP][141442184]パラセクト。,32600,42.6,[JP][137746445]ここここきじゅ,26800,6.8,[JP][105958026]モモンs,20600,-19.4,[JP][122060292]しとらす@神速,20000,-30,260913-6c6a745d-1aa3-4341-88de-c2d0a509dd6d,
2026-09-13 15:55:36,2026-09-13 16:25:50,no,[JP][122060292]しとらす@神速,49900,59.9,[JP][137746445]ここここきじゅ,27200,7.2,[JP][105958026]モモンs,17200,-22.8,[JP][129773571]うに嫌い。,5700,-44.3,260913-1e55d243-c86e-4cf7-8b54-945d3d044633,
2026-09-13 15:11:43,2026-09-13 15:52:41,no,[JP][127500682]めいぴょい,34600,44.6,[JP][122060292]しとらす@神速,28100,8.1,[JP][105958026]モモンs,21100,-18.9,[JP][129773571]うに嫌い。,16200,-33.8,260913-656c3325-4641-470e-a08c-5ccbd34661b4,
2026-09-13 14:48:42,2026-09-13 15:22:36,no,[JP][127685187]yukke_08,53400,63.4,[JP][91745475]のあだよ〜ん,24200,4.2,[JP][113140034]クロミです,23100,-16.9,[JP][110041669]katahira_shota,-700,-50.7,260913-8f00fdec-5503-45b8-98c4-459f216ec84b,
2026-09-13 14:25:23,2026-09-13 15:07:24,no,[JP][122060292]しとらす@神速,38900,48.9,[JP][127500682]めいぴょい,31900,11.9,[JP][129773571]うに嫌い。,20900,-19.1,[JP][105958026]モモンs,8300,-41.7,260913-a7630e88-1c57-4bdd-851e-ea0e1c86cf15,
2026-09-13 14:04:45,2026-09-13 14:41:31,no,[JP][137746445]ここここきじゅ,37200,47.2,[JP][91745475]のあだよ〜ん,33800,13.8,[JP][113140034]クロミです,18300,-21.7,[JP][127685187]yukke_08,10700,-39.3,260913-d5dbe85d-b73e-46d7-b338-06c41fb6bf9b,
2026-09-13 13:51:24,2026-09-13 14:22:35,no,[JP][105958026]モモンs,40900,50.9,[JP][127500682]めいぴょい,33100,13.1,[JP][122060292]しとらす@神速,25400,-14.6,[JP][129773571]うに嫌い。,600,-49.4,260913-610cbef2-e0e8-47b4-a43f-45a1d3e90f9e,
2026-09-13 13:24:13,2026-09-13 13:50:14,no,[JP][122060292]しとらす@神速,42200,52.2,[JP][127500682]めいぴょい,37000,17,[JP][105958026]モモンs,17100,-22.9,[JP][129773571]うに嫌い。,3700,-46.3,260913-f3df43c0-a819-4627-b520-eedfa5f96962,
2026-09-13 12:48:20,2026-09-13 13:21:49,no,[JP][129773571]うに嫌い。,49900,59.9,[JP][122060292]しとらす@神速,34800,14.8,[JP][105958026]モモンs,24900,-15.1,[JP][130636363]龍華。。,-9600,-59.6,260913-9b8356c4-000c-4eec-acdf-b70ee4b70f77,
2026-09-13 11:24:06,2026-09-13 11:56:05,no,[JP][127685187]yukke_08,59900,69.9,[JP][127500682]めいぴょい,25300,5.3,[JP][105958026]モモンs,15400,-24.6,[JP][128534146]アラキ,-600,-50.6,260913-efe9a7dc-e96a-49ea-a05c-455d9f8a52e0,
2026-09-13 03:20:53,2026-09-13 03:48:21,no,[JP][132889350]綴美,64000,74,[JP][137746445]ここここきじゅ,24900,4.9,[JP][122060292]しとらす@神速,8500,-31.5,[JP][103875087]ゆあちゅん、,2600,-47.4,260913-ad21ba59-1c30-417c-adea-6972c3c9474b,
2026-09-13 02:30:39,2026-09-13 03:18:45,no,[JP][103875087]ゆあちゅん、,58700,68.7,[JP][137746445]ここここきじゅ,20300,0.3,[JP][130636363]龍華。。,15600,-24.4,[JP][122060292]しとらす@神速,5400,-44.6,260913-732bb887-c279-4b1d-b70b-db3a184678c3,
2026-09-13 01:49:21,2026-09-13 02:15:54,no,[JP][107121024]ミルモでチー,31500,41.5,[JP][126958659]tazmitu,28800,8.8,[JP][122060292]しとらす@神速,27800,-12.2,[JP][137746445]ここここきじゅ,11900,-38.1,260913-9cf301f5-e3ee-4ef8-8df9-8b00a50fc3c6,
2026-09-13 01:07:02,2026-09-13 01:47:41,no,[JP][137746445]ここここきじゅ,36300,46.3,[JP][122060292]しとらす@神速,25300,5.3,[JP][103875087]ゆあちゅん、,25200,-14.8,[JP][126958659]tazmitu,13200,-36.8,260913-2251ac37-d3e5-4bc8-9b03-d7ec6948f306,
2026-09-12 23:38:58,2026-09-13 00:43:03,no,[JP][137746445]ここここきじゅ,73900,83.9,[JP][104870668]けーびぃー,35600,15.6,[JP][91745475]のあだよ〜ん,8500,-31.5,[JP][117826319]びんびんん,-18000,-68,260912-f95e5273-7d8d-4d0c-acee-93b2748c64a6,
2026-09-12 22:55:48,2026-09-12 23:33:45,no,[JP][104870668]けーびぃー,45700,55.7,[JP][128534146]アラキ,26200,6.2,[JP][117826319]びんびんん,19200,-20.8,[JP][121573512]wot毒舌妹bot,8900,-41.1,260912-7e3e6c93-d08d-43cf-bb08-b12ce41fda57,
2026-09-12 19:55:37,2026-09-12 20:34:59,no,[JP][117826319]びんびんん,47100,57.1,[JP][137746445]ここここきじゅ,40200,20.2,[JP][121573512]wot毒舌妹bot,27300,-12.7,[JP][122060292]しとらす@神速,-14600,-64.6,260912-5a130bf7-3be1-4e7c-83de-3a5639ad071f,
2026-09-12 18:50:36,2026-09-12 19:39:14,no,[JP][122700559]ひつじ04,67600,77.6,[JP][129773571]うに嫌い。,40900,20.9,[JP][127685187]yukke_08,13300,-26.7,[JP][117826319]びんびんん,-21800,-71.8,260912-f6e923f8-e490-4b0b-a90a-4c543adf47d4,
2026-09-12 18:00:17,2026-09-12 18:31:54,no,[JP][113140034]クロミです,54300,64.3,[JP][132889350]綴美,28600,8.6,[JP][127685187]yukke_08,19500,-20.5,[JP][104870668]けーびぃー,-2400,-52.4,260912-1807ace5-c202-48a4-9d2d-ce6f2d66da33,
2026-09-12 17:34:27,2026-09-12 18:07:52,no,[JP][122060292]しとらす@神速,34400,44.4,[JP][107121024]ミルモでチー,29300,9.3,[JP][137746445]ここここきじゅ,20700,-19.3,[JP][117826319]びんびんん,15600,-34.4,260912-a2e684fb-75ec-4c15-ba7f-fab356e67c0d,
2026-09-12 17:29:56,2026-09-12 17:57:35,no,[JP][132889350]綴美,41900,51.9,[JP][104870668]けーびぃー,32600,12.6,[JP][113140034]クロミです,27900,-12.1,[JP][127685187]yukke_08,-2400,-52.4,260912-8e7e6ec8-48d3-4d34-ae44-6cc5b738233c,
2026-09-12 16:58:56,2026-09-12 17:32:20,no,[JP][107121024]ミルモでチー,36400,46.4,[JP][122060292]しとらす@神速,25900,5.9,[JP][137746445]ここここきじゅ,22800,-17.2,[JP][117826319]びんびんん,14900,-35.1,260912-f3226e43-7f18-4b92-a5bc-db876d8aa37d,
2026-09-12 17:00:01,2026-09-12 17:27:02,no,[JP][132889350]綴美,44600,54.6,[JP][127685187]yukke_08,38000,18,[JP][113140034]クロミです,9700,-30.3,[JP][104870668]けーびぃー,7700,-42.3,260912-29c186d4-a8fb-4d90-990a-d544ec1ec69f,
2026-09-12 16:17:51,2026-09-12 16:53:39,no,[JP][137746445]ここここきじゅ,45200,55.2,[JP][122060292]しとらす@神速,42900,22.9,[JP][127500682]めいぴょい,7800,-32.2,[JP][107121024]ミルモでチー,4100,-45.9,260912-a7704a01-8566-4920-bb5e-6bf97e815a0a,
2026-09-12 15:43:32,2026-09-12 16:14:58,no,[JP][107121024]ミルモでチー,35300,45.3,[JP][122060292]しとらす@神速,28200,8.2,[JP][127500682]めいぴょい,25900,-14.1,[JP][137746445]ここここきじゅ,10600,-39.4,260912-89f4ca06-8bec-45ff-b50a-664074c76399,
2026-09-12 15:04:40,2026-09-12 15:41:59,no,[JP][107121024]ミルモでチー,40700,50.7,[JP][129773571]うに嫌い。,40000,20,[JP][122060292]しとらす@神速,9800,-30.2,[JP][127500682]めいぴょい,9500,-40.5,260912-be17f804-b86b-4fad-8173-dfa17d05d4d6,
2026-09-12 14:25:40,2026-09-12 15:01:48,no,[JP][122060292]しとらす@神速,42800,52.8,[JP][137746445]ここここきじゅ,25800,5.8,[JP][129773571]うに嫌い。,17300,-22.7,[JP][127500682]めいぴょい,14100,-35.9,260912-f0f3a5e7-ec15-45cf-b131-ecfc250e3b52,
2026-09-12 13:27:36,2026-09-12 14:16:15,no,[JP][127685187]yukke_08,55800,65.8,[JP][130636363]龍華。。,24300,4.3,[JP][121291970]クッション枕,18400,-21.6,[JP][122700559]ひつじ04,1500,-48.5,260912-723d2819-9ad2-4cda-b34d-b487d3f5eb1d,
2026-09-12 13:22:23,2026-09-12 14:13:26,no,[JP][127500682]めいぴょい,40700,50.7,[JP][137746445]ここここきじゅ,37000,17,[JP][129773571]うに嫌い。,20400,-19.6,[JP][122060292]しとらす@神速,1900,-48.1,260912-b7ea30b2-79fa-4a86-818a-c9115d9f0e7b,
2026-09-12 12:53:16,2026-09-12 13:24:59,no,[JP][122700559]ひつじ04,33200,43.2,[JP][127685187]yukke_08,28900,8.9,[JP][130636363]龍華。。,23400,-16.6,[JP][121291970]クッション枕,14500,-35.5,260912-ab91f4dd-71c3-49ff-abbf-c40abb1b68ed,
2026-09-12 12:40:30,2026-09-12 13:20:32,no,[JP][113140034]クロミです,45500,55.5,[JP][127500682]めいぴょい,29900,9.9,[JP][122060292]しとらす@神速,16000,-24,[JP][137746445]ここここきじゅ,8600,-41.4,260912-471d5e28-5ac2-4f73-b828-f697a8298d44,
2026-09-12 12:06:43,2026-09-12 12:37:32,no,[JP][127500682]めいぴょい,41800,51.8,[JP][113140034]クロミです,29900,9.9,[JP][121291970]クッション枕,26900,-13.1,[JP][122700559]ひつじ04,1400,-48.6,260912-f1fb6417-1104-4b86-8054-60aa23b5b984,
2026-09-12 10:39:01,2026-09-12 11:50:03,no,[JP][127685187]yukke_08,47700,57.7,[JP][122060292]しとらす@神速,31400,11.4,[JP][113140034]クロミです,11400,-28.6,[JP][130636363]龍華。。,9500,-40.5,260912-4402e883-0e71-4f25-9026-119f3f8685ed,
2026-09-12 09:15:16,2026-09-12 09:50:04,no,[JP][112646465]苺ですよ,30700,40.7,[JP][122060292]しとらす@神速,24900,4.9,[JP][130636363]龍華。。,23100,-16.9,[JP][123842955]アヤコぽん,21300,-28.7,260912-045e705c-0c1f-40c3-b400-033b2a2a57f3,
2026-09-12 03:57:00,2026-09-12 04:37:33,no,[JP][127500682]めいぴょい,38400,48.4,[JP][103999753]kotetsu0422,32700,12.7,[JP][91745475]のあだよ〜ん,29100,-10.9,[JP][132889350]綴美,-200,-50.2,260912-280350fb-c084-4157-a149-643e9325232a,
2026-09-12 03:11:20,2026-09-12 03:53:58,no,[JP][122060292]しとらす@神速,40200,50.2,[JP][107121024]ミルモでチー,27800,7.8,[JP][137746445]ここここきじゅ,22900,-17.1,[JP][122700559]ひつじ04,9100,-40.9,260912-ae579d0f-e4ad-40c7-941e-9df850f9bfbd,
2026-09-12 03:16:22,2026-09-12 03:52:25,no,[JP][113140034]クロミです,36900,46.9,[JP][127500682]めいぴょい,30900,10.9,[JP][132889350]綴美,16500,-23.5,[JP][91745475]のあだよ〜ん,15700,-34.3,260912-da349829-7a69-4a52-8318-1b6a406d62e1,
2026-09-12 02:29:05,2026-09-12 03:10:59,no,[JP][103999753]kotetsu0422,46500,56.5,[JP][127500682]めいぴょい,31700,11.7,[JP][135989001]ちたーふ,16200,-23.8,[JP][113140034]クロミです,5600,-44.4,260912-96d2c870-a455-4840-8333-49a7ce213919,
2026-09-12 01:31:41,2026-09-12 02:05:56,no,[JP][130945282]プニ太郎,61200,71.2,[JP][122700559]ひつじ04,34600,14.6,[JP][121446473]Akise299,8800,-31.2,[JP][137746445]ここここきじゅ,-4600,-54.6,260912-a1a6ad5b-847b-4d1a-ae8e-9fdde9ef50ff,
2026-09-12 01:22:20,2026-09-12 01:57:55,no,[JP][103999753]kotetsu0422,50400,60.4,[JP][135989001]ちたーふ,23800,3.8,[JP][127500682]めいぴょい,22500,-17.5,[JP][128142273]ーはまちー,3300,-46.7,260912-f873fe5b-494e-41d4-a3a8-699860f2e77f,
2026-09-12 00:26:53,2026-09-12 01:28:25,no,[JP][105958026]モモンs,38600,48.6,[JP][113816715]あるですけど,36000,16,[JP][91745475]のあだよ〜ん,31300,-8.7,[JP][126958659]tazmitu,-5900,-55.9,260911-103f8464-9fe3-4484-ae40-22a971911cb0,
2026-09-12 00:46:54,2026-09-12 01:19:51,no,[JP][121446473]Akise299,34600,44.6,[JP][137746445]ここここきじゅ,28400,8.4,[JP][103875087]ゆあちゅん、,25600,-14.4,[JP][107121024]ミルモでチー,11400,-38.6,260911-45e8a1f7-5f5a-466e-9f09-9f171f0195f1,
2026-09-12 00:34:15,2026-09-12 01:19:19,no,[JP][127500682]めいぴょい,40000,50,[JP][128142273]ーはまちー,27200,7.2,[JP][135989001]ちたーふ,22000,-18,[JP][103999753]kotetsu0422,10800,-39.2,260911-333fb978-a063-4363-90f0-6ea88c5810fb,
2026-09-12 00:05:06,2026-09-12 00:42:01,no,[JP][121446473]Akise299,38600,48.6,[JP][107121024]ミルモでチー,25500,5.5,[JP][137746445]ここここきじゅ,24700,-15.3,[JP][117826319]びんびんん,11200,-38.8,260911-10c83ae5-b6a3-4ee5-abc4-a2a720209428,
2026-09-12 00:06:04,2026-09-12 00:28:44,no,[JP][128142273]ーはまちー,48800,58.8,[JP][135989001]ちたーふ,35700,15.7,[JP][103999753]kotetsu0422,17100,-22.9,[JP][127500682]めいぴょい,-1600,-51.6,260911-71eb378c-5416-4d43-90a1-cd977ad49164,
2026-09-11 23:53:38,2026-09-12 00:24:26,no,[JP][126958659]tazmitu,42200,52.2,[JP][91745475]のあだよ〜ん,29400,9.4,[JP][105958026]モモンs,18300,-21.7,[JP][113816715]あるですけど,10100,-39.9,260911-ad4c7e73-74e8-4d96-97a7-963ab49f579d,
2026-09-11 23:24:50,2026-09-11 23:58:55,no,[JP][127500682]めいぴょい,33800,43.8,[JP][135989001]ちたーふ,28600,8.6,[JP][128142273]ーはまちー,26500,-13.5,[JP][103999753]kotetsu0422,11100,-38.9,260911-1867e640-4dc1-4d77-8f85-596a3e452c8c,
2026-09-11 23:14:31,2026-09-11 23:55:24,no,[JP][107121024]ミルモでチー,50700,60.7,[JP][137746445]ここここきじゅ,32300,12.3,[JP][117826319]びんびんん,31200,-8.8,[JP][121573512]wot毒舌妹bot,-14200,-64.2,260911-d77d728e-7561-4b93-bdd8-5fb66eacf0cb,
2026-09-11 22:28:17,2026-09-11 23:04:43,no,[JP][107121024]ミルモでチー,37200,47.2,[JP][137746445]ここここきじゅ,24200,4.2,[JP][117826319]びんびんん,23400,-16.6,[JP][116517186]ぞじまーじゃん,15200,-34.8,260911-10a3efa5-b499-40a8-990f-301b79ae4c16,
2026-09-11 21:53:20,2026-09-11 22:24:29,no,[JP][107121024]ミルモでチー,40400,50.4,[JP][117826319]びんびんん,37900,17.9,[JP][137746445]ここここきじゅ,29600,-10.4,[JP][116517186]ぞじまーじゃん,-7900,-57.9,260911-0b51a40f-c4a9-486b-9ed5-d2ec9915fd74,
2026-09-11 20:50:44,2026-09-11 21:49:41,no,[JP][112646465]苺ですよ,70100,80.1,[JP][127500682]めいぴょい,32700,12.7,[JP][137746445]ここここきじゅ,10200,-29.8,[JP][135093176]ちゅんたくや,-13000,-63,260911-7322563e-1b1e-4918-9b4e-12cdd15b6509,
2026-09-11 20:21:23,2026-09-11 20:48:10,no,[JP][117826319]びんびんん,41600,51.6,[JP][113140034]クロミです,33800,13.8,[JP][135093176]ちゅんたくや,19400,-20.6,[JP][122700559]ひつじ04,5200,-44.8,260911-4e8fd406-c396-4f84-ae44-b985ad443483,
2026-09-11 19:04:43,2026-09-11 19:32:03,no,[JP][117826319]びんびんん,35200,45.2,[JP][137746445]ここここきじゅ,33500,13.5,[JP][122060292]しとらす@神速,17200,-22.8,[JP][127685187]yukke_08,14100,-35.9,260911-28697f08-24bb-41e2-ac36-b8f340973dba,
2026-09-11 17:44:25,2026-09-11 18:20:35,no,[JP][103999753]kotetsu0422,41600,51.6,[JP][127685187]yukke_08,20400,0.4,[JP][122700559]ひつじ04,19600,-20.4,[JP][91745475]のあだよ〜ん,18400,-31.6,260911-13c2b996-998a-4744-a2ad-0f52db213cbb,
2026-09-11 17:17:05,2026-09-11 17:47:55,no,[JP][117826319]びんびんん,45600,55.6,[JP][121446473]Akise299,40000,20,[JP][137746445]ここここきじゅ,8900,-31.1,[JP][103473217]ねこぜ7272,5500,-44.5,260911-353c8efe-1bb6-4979-9968-bd8d1149ff4d,
2026-09-11 16:58:03,2026-09-11 17:21:18,no,[JP][122060292]しとらす@神速,41700,51.7,[JP][113140034]クロミです,27600,7.6,[JP][107121024]ミルモでチー,24000,-16,[JP][122700559]ひつじ04,6700,-43.3,260911-7ec37a27-2c40-4b6b-b7da-e98b7cc68bf4,
2026-09-11 16:16:21,2026-09-11 16:53:27,no,[JP][125680458]クタビレタケ,71600,81.6,[JP][107121024]ミルモでチー,14100,-5.9,[JP][122700559]ひつじ04,9600,-30.4,[JP][122060292]しとらす@神速,4700,-45.3,260911-5d8f7faa-bca9-4c5d-a599-7038e2555617,
2026-09-11 15:26:56,2026-09-11 15:56:21,no,[JP][112646465]苺ですよ,35900,45.9,[JP][107121024]ミルモでチー,28100,8.1,[JP][137746445]ここここきじゅ,22000,-18,[JP][122060292]しとらす@神速,14000,-36,260911-8f9bc1a1-ff32-49df-ba1d-cd9bb3355981,
2026-09-11 14:39:30,2026-09-11 15:08:34,no,[JP][132889350]綴美,37400,47.4,[JP][122060292]しとらす@神速,36300,16.3,[JP][107121024]ミルモでチー,22200,-17.8,[JP][83747017]わにさんの涙,4100,-45.9,260911-b1468b83-ba52-474e-ac0b-a0dcb351f417,
2026-09-11 13:42:08,2026-09-11 14:16:35,no,[JP][83747017]わにさんの涙,59300,69.3,[JP][107121024]ミルモでチー,18100,-1.9,[JP][126958659]tazmitu,15700,-24.3,[JP][91745475]のあだよ〜ん,6900,-43.1,260911-fd1a21d8-88d5-4029-be3a-c4873f1232e4,
2026-09-11 12:42:32,2026-09-11 13:17:30,no,[JP][127685187]yukke_08,31600,41.6,[JP][121291970]クッション枕,29800,9.8,[JP][103136012]ルート12345,22100,-17.9,[JP][135093176]ちゅんたくや,16500,-33.5,260911-1fe40a7d-32de-439b-a063-9f66c80424e2,
2026-09-11 11:32:51,2026-09-11 12:25:25,no,[JP][103136012]ルート12345,56400,66.4,[JP][91745475]のあだよ〜ん,27400,7.4,[JP][121291970]クッション枕,9500,-30.5,[JP][107121024]ミルモでチー,6700,-43.3,260911-63157bbd-60e0-493c-ad87-3edd04178814,
2026-09-11 02:59:45,2026-09-11 03:28:13,no,[JP][132889350]綴美,54600,64.6,[JP][137746445]ここここきじゅ,16800,-3.2,[JP][122700559]ひつじ04,15400,-24.6,[JP][121446473]Akise299,13200,-36.8,260911-4dc0bb05-37d1-477a-a2f1-107684dfc889,
2026-09-11 02:16:41,2026-09-11 02:57:15,no,[JP][121446473]Akise299,60800,70.8,[JP][122700559]ひつじ04,17500,-2.5,[JP][137746445]ここここきじゅ,16200,-23.8,[JP][132889350]綴美,5500,-44.5,260911-e83b21c4-dffd-4559-9316-5d866b788e56,
2026-09-11 01:46:48,2026-09-11 02:12:43,no,[JP][132889350]綴美,56700,66.7,[JP][137746445]ここここきじゅ,20300,0.3,[JP][107121024]ミルモでチー,18100,-21.9,[JP][121446473]Akise299,4900,-45.1,260911-1f265789-7ca9-4aad-9ca3-905b6f017461,
2026-09-11 01:08:44,2026-09-11 01:41:02,no,[JP][132889350]綴美,44900,54.9,[JP][121446473]Akise299,27900,7.9,[JP][137746445]ここここきじゅ,20100,-19.9,[JP][107121024]ミルモでチー,7100,-42.9,260911-6fbfcfd4-b3bf-44fb-83e8-73f8e574d1c1,
2026-09-11 00:26:41,2026-09-11 01:01:50,no,[JP][137746445]ここここきじゅ,38200,48.2,[JP][121446473]Akise299,27600,7.6,[JP][105958026]モモンs,22600,-17.4,[JP][132889350]綴美,11600,-38.4,260910-69fcc198-7d23-4ab3-a82f-7e31b82d827a,
2026-09-10 23:57:19,2026-09-11 00:24:46,no,[JP][137746445]ここここきじゅ,50300,60.3,[JP][132889350]綴美,41800,21.8,[JP][121446473]Akise299,4000,-36,[JP][105958026]モモンs,3900,-46.1,260910-5407107a-5417-43bd-917e-02fc648a6c59,
2026-09-10 23:06:32,2026-09-10 23:47:48,no,[JP][117826319]びんびんん,39900,49.9,[JP][137746445]ここここきじゅ,33100,13.1,[JP][132889350]綴美,26400,-13.6,[JP][105958026]モモンs,600,-49.4,260910-eb017f00-21a1-4bcd-8b69-67e9c1a59d6a,
2026-09-10 22:56:55,2026-09-10 23:38:08,no,[JP][123842955]アヤコぽん,46600,56.6,[JP][141442184]パラセクト。,18600,-1.4,[JP][121446473]Akise299,17600,-22.4,[JP][128826565]ぬこうどんー,17200,-32.8,260910-666c264d-dc7e-413b-8433-d57cbd5d6e31,
2026-09-10 22:36:38,2026-09-10 23:20:16,no,[JP][99489737]閄くん,43700,53.7,[JP][127685187]yukke_08,40500,20.5,[JP][91745475]のあだよ〜ん,9700,-30.3,[JP][122700559]ひつじ04,6100,-43.9,260910-30d302b2-2af0-46b4-8654-fabb97725b22,
2026-09-10 22:21:50,2026-09-10 22:59:50,no,[JP][117826319]びんびんん,41500,51.5,[JP][105958026]モモンs,35700,15.7,[JP][137746445]ここここきじゅ,23500,-16.5,[JP][132889350]綴美,-700,-50.7,260910-a8fd0f60-a17f-4ef4-b2a6-794344072d95,
2026-09-10 21:55:37,2026-09-10 22:33:37,no,[JP][127685187]yukke_08,43400,53.4,[JP][91745475]のあだよ〜ん,33100,13.1,[JP][99489737]閄くん,22000,-18,[JP][122700559]ひつじ04,1500,-48.5,260910-1fc0d090-d979-4522-b356-4fba3aa381f9,
2026-09-10 21:50:31,2026-09-10 22:17:01,no,[JP][136949124]シャルにゃん,41300,51.3,[JP][105958026]モモンs,33800,13.8,[JP][137746445]ここここきじゅ,23300,-16.7,[JP][99259658]CVココア,1600,-48.4,260910-d8e69b73-39a5-4d16-82bf-9871db0de13a,
2026-09-10 21:16:38,2026-09-10 21:45:02,no,[JP][87368974]むしちゃんです,46000,56,[JP][140986564]ミラージュ梅,30300,10.3,[JP][99259658]CVココア,17700,-22.3,[JP][128534146]アラキ,6000,-44,260910-1c45f8de-6494-47cf-95e1-6cda3db33416,
2026-09-10 20:48:38,2026-09-10 21:36:28,no,[JP][117826319]びんびんん,40900,50.9,[JP][91745475]のあだよ〜ん,20900,0.9,[JP][90337603]酔猫0724,20500,-19.5,[JP][127685187]yukke_08,17700,-32.3,260910-a56a982c-6259-46b3-a68e-e8131bda73e3,
2026-09-10 20:43:43,2026-09-10 21:23:06,no,[JP][135093176]ちゅんたくや,35700,45.7,[JP][116517186]ぞじまーじゃん,27800,7.8,[JP][137746445]ここここきじゅ,26500,-13.5,[JP][104870668]けーびぃー,10000,-40,260910-690d8caf-4d55-40d1-b190-09f84aca2feb,
2026-09-10 20:23:12,2026-09-10 21:06:10,no,[JP][121573512]wot毒舌妹bot,58500,68.5,[JP][128534146]アラキ,37700,17.7,[JP][128826565]ぬこうどんー,3200,-36.8,[JP][122060292]しとらす@神速,600,-49.4,260910-57fc55e9-89fc-4c45-84fa-066ab7cec6c5,
2026-09-10 20:15:19,2026-09-10 20:42:52,no,[JP][132889350]綴美,36100,46.1,[JP][112646465]苺ですよ,26900,6.9,[JP][113140034]クロミです,25400,-14.6,[JP][127500682]めいぴょい,11600,-38.4,260910-484cd284-07fd-43a4-9310-54334f7da13f,
2026-09-10 19:44:10,2026-09-10 20:39:11,no,[JP][117826319]びんびんん,36500,46.5,[JP][91745475]のあだよ〜ん,34800,14.8,[JP][99259658]CVココア,25300,-14.7,[JP][90337603]酔猫0724,3400,-46.6,260910-20b647e4-2f5f-41b2-b79f-69ff46eef9d7,
2026-09-10 19:34:06,2026-09-10 20:19:46,no,[JP][121573512]wot毒舌妹bot,44700,54.7,[JP][122060292]しとらす@神速,28900,8.9,[JP][116517186]ぞじまーじゃん,21300,-18.7,[JP][128826565]ぬこうどんー,5100,-44.9,260910-392a9cb5-ecb3-41a7-8c43-24ba8b3b974a,
2026-09-10 19:14:01,2026-09-10 19:50:53,no,[JP][132889350]綴美,32700,42.7,[JP][127500682]めいぴょい,28700,8.7,[JP][128534146]アラキ,28500,-11.5,[JP][137746445]ここここきじゅ,10100,-39.9,260910-b40d3f76-2d95-4e0e-988d-d98be60bb856,
2026-09-10 18:34:39,2026-09-10 19:11:45,no,[JP][117826319]びんびんん,34800,44.8,[JP][137746445]ここここきじゅ,27100,7.1,[JP][103473217]ねこぜ7272,26700,-13.3,[JP][128826565]ぬこうどんー,11400,-38.6,260910-989360c4-4b8d-4ee1-98fd-3fa1ab6f24a3,
2026-09-10 18:21:50,2026-09-10 19:00:31,no,[JP][110041669]katahira_shota,33200,43.2,[JP][127685187]yukke_08,25200,5.2,[JP][91745475]のあだよ〜ん,24800,-15.2,[JP][104870668]けーびぃー,16800,-33.2,260910-6d246568-eeb1-4b8b-a1e4-154ddb9a2f9e,
2026-09-10 18:01:01,2026-09-10 18:31:08,no,[JP][136949124]シャルにゃん,37400,47.4,[JP][117826319]びんびんん,31300,11.3,[JP][132889350]綴美,25500,-14.5,[JP][137746445]ここここきじゅ,5800,-44.2,260910-6e07e0e3-2042-4df3-a6ed-4a52b9b480e9,
2026-09-10 17:12:35,2026-09-10 17:57:54,no,[JP][127685187]yukke_08,46800,56.8,[JP][91745475]のあだよ〜ん,32000,12,[JP][117826319]びんびんん,16000,-24,[JP][132889350]綴美,5200,-44.8,260910-97719a16-b4bb-4cb4-9936-31134b653d53,
2026-09-10 16:28:00,2026-09-10 17:04:24,no,[JP][122060292]しとらす@神速,38500,48.5,[JP][91745475]のあだよ〜ん,27600,7.6,[JP][117826319]びんびんん,22700,-17.3,[JP][132889350]綴美,11200,-38.8,260910-577176b9-5d63-498c-86c7-e821bd3788f2,
2026-09-10 15:54:45,2026-09-10 16:21:41,no,[JP][125680458]クタビレタケ,42500,52.5,[JP][132889350]綴美,21200,1.2,[JP][91745475]のあだよ〜ん,20000,-20,[JP][122060292]しとらす@神速,16300,-33.7,260910-98037292-49cd-4a8f-82c0-6d3cc46c1487,
2026-09-10 14:09:02,2026-09-10 14:46:43,no,[JP][121291970]クッション枕,48700,58.7,[JP][123842955]アヤコぽん,28800,8.8,[JP][132889350]綴美,25100,-14.9,[JP][108211976]佐鳥乃愛,-2600,-52.6,260910-0b65c652-6f56-4ef8-affa-a322c3c18c43,
2026-09-10 13:27:42,2026-09-10 14:06:18,no,[JP][108211976]佐鳥乃愛,44200,54.2,[JP][123842955]アヤコぽん,22200,2.2,[JP][132889350]綴美,17600,-22.4,[JP][127685187]yukke_08,16000,-34,260910-9b7a8c76-aa13-4006-baf4-d56460b72a40,
2026-09-10 12:53:31,2026-09-10 13:25:47,no,[JP][127685187]yukke_08,34400,44.4,[JP][132889350]綴美,27300,7.3,[JP][123842955]アヤコぽん,24100,-15.9,[JP][108211976]佐鳥乃愛,14200,-35.8,260910-a561d06b-0462-46b0-8f34-9785dc857d4e,
2026-09-10 12:07:23,2026-09-10 12:44:52,no,[JP][91745475]のあだよ〜ん,56400,66.4,[JP][132889350]綴美,21000,1,[JP][129773571]うに嫌い。,18900,-21.1,[JP][123842955]アヤコぽん,3700,-46.3,260910-6137b54c-e900-4250-a3c8-3b5c4bf4817f,
2026-09-10 01:50:27,2026-09-10 02:43:31,no,[JP][132889350]綴美,37600,47.6,[JP][121446473]Akise299,33400,13.4,[JP][103875087]ゆあちゅん、,24300,-15.7,[JP][128534146]アラキ,4700,-45.3,260910-5400e610-dc03-4416-80df-11be6c06de4b,
2026-09-10 01:24:59,2026-09-10 01:58:57,no,[JP][103999753]kotetsu0422,34200,44.2,[JP][129773571]うに嫌い。,26800,6.8,[JP][128142273]ーはまちー,25300,-14.7,[JP][127500682]めいぴょい,13700,-36.3,260910-33fa2ad9-9471-4a3a-97d4-5f5c9caf954d,
2026-09-10 01:16:12,2026-09-10 01:46:37,no,[JP][128534146]アラキ,34700,44.7,[JP][107121024]ミルモでチー,28200,8.2,[JP][121446473]Akise299,24900,-15.1,[JP][132889350]綴美,12200,-37.8,260910-bb953181-0b8e-406d-805d-dc5eec2584a1,
2026-09-10 00:31:09,2026-09-10 01:17:27,no,[JP][103999753]kotetsu0422,36500,46.5,[JP][128142273]ーはまちー,30200,10.2,[JP][127500682]めいぴょい,17500,-22.5,[JP][129773571]うに嫌い。,15800,-34.2,260909-95b879ff-e5a0-428f-9666-2870374903d8,
2026-09-10 00:47:50,2026-09-10 01:12:51,no,[JP][132889350]綴美,32900,42.9,[JP][137746445]ここここきじゅ,27000,7,[JP][128534146]アラキ,26600,-13.4,[JP][107121024]ミルモでチー,13500,-36.5,260909-8481995f-b623-4cf8-a1f7-b6037305b7e8,
2026-09-09 23:53:15,2026-09-10 00:48:41,no,[JP][126958659]tazmitu,39200,49.2,[JP][104870668]けーびぃー,36000,16,[JP][92338957]よももmm,20100,-19.9,[JP][121446473]Akise299,4700,-45.3,260909-47b2019a-250d-4b22-a1db-bd9581643bf9,
2026-09-10 00:10:15,2026-09-10 00:45:32,no,[JP][128534146]アラキ,55400,65.4,[JP][107121024]ミルモでチー,44500,24.5,[JP][132889350]綴美,28600,-11.4,[JP][128826565]ぬこうどんー,-28500,-78.5,260909-76d38f4c-c1b2-405d-b34a-0722dcc253e6,
2026-09-09 23:25:18,2026-09-10 00:06:28,no,[JP][121573512]wot毒舌妹bot,34800,44.8,[JP][128534146]アラキ,25100,5.1,[JP][117826319]びんびんん,22700,-17.3,[JP][128826565]ぬこうどんー,17400,-32.6,260909-a4dc22c7-18d4-48f6-95e3-0c1c00add1a6,
2026-09-09 22:51:23,2026-09-09 23:21:38,no,[JP][117826319]びんびんん,76500,86.5,[JP][121573512]wot毒舌妹bot,29400,9.4,[JP][104870668]けーびぃー,700,-39.3,[JP][128534146]アラキ,-6600,-56.6,260909-ea8f80ab-b3dd-4a0c-be8d-9b5b316cd55f,
2026-09-09 19:52:07,2026-09-09 20:27:36,no,[JP][122700559]ひつじ04,35600,45.6,[JP][101672072]きょーか8,30300,10.3,[JP][127685187]yukke_08,28500,-11.5,[JP][103999753]kotetsu0422,5600,-44.4,260909-bf2a4069-ad9e-406b-ad5b-3d9c5ad1c711,
2026-09-09 19:12:40,2026-09-09 19:55:41,no,[JP][132889350]綴美,31800,41.8,[JP][122060292]しとらす@神速,24200,4.2,[JP][117826319]びんびんん,22100,-17.9,[JP][104870668]けーびぃー,21900,-28.1,260909-42370a98-f973-4e21-a4c6-67d4af84e91d,
2026-09-09 18:27:45,2026-09-09 18:57:46,no,[JP][137746445]ここここきじゅ,41300,51.3,[JP][117826319]びんびんん,33800,13.8,[JP][104870668]けーびぃー,12600,-27.4,[JP][122060292]しとらす@神速,12300,-37.7,260909-f4292f83-e488-4e1b-a04a-aa9c2bfe6777,
2026-09-09 17:33:00,2026-09-09 18:15:13,no,[JP][117826319]びんびんん,43100,53.1,[JP][137746445]ここここきじゅ,21100,1.1,[JP][122060292]しとらす@神速,19700,-20.3,[JP][130636363]龍華。。,16100,-33.9,260909-4cb5b28b-2f87-4c30-ab41-00a4f69a1d7f,
2026-09-09 16:44:23,2026-09-09 17:30:07,no,[JP][128142273]ーはまちー,57700,67.7,[JP][122060292]しとらす@神速,45700,25.7,[JP][113816715]あるですけど,9300,-30.7,[JP][91745475]のあだよ〜ん,-12700,-62.7,260909-076d5c61-4725-4a99-a4a9-70d8783fd3ff,
2026-09-09 16:02:56,2026-09-09 16:39:58,no,[JP][91745475]のあだよ〜ん,71600,81.6,[JP][122060292]しとらす@神速,23100,3.1,[JP][128142273]ーはまちー,9800,-30.2,[JP][128534146]アラキ,-4500,-54.5,260909-68075a47-11b5-41f9-ad8c-810f74cf1b49,
2026-09-09 15:23:53,2026-09-09 15:56:59,no,[JP][128534146]アラキ,55100,65.1,[JP][127685187]yukke_08,28600,8.6,[JP][91745475]のあだよ〜ん,16200,-23.8,[JP][101672072]きょーか8,100,-49.9,260909-e8eb18b0-e77e-4b2d-bff5-7da4a288bba1,
2026-09-09 14:55:23,2026-09-09 15:39:44,no,[JP][123842955]アヤコぽん,41600,51.6,[JP][113816715]あるですけど,25900,5.9,[JP][107121024]ミルモでチー,18700,-21.3,[JP][132889350]綴美,13800,-36.2,260909-f377e954-3745-4376-a538-364a04f8467f,
2026-09-09 14:48:25,2026-09-09 15:19:47,no,[JP][128534146]アラキ,36000,46,[JP][101672072]きょーか8,29300,9.3,[JP][128142273]ーはまちー,19700,-20.3,[JP][121291970]クッション枕,15000,-35,260909-6c550480-d19b-4d47-bb07-d5be26a6952e,
2026-09-09 14:25:18,2026-09-09 14:54:04,no,[JP][123842955]アヤコぽん,32500,42.5,[JP][113816715]あるですけど,30500,10.5,[JP][132889350]綴美,24300,-15.7,[JP][107121024]ミルモでチー,12700,-37.3,260909-c7814905-d9ae-44ca-a0f5-41c9761d32f0,
2026-09-09 12:13:02,2026-09-09 12:58:55,no,[JP][128142273]ーはまちー,43600,53.6,[JP][91745475]のあだよ〜ん,35300,15.3,[JP][113816715]あるですけど,24500,-15.5,[JP][129773571]うに嫌い。,-3400,-53.4,260909-b1ed70a6-6e33-4701-a098-fcd9cab61109,
2026-09-09 12:18:03,2026-09-09 12:53:58,no,[JP][127685187]yukke_08,54800,64.8,[JP][103999753]kotetsu0422,35700,15.7,[JP][128826565]ぬこうどんー,13600,-26.4,[JP][122700559]ひつじ04,-4100,-54.1,260909-00bc42a9-cdc3-4327-960e-faf487b27975,
2026-09-09 11:19:27,2026-09-09 12:06:26,no,[JP][113816715]あるですけど,67000,77,[JP][121291970]クッション枕,15800,-4.2,[JP][127685187]yukke_08,12000,-28,[JP][91745475]のあだよ〜ん,5200,-44.8,260909-6dfb0a4a-ecf4-41a7-9e79-b335d4106128,
2026-09-09 01:54:48,2026-09-09 02:32:17,no,[JP][137746445]ここここきじゅ,32000,42,[JP][121446473]Akise299,26900,6.9,[JP][132889350]綴美,24500,-15.5,[JP][107121024]ミルモでチー,16600,-33.4,260909-6e3ca924-efaf-492d-8097-745867268798,
2026-09-09 01:31:55,2026-09-09 01:53:29,no,[JP][121446473]Akise299,49400,59.4,[JP][107121024]ミルモでチー,25500,5.5,[JP][117826319]びんびんん,15100,-24.9,[JP][137746445]ここここきじゅ,10000,-40,260909-57d70368-1150-438b-92a8-ca7e316fa976,
2026-09-09 00:54:06,2026-09-09 01:30:05,no,[JP][107121024]ミルモでチー,48100,58.1,[JP][117826319]びんびんん,34700,14.7,[JP][92338957]よももmm,16600,-23.4,[JP][121446473]Akise299,600,-49.4,260908-984ce6b0-d1fe-4db2-a7c4-df48b213056e,
2026-09-09 00:31:33,2026-09-09 01:11:45,no,[JP][113816715]あるですけど,45900,55.9,[JP][123842955]アヤコぽん,44900,24.9,[JP][132889350]綴美,27800,-12.2,[JP][105958026]モモンs,-18600,-68.6,260908-fce73741-73b2-48e5-95d9-a18ee47df71d,
2026-09-09 00:21:00,2026-09-09 00:48:57,no,[JP][135989001]ちたーふ,44400,54.4,[JP][92338957]よももmm,31700,11.7,[JP][91745475]のあだよ〜ん,23200,-16.8,[JP][121446473]Akise299,700,-49.3,260908-8689cd04-ea65-4248-b9af-c6778abd211c,
2026-09-08 23:36:52,2026-09-09 00:19:27,no,[JP][117826319]びんびんん,36000,46,[JP][121446473]Akise299,27300,7.3,[JP][104870668]けーびぃー,19200,-20.8,[JP][130636363]龍華。。,17500,-32.5,260908-12c65abb-28ce-4e52-9ba1-e9044773f79e,
2026-09-08 23:48:39,2026-09-09 00:14:52,no,[JP][92338957]よももmm,43700,53.7,[JP][135989001]ちたーふ,28500,8.5,[JP][128534146]アラキ,25800,-14.2,[JP][91745475]のあだよ〜ん,2000,-48,260908-96cba095-c401-4b20-a75f-5d92dada280e,
2026-09-08 23:15:03,2026-09-08 23:59:43,no,[JP][123842955]アヤコぽん,38300,48.3,[JP][105958026]モモンs,36600,16.6,[JP][132889350]綴美,23200,-16.8,[JP][141442184]パラセクト。,1900,-48.1,260908-483ba19d-49ff-4d6a-8287-ba758196d3a6,
2026-09-08 23:22:42,2026-09-08 23:45:14,no,[JP][137746445]ここここきじゅ,34200,44.2,[JP][121573512]wot毒舌妹bot,32200,12.2,[JP][91745475]のあだよ〜ん,21800,-18.2,[JP][107121024]ミルモでチー,11800,-38.2,260908-fd88a643-7a7c-4c65-986e-4ff91e4601ea,
2026-09-08 22:54:29,2026-09-08 23:33:57,no,[JP][135989001]ちたーふ,51400,61.4,[JP][103473217]ねこぜ7272,37000,17,[JP][113140034]クロミです,22600,-17.4,[JP][121446473]Akise299,-11000,-61,260908-57fcb4f4-0b4e-4ead-953b-7cce44c3bd27,
2026-09-08 23:02:39,2026-09-08 23:31:09,no,[JP][99259658]CVココア,33500,43.5,[JP][92338957]よももmm,29900,9.9,[JP][130636363]龍華。。,21400,-18.6,[JP][117826319]びんびんん,15200,-34.8,260908-e25456a7-7764-468a-9f72-53004b2d00b0,
2026-09-08 22:48:03,2026-09-08 23:09:46,no,[JP][105958026]モモンs,68900,78.9,[JP][123842955]アヤコぽん,20300,0.3,[JP][141442184]パラセクト。,6900,-33.1,[JP][121573512]wot毒舌妹bot,3900,-46.1,260908-3f66f938-7da1-443a-a0d5-3a816932a6a3,
2026-09-08 22:31:40,2026-09-08 22:59:05,no,[JP][140986564]ミラージュ梅,45400,55.4,[JP][132889350]綴美,21700,1.7,[JP][99259658]CVココア,19500,-20.5,[JP][130636363]龍華。。,13400,-36.6,260908-550e4b69-7b94-476e-8d06-db48abe67b20,
2026-09-08 22:10:30,2026-09-08 22:56:48,no,[JP][122060292]しとらす@神速,41500,51.5,[JP][117826319]びんびんん,33700,13.7,[JP][91745475]のあだよ〜ん,25100,-14.9,[JP][127685187]yukke_08,-300,-50.3,260908-69d05689-3401-4fc8-9a40-e0d51f12a0d1,
2026-09-08 22:22:28,2026-09-08 22:52:59,no,[JP][104870668]けーびぃー,39800,49.8,[JP][137746445]ここここきじゅ,26100,6.1,[JP][92338957]よももmm,17500,-22.5,[JP][128534146]アラキ,16600,-33.4,260908-96173319-922e-4512-8dc2-727c3c0f3f3d,
2026-09-08 22:10:58,2026-09-08 22:50:07,no,[JP][107121024]ミルモでチー,40900,50.9,[JP][101672072]きょーか8,29400,9.4,[JP][103999753]kotetsu0422,22000,-18,[JP][135989001]ちたーふ,7700,-42.3,260908-6e4ea93c-c8dd-43a9-9fd7-3ee3df9e18c1,
2026-09-08 22:02:16,2026-09-08 22:30:04,no,[JP][99259658]CVココア,37800,47.8,[JP][140986564]ミラージュ梅,26400,6.4,[JP][130636363]龍華。。,26300,-13.7,[JP][132889350]綴美,9500,-40.5,260908-775423d3-98d7-4fc6-8889-a0e1b2a37047,
2026-09-08 21:38:49,2026-09-08 22:18:06,no,[JP][92338957]よももmm,36500,46.5,[JP][104870668]けーびぃー,24100,4.1,[JP][137746445]ここここきじゅ,21200,-18.8,[JP][128534146]アラキ,18200,-31.8,260908-9427aa10-bd93-45eb-9c4e-6b7c864cfab8,
2026-09-08 21:31:07,2026-09-08 22:04:51,no,[JP][127685187]yukke_08,51800,61.8,[JP][122060292]しとらす@神速,17900,-2.1,[JP][122700559]ひつじ04,16200,-23.8,[JP][117826319]びんびんん,14100,-35.9,260908-69df8dc2-260d-45aa-bd44-f07665b13b00,
2026-09-08 20:40:56,2026-09-08 21:25:37,no,[JP][122060292]しとらす@神速,35100,45.1,[JP][137746445]ここここきじゅ,27800,7.8,[JP][92338957]よももmm,20600,-19.4,[JP][104870668]けーびぃー,16500,-33.5,260908-b1e994d2-fc68-44d5-8b28-a4f622208112,
2026-09-08 20:41:57,2026-09-08 21:22:11,no,[JP][132889350]綴美,39500,49.5,[JP][127500682]めいぴょい,30200,10.2,[JP][117826319]びんびんん,19500,-20.5,[JP][128142273]ーはまちー,10800,-39.2,260908-b41b5591-7f66-4311-9fae-8e5e3081b8bd,
2026-09-08 19:58:40,2026-09-08 20:37:40,no,[JP][117826319]びんびんん,43300,53.3,[JP][127500682]めいぴょい,23700,3.7,[JP][121573512]wot毒舌妹bot,20500,-19.5,[JP][128142273]ーはまちー,12500,-37.5,260908-de1fe131-f474-41fd-9e42-2df354d7de10,
2026-09-08 19:33:11,2026-09-08 20:20:44,no,[JP][121446473]Akise299,31400,41.4,[JP][122060292]しとらす@神速,27700,7.7,[JP][132889350]綴美,27200,-12.8,[JP][91745475]のあだよ〜ん,13700,-36.3,260908-709715db-b349-482a-a57e-b72708210e37,
2026-09-08 18:47:51,2026-09-08 19:37:27,no,[JP][92338957]よももmm,41300,51.3,[JP][104870668]けーびぃー,34500,14.5,[JP][137746445]ここここきじゅ,29900,-10.1,[JP][117826319]びんびんん,-5700,-55.7,260908-3e1926ab-ef96-4c8f-8491-9998e1090934,
2026-09-08 18:42:32,2026-09-08 19:14:49,no,[JP][127685187]yukke_08,46500,56.5,[JP][122060292]しとらす@神速,32700,12.7,[JP][122700559]ひつじ04,20900,-19.1,[JP][108211976]佐鳥乃愛,-100,-50.1,260908-81c033d2-a245-4a0d-a046-60c7d2cb8d84,
2026-09-08 18:03:33,2026-09-08 18:41:48,no,[JP][104870668]けーびぃー,64100,74.1,[JP][117826319]びんびんん,23500,3.5,[JP][137746445]ここここきじゅ,15200,-24.8,[JP][112646465]苺ですよ,-2800,-52.8,260908-3209a289-2754-465c-9754-5a67ec676d76,
2026-09-08 17:14:53,2026-09-08 17:47:56,no,[JP][132889350]綴美,43900,53.9,[JP][103136012]ルート12345,33800,13.8,[JP][107121024]ミルモでチー,18300,-21.7,[JP][117826319]びんびんん,4000,-46,260908-c0d43aa6-e94e-4bdf-8bf3-0050cefa9bbc,
2026-09-08 15:21:31,2026-09-08 16:13:35,no,[JP][122060292]しとらす@神速,38400,48.4,[JP][132889350]綴美,34100,14.1,[JP][128534146]アラキ,20500,-19.5,[JP][103136012]ルート12345,7000,-43,260908-a16cc2c5-bf4d-4a3e-ae17-0dbe644ae258,
2026-09-08 14:34:23,2026-09-08 15:16:26,no,[JP][103136012]ルート12345,43700,53.7,[JP][121291970]クッション枕,39900,19.9,[JP][128534146]アラキ,19900,-20.1,[JP][132889350]綴美,-3500,-53.5,260908-c86379db-faa1-4cb1-8137-af48305b73cd,
2026-09-08 12:32:57,2026-09-08 13:02:56,no,[JP][127685187]yukke_08,40900,50.9,[JP][122060292]しとらす@神速,33500,13.5,[JP][117826319]びんびんん,17000,-23,[JP][130865092]ゆあんぴょん,8600,-41.4,260908-0244c0ed-5878-4fb9-ae0d-85bb58cfa614,
2026-09-08 11:36:25,2026-09-08 12:22:28,no,[JP][117826319]びんびんん,60300,70.3,[JP][127685187]yukke_08,21700,1.7,[JP][107121024]ミルモでチー,11700,-28.3,[JP][121291970]クッション枕,6300,-43.7,260908-326df13c-4324-41c8-aea4-dc1941b53093,
2026-09-08 09:51:36,2026-09-08 10:47:51,no,[JP][117826319]びんびんん,42100,52.1,[JP][128142273]ーはまちー,29600,9.6,[JP][127685187]yukke_08,27600,-12.4,[JP][129773571]うに嫌い。,700,-49.3,260908-d4c63895-8527-4949-a0af-397947375e27,
2026-09-08 03:19:59,2026-09-08 03:47:34,no,[JP][117826319]びんびんん,36600,46.6,[JP][121446473]Akise299,34600,14.6,[JP][130865092]ゆあんぴょん,15400,-24.6,[JP][137746445]ここここきじゅ,13400,-36.6,260908-525f9d19-fc51-4a9f-bf81-fe305c28a541,
2026-09-08 02:36:22,2026-09-08 03:16:27,no,[JP][130865092]ゆあんぴょん,44100,54.1,[JP][117826319]びんびんん,40100,20.1,[JP][121446473]Akise299,29500,-10.5,[JP][137746445]ここここきじゅ,-13700,-63.7,260908-4d94689b-73c8-4f14-a034-2801cfafcaf3,
2026-09-08 02:00:38,2026-09-08 02:33:08,no,[JP][137746445]ここここきじゅ,43700,53.7,[JP][117826319]びんびんん,32400,12.4,[JP][130865092]ゆあんぴょん,12000,-28,[JP][121446473]Akise299,11900,-38.1,260908-dac24634-a781-428e-b9e0-8d95bc3395c5,
2026-09-08 01:19:14,2026-09-08 01:56:56,no,[JP][117826319]びんびんん,31700,41.7,[JP][130865092]ゆあんぴょん,26500,6.5,[JP][107121024]ミルモでチー,21200,-18.8,[JP][137746445]ここここきじゅ,20600,-29.4,260908-cdfab66a-0aef-47b2-9e92-414a0cc50ef9,
2026-09-08 00:37:04,2026-09-08 01:17:18,no,[JP][99259658]CVココア,38300,48.3,[JP][130865092]ゆあんぴょん,35400,15.4,[JP][117826319]びんびんん,32500,-7.5,[JP][130636363]龍華。。,-6200,-56.2,260907-d82ef3f8-595f-4ae5-9062-abbf3c888882,
2026-09-08 00:10:33,2026-09-08 00:33:24,no,[JP][117826319]びんびんん,46300,56.3,[JP][121446473]Akise299,45000,25,[JP][130636363]龍華。。,16700,-23.3,[JP][99259658]CVココア,-8000,-58,260907-e04f1b99-7798-4479-b308-0bc0d5913045,
2026-09-07 20:16:36,2026-09-07 21:00:33,no,[JP][117826319]びんびんん,39200,49.2,[JP][113140034]クロミです,30700,10.7,[JP][135093176]ちゅんたくや,25500,-14.5,[JP][103999753]kotetsu0422,4600,-45.4,260907-faaf902a-6dfc-4521-b959-18590206a7b3,
2026-09-07 19:42:36,2026-09-07 20:09:55,no,[JP][117826319]びんびんん,45500,55.5,[JP][127685187]yukke_08,35500,15.5,[JP][104870668]けーびぃー,12500,-27.5,[JP][113816715]あるですけど,6500,-43.5,260907-7106b6f3-4bc6-4f13-ab74-f3055a59f221,
2026-09-07 18:29:22,2026-09-07 19:28:50,no,[JP][135989001]ちたーふ,46500,56.5,[JP][127500682]めいぴょい,39200,19.2,[JP][122060292]しとらす@神速,12600,-27.4,[JP][128826565]ぬこうどんー,1700,-48.3,260907-59efcad0-04e9-4dea-b07a-91b6856e1438,
2026-09-07 17:43:34,2026-09-07 18:25:56,no,[JP][137746445]ここここきじゅ,55100,65.1,[JP][117826319]びんびんん,40400,20.4,[JP][136949124]シャルにゃん,25100,-14.9,[JP][132889350]綴美,-20600,-70.6,260907-a973b6e2-58fe-4c65-b2ae-800647f9af38,
2026-09-07 17:13:52,2026-09-07 18:20:19,no,[JP][127685187]yukke_08,60600,70.6,[JP][91745475]のあだよ〜ん,41700,21.7,[JP][122700559]ひつじ04,11100,-28.9,[JP][121291970]クッション枕,-13400,-63.4,260907-a6211d20-e1ee-49a3-865f-ace209c8da54,
2026-09-07 15:29:58,2026-09-07 16:28:05,no,[JP][121291970]クッション枕,45000,55,[JP][113816715]あるですけど,33000,13,[JP][130865092]ゆあんぴょん,29200,-10.8,[JP][108211976]佐鳥乃愛,-7200,-57.2,260907-733a7f2a-bc10-4d02-9d0f-2d041796711c,
2026-09-07 14:29:35,2026-09-07 15:14:27,no,[JP][132889350]綴美,48000,58,[JP][91745475]のあだよ〜ん,39200,19.2,[JP][123842955]アヤコぽん,16400,-23.6,[JP][113816715]あるですけど,-3600,-53.6,260907-3514d4dd-e3ae-4c6c-a0f7-ea97c8c6e7f2,
2026-09-07 13:42:10,2026-09-07 14:24:09,no,[JP][108211976]佐鳥乃愛,48500,58.5,[JP][123842955]アヤコぽん,43500,23.5,[JP][132889350]綴美,6100,-33.9,[JP][103875087]ゆあちゅん、,1900,-48.1,260907-49dc9106-8cb6-498d-b0fa-c874b1b7858d,
2026-09-07 13:08:23,2026-09-07 13:38:31,no,[JP][127685187]yukke_08,54700,64.7,[JP][121446473]Akise299,21200,1.2,[JP][117826319]びんびんん,13500,-26.5,[JP][121291970]クッション枕,10600,-39.4,260907-3dd4acf8-9eb1-49e6-ba9b-aceb21cac2ed,
2026-09-07 12:45:45,2026-09-07 13:27:38,no,[JP][113816715]あるですけど,33300,43.3,[JP][108211976]佐鳥乃愛,32300,12.3,[JP][141442184]パラセクト。,28000,-12,[JP][123842955]アヤコぽん,6400,-43.6,260907-ebbdf5cb-a9ba-4acf-ae17-b26f8e9ee474,
2026-09-07 12:14:27,2026-09-07 12:59:36,no,[JP][117826319]びんびんん,49500,59.5,[JP][121446473]Akise299,30200,10.2,[JP][121291970]クッション枕,17500,-22.5,[JP][136949124]シャルにゃん,2800,-47.2,260907-d1c4c70c-2964-4ab6-9a35-c8971da923e5,
2026-09-07 11:52:03,2026-09-07 12:44:17,no,[JP][108211976]佐鳥乃愛,59500,69.5,[JP][141442184]パラセクト。,42600,22.6,[JP][113816715]あるですけど,0,-40,[JP][123842955]アヤコぽん,-2100,-52.1,260907-5c437288-05f7-433c-a287-b53c378ed245,
2026-09-07 00:53:14,2026-09-07 01:50:00,no,[JP][130865092]ゆあんぴょん,53100,63.1,[JP][107121024]ミルモでチー,44500,24.5,[JP][121446473]Akise299,1400,-38.6,[JP][137746445]ここここきじゅ,1000,-49,260906-60fb41b4-47c3-4404-b626-9e723fbaa636,
2026-09-06 23:43:38,2026-09-07 00:38:00,no,[JP][132889350]綴美,29900,39.9,[JP][130865092]ゆあんぴょん,25700,5.7,[JP][121446473]Akise299,23000,-17,[JP][107121024]ミルモでチー,21400,-28.6,260906-718dce43-64db-45b7-90cf-be5ffbc12c4f,
2026-09-06 22:51:22,2026-09-06 23:28:34,no,[JP][107121024]ミルモでチー,60900,70.9,[JP][130865092]ゆあんぴょん,39200,19.2,[JP][137746445]ここここきじゅ,4800,-35.2,[JP][121446473]Akise299,-4900,-54.9,260906-f6dc7adc-c9bc-4d10-93dd-8e4dba075084,
2026-09-06 21:58:54,2026-09-06 23:01:25,no,[JP][127685187]yukke_08,45900,55.9,[JP][117826319]びんびんん,40200,20.2,[JP][103999753]kotetsu0422,26700,-13.3,[JP][101672072]きょーか8,-12800,-62.8,260906-51cc4b6e-7b74-4316-90bd-abe502596dde,
2026-09-06 22:14:00,2026-09-06 22:43:02,no,[JP][107121024]ミルモでチー,37800,47.8,[JP][132889350]綴美,27800,7.8,[JP][137746445]ここここきじゅ,27700,-12.3,[JP][104870668]けーびぃー,6700,-43.3,260906-1f1f7bd0-db08-4813-a314-65fcc4fda4eb,
2026-09-06 21:47:24,2026-09-06 22:09:53,no,[JP][132889350]綴美,37800,47.8,[JP][107121024]ミルモでチー,33100,13.1,[JP][99259658]CVココア,15800,-24.2,[JP][104870668]けーびぃー,13300,-36.7,260906-bbd36e4a-aab4-4c27-b1ce-50c2340309c6,
2026-09-06 21:04:13,2026-09-06 21:44:09,no,[JP][137746445]ここここきじゅ,44500,54.5,[JP][117826319]びんびんん,24000,4,[JP][129773571]うに嫌い。,17900,-22.1,[JP][103875087]ゆあちゅん、,13600,-36.4,260906-7fbe17d0-d2c5-4474-8c98-ea3f1755b067,
2026-09-06 21:18:51,2026-09-06 21:44:05,no,[JP][99259658]CVココア,35300,45.3,[JP][101672072]きょーか8,31500,11.5,[JP][127685187]yukke_08,31100,-8.9,[JP][132889350]綴美,2100,-47.9,260906-4d0d2e3a-6142-4a71-bf11-740dbfe6d6c8,
2026-09-06 20:18:13,2026-09-06 20:50:21,no,[JP][117826319]びんびんん,53100,63.1,[JP][132889350]綴美,20200,0.2,[JP][129773571]うに嫌い。,14000,-26,[JP][128534146]アラキ,12700,-37.3,260906-518d8fb4-9cd1-4c45-aaa2-6c6d204e3848,
2026-09-06 19:39:48,2026-09-06 20:13:37,no,[JP][128534146]アラキ,63200,73.2,[JP][132889350]綴美,30800,10.8,[JP][116517186]ぞじまーじゃん,14000,-26,[JP][113816715]あるですけど,-8000,-58,260906-8fccc835-2609-4f16-8cbe-e68df4f2b4a6,
2026-09-06 17:37:59,2026-09-06 18:13:05,no,[JP][99259658]CVココア,59600,69.6,[JP][128534146]アラキ,25500,5.5,[JP][103875087]ゆあちゅん、,12000,-28,[JP][117826319]びんびんん,2900,-47.1,260906-eaacfc8c-2208-4bce-953b-bbcf9fd545f1,
2026-09-06 16:46:36,2026-09-06 17:28:46,no,[JP][91745475]のあだよ〜ん,34300,44.3,[JP][127500682]めいぴょい,24700,4.7,[JP][117826319]びんびんん,23800,-16.2,[JP][99259658]CVココア,17200,-32.8,260906-38ce1e4b-f448-4dc1-b306-12a64b7ce172,
2026-09-06 15:45:36,2026-09-06 16:38:24,no,[JP][121291970]クッション枕,57200,67.2,[JP][113816715]あるですけど,35700,15.7,[JP][91745475]のあだよ〜ん,20200,-19.8,[JP][107121024]ミルモでチー,-13100,-63.1,260906-9f9d47b0-f5a8-45e0-a329-2428719f8a2b,
2026-09-06 15:12:45,2026-09-06 15:43:56,no,[JP][113816715]あるですけど,44500,54.5,[JP][107121024]ミルモでチー,33900,13.9,[JP][121291970]クッション枕,27500,-12.5,[JP][91745475]のあだよ〜ん,-5900,-55.9,260906-c75c96bd-0fe5-42d3-905e-d92f2d75d1dd,
2026-09-06 13:59:11,2026-09-06 14:41:55,no,[JP][137746445]ここここきじゅ,41200,51.2,[JP][130865092]ゆあんぴょん,36600,16.6,[JP][135093176]ちゅんたくや,12100,-27.9,[JP][127500682]めいぴょい,10100,-39.9,260906-c82702a6-8960-48fd-ac40-d5f638ce5155,
2026-09-06 13:25:45,2026-09-06 13:53:03,no,[JP][137746445]ここここきじゅ,45200,55.2,[JP][127500682]めいぴょい,20500,0.5,[JP][135093176]ちゅんたくや,17800,-22.2,[JP][113140034]クロミです,16500,-33.5,260906-afe3fb94-247d-47aa-95bc-c3dfdf163f60,
2026-09-06 12:40:06,2026-09-06 13:18:26,no,[JP][127500682]めいぴょい,41200,51.2,[JP][121291970]クッション枕,23100,3.1,[JP][113140034]クロミです,18500,-21.5,[JP][135093176]ちゅんたくや,17200,-32.8,260906-ef0104b2-1269-49fa-8681-54a42f8f7bf3,
2026-09-06 11:58:58,2026-09-06 12:32:30,no,[JP][129773571]うに嫌い。,32100,42.1,[JP][113140034]クロミです,29300,9.3,[JP][135093176]ちゅんたくや,24500,-15.5,[JP][127500682]めいぴょい,14100,-35.9,260906-5e0c32e2-94dd-496f-917b-f2f79c8a25b6,
2026-09-06 11:17:38,2026-09-06 11:54:53,no,[JP][135093176]ちゅんたくや,32000,42,[JP][129773571]うに嫌い。,30200,10.2,[JP][107121024]ミルモでチー,20000,-20,[JP][113140034]クロミです,17800,-32.2,260906-2bb7ce20-dccd-48d5-bf94-66ad3f89ce42,
2026-09-06 02:55:44,2026-09-06 03:20:11,no,[JP][130865092]ゆあんぴょん,44300,54.3,[JP][107121024]ミルモでチー,34300,14.3,[JP][128534146]アラキ,19700,-20.3,[JP][137746445]ここここきじゅ,1700,-48.3,260906-8c1d598e-1fa4-45c3-ad57-ea0b0b4858ec,
2026-09-06 02:10:10,2026-09-06 02:49:15,no,[JP][109087630]うさみさ,43200,53.2,[JP][130865092]ゆあんぴょん,38100,18.1,[JP][128534146]アラキ,20000,-20,[JP][137746445]ここここきじゅ,-1300,-51.3,260906-548ea686-e9c8-4bbc-8cec-6eb76c855f5e,
2026-09-06 01:42:52,2026-09-06 02:07:15,no,[JP][121446473]Akise299,30700,40.7,[JP][109087630]うさみさ,25600,5.6,[JP][128534146]アラキ,22800,-17.2,[JP][104870668]けーびぃー,20900,-29.1,260906-e7b1bf02-2452-4cc9-a0e0-dc875cc9d66d,
2026-09-06 00:45:57,2026-09-06 01:34:57,no,[JP][132889350]綴美,76500,86.5,[JP][137746445]ここここきじゅ,43100,23.1,[JP][109087630]うさみさ,31500,-8.5,[JP][103875087]ゆあちゅん、,-51100,-101.1,260905-a231fa01-6527-4795-a313-b8edc3584cc7,
2026-09-06 00:31:04,2026-09-06 01:05:26,no,[JP][128534146]アラキ,40200,50.2,[JP][104870668]けーびぃー,26400,6.4,[JP][105958026]モモンs,22500,-17.5,[JP][121446473]Akise299,10900,-39.1,260905-be6ab99e-af18-4c3f-8e26-76bb9639eb71,
2026-09-05 23:55:53,2026-09-06 00:29:30,no,[JP][104870668]けーびぃー,57800,67.8,[JP][105958026]モモンs,22800,2.8,[JP][128534146]アラキ,20500,-19.5,[JP][121446473]Akise299,-1100,-51.1,260905-82a00cec-1595-4974-9029-97aa603f0d29,
2026-09-05 23:13:29,2026-09-05 23:54:12,no,[JP][117826319]びんびんん,44300,54.3,[JP][130636363]龍華。。,35900,15.9,[JP][121446473]Akise299,21500,-18.5,[JP][136949124]シャルにゃん,-1700,-51.7,260905-d4adc07c-3370-42a6-aa19-834013120134,
2026-09-05 23:16:26,2026-09-05 23:47:22,no,[JP][104870668]けーびぃー,49400,59.4,[JP][132889350]綴美,32400,12.4,[JP][105958026]モモンs,29400,-10.6,[JP][128534146]アラキ,-11200,-61.2,260905-5ee1540d-f2ea-448a-8063-ce28d49774e9,
2026-09-05 22:49:02,2026-09-05 23:10:23,no,[JP][136949124]シャルにゃん,33900,43.9,[JP][105958026]モモンs,30800,10.8,[JP][117826319]びんびんん,27400,-12.6,[JP][128534146]アラキ,7900,-42.1,260905-4053a068-c0a9-4db8-96c8-174877f5345a,
2026-09-05 19:26:34,2026-09-05 19:58:29,no,[JP][104870668]けーびぃー,54900,64.9,[JP][135093176]ちゅんたくや,36800,16.8,[JP][117826319]びんびんん,11100,-28.9,[JP][127685187]yukke_08,-2800,-52.8,260905-ff749a84-81a6-4007-b57c-290025dd518c,
2026-09-05 18:35:24,2026-09-05 19:20:20,no,[JP][137746445]ここここきじゅ,38000,48,[JP][117826319]びんびんん,22300,2.3,[JP][127500682]めいぴょい,20900,-19.1,[JP][132889350]綴美,18800,-31.2,260905-9a71a68a-e1eb-45c6-a8aa-8d82b2c4551a,
2026-09-05 17:56:50,2026-09-05 18:25:27,no,[JP][128534146]アラキ,36500,46.5,[JP][129773571]うに嫌い。,29600,9.6,[JP][116517186]ぞじまーじゃん,27100,-12.9,[JP][117826319]びんびんん,6800,-43.2,260905-bc56f326-9d01-4528-a6df-6ffc39d7b58a,
2026-09-05 16:54:22,2026-09-05 17:48:05,no,[JP][127500682]めいぴょい,53700,63.7,[JP][132889350]綴美,34000,14,[JP][103999753]kotetsu0422,19800,-20.2,[JP][107121024]ミルモでチー,-7500,-57.5,260905-f412dabf-1545-46d6-878d-479fa1d65163,
2026-09-05 15:16:43,2026-09-05 16:04:22,no,[JP][127500682]めいぴょい,38300,48.3,[JP][113816715]あるですけど,28300,8.3,[JP][105958026]モモンs,23300,-16.7,[JP][121291970]クッション枕,10100,-39.9,260905-9b5988e0-fb51-4d71-8694-68ba1746aeeb,
2026-09-05 14:31:29,2026-09-05 15:17:03,no,[JP][127685187]yukke_08,33100,43.1,[JP][130865092]ゆあんぴょん,30100,10.1,[JP][137746445]ここここきじゅ,21300,-18.7,[JP][113140034]クロミです,15500,-34.5,260905-8926b9bc-212e-443b-b067-98f6371863bf,
2026-09-05 14:35:15,2026-09-05 15:14:30,no,[JP][127500682]めいぴょい,66100,76.1,[JP][113816715]あるですけど,19600,-0.4,[JP][105958026]モモンs,10800,-29.2,[JP][121291970]クッション枕,3500,-46.5,260905-3f7e9275-0585-4686-b907-213858f806c7,
2026-09-05 14:01:06,2026-09-05 14:31:57,no,[JP][127500682]めいぴょい,42700,52.7,[JP][105958026]モモンs,26800,6.8,[JP][121291970]クッション枕,20000,-20,[JP][113816715]あるですけど,10500,-39.5,260905-a97a523b-6a2c-4298-a585-f6575e3c6401,
2026-09-05 13:15:06,2026-09-05 13:57:34,no,[JP][123842955]アヤコぽん,43500,53.5,[JP][127685187]yukke_08,29600,9.6,[JP][105958026]モモンs,19900,-20.1,[JP][113816715]あるですけど,7000,-43,260905-5cbcd3de-5c60-48f7-a77a-5a756ae05e5e,
2026-09-05 10:27:51,2026-09-05 10:57:06,no,[JP][113816715]あるですけど,39800,49.8,[JP][127685187]yukke_08,30900,10.9,[JP][121291970]クッション枕,28600,-11.4,[JP][135093176]ちゅんたくや,700,-49.3,260905-d1d2eb4d-f119-4482-9737-b5100df847c0,
2026-09-05 06:23:39,2026-09-05 07:05:23,no,[JP][137746445]ここここきじゅ,48900,58.9,[JP][127500682]めいぴょい,35100,15.1,[JP][132889350]綴美,16400,-23.6,[JP][112646465]苺ですよ,-400,-50.4,260905-a748f898-410b-44fe-b965-ae48f1fd9e90,
2026-09-05 03:14:34,2026-09-05 04:05:09,no,[JP][107121024]ミルモでチー,52300,62.3,[JP][137746445]ここここきじゅ,46300,26.3,[JP][105958026]モモンs,6600,-33.4,[JP][127500682]めいぴょい,-5200,-55.2,260905-a88da40d-2bb8-41c4-a10c-250c7f97d0e9,
2026-09-05 02:40:50,2026-09-05 03:11:57,no,[JP][107121024]ミルモでチー,33300,43.3,[JP][127500682]めいぴょい,25400,5.4,[JP][137746445]ここここきじゅ,20800,-19.2,[JP][105958026]モモンs,20500,-29.5,260905-bd1ace25-5671-4a77-91ad-44257b19e857,
2026-09-05 02:39:48,2026-09-05 03:06:46,no,[JP][132889350]綴美,65800,75.8,[JP][141442184]パラセクト。,24700,4.7,[JP][123842955]アヤコぽん,9100,-30.9,[JP][113816715]あるですけど,400,-49.6,260905-aa8c3594-3970-4ff4-9e96-0e75ac93e120,
2026-09-05 01:31:58,2026-09-05 02:18:48,no,[JP][107121024]ミルモでチー,35700,45.7,[JP][105958026]モモンs,35300,15.3,[JP][126958659]tazmitu,15800,-24.2,[JP][122700559]ひつじ04,13200,-36.8,260905-1201d062-b7e3-494a-bdfe-89a824485502,
2026-09-05 00:51:55,2026-09-05 01:29:57,no,[JP][137746445]ここここきじゅ,37900,47.9,[JP][126958659]tazmitu,36400,16.4,[JP][105958026]モモンs,26700,-13.3,[JP][107121024]ミルモでチー,-1000,-51,260904-570e476b-ca8d-47a2-912b-543db916a2a7,
2026-09-05 00:17:24,2026-09-05 00:55:59,no,[JP][99259658]CVココア,34700,44.7,[JP][128534146]アラキ,28100,8.1,[JP][117826319]びんびんん,22500,-17.5,[JP][84092681]天縁,14700,-35.3,260904-56728629-7266-4295-b0d9-ab52033c006e,
2026-09-05 00:05:14,2026-09-05 00:39:34,no,[JP][123842955]アヤコぽん,47000,57,[JP][126958659]tazmitu,38300,18.3,[JP][113816715]あるですけど,27200,-12.8,[JP][141442184]パラセクト。,-12500,-62.5,260904-16fa1681-4cc3-4684-b2c1-dd8b3de95012,
2026-09-04 23:41:48,2026-09-05 00:10:21,no,[JP][137746445]ここここきじゅ,36000,46,[JP][117826319]びんびんん,35200,15.2,[JP][84092681]天縁,25900,-14.1,[JP][99259658]CVココア,2900,-47.1,260904-ebcca965-53c1-46d4-adac-1b1d20af879f,
2026-09-04 22:50:58,2026-09-04 23:18:29,no,[JP][101672072]きょーか8,30700,40.7,[JP][103999753]kotetsu0422,25600,5.6,[JP][127685187]yukke_08,24900,-15.1,[JP][135989001]ちたーふ,18800,-31.2,260904-998eb1ba-e0f5-4ec5-b3b7-8cbb643a83d8,
2026-09-04 19:22:06,2026-09-04 19:59:38,no,[JP][132889350]綴美,36000,46,[JP][113140034]クロミです,24200,4.2,[JP][127500682]めいぴょい,22100,-17.9,[JP][135562955]【くぅー】,17700,-32.3,260904-d5e0e788-aa5a-4894-8ac7-f4146d459987,
2026-09-04 17:59:57,2026-09-04 18:58:58,no,[JP][127685187]yukke_08,44300,54.3,[JP][129773571]うに嫌い。,42000,22,[JP][132889350]綴美,11600,-28.4,[JP][121291970]クッション枕,2100,-47.9,260904-23d1789b-20eb-4941-bd7b-53be9428c012,
2026-09-04 17:16:46,2026-09-04 17:48:30,no,[JP][121446473]Akise299,38300,48.3,[JP][127685187]yukke_08,30600,10.6,[JP][121291970]クッション枕,18700,-21.3,[JP][129773571]うに嫌い。,12400,-37.6,260904-757b8b3e-1d8e-42a5-ba9e-98a39549cca2,
2026-09-04 16:34:50,2026-09-04 17:05:43,no,[JP][127685187]yukke_08,47300,57.3,[JP][112646465]苺ですよ,35500,15.5,[JP][121291970]クッション枕,11300,-28.7,[JP][121446473]Akise299,5900,-44.1,260904-5c5b52b0-b558-4081-9117-629f51041047,
2026-09-04 16:03:57,2026-09-04 16:31:39,no,[JP][127685187]yukke_08,38100,48.1,[JP][112646465]苺ですよ,32300,12.3,[JP][121446473]Akise299,22500,-17.5,[JP][121291970]クッション枕,7100,-42.9,260904-db721f6e-0e02-4200-8d49-e46d28f5a13a,
2026-09-04 15:36:09,2026-09-04 16:00:07,no,[JP][132889350]綴美,37600,47.6,[JP][121291970]クッション枕,32100,12.1,[JP][127685187]yukke_08,17900,-22.1,[JP][121446473]Akise299,12400,-37.6,260904-732ebf3c-4555-46fd-9016-47b5e0a48085,
2026-09-04 13:42:43,2026-09-04 14:28:39,no,[JP][130865092]ゆあんぴょん,51900,61.9,[JP][132889350]綴美,32100,12.1,[JP][127685187]yukke_08,19800,-20.2,[JP][121291970]クッション枕,-3800,-53.8,260904-517058ed-0a0f-41cf-a084-cc0394718b4c,
2026-09-04 12:54:03,2026-09-04 13:26:20,no,[JP][130865092]ゆあんぴょん,37400,47.4,[JP][121291970]クッション枕,33800,13.8,[JP][132889350]綴美,30000,-10,[JP][127685187]yukke_08,-1200,-51.2,260904-7658be51-58cd-47ab-8b05-2e326113d3b2,
2026-09-04 01:40:21,2026-09-04 02:17:11,no,[JP][107121024]ミルモでチー,51900,61.9,[JP][132889350]綴美,28400,8.4,[JP][122700559]ひつじ04,15400,-24.6,[JP][127685187]yukke_08,4300,-45.7,260904-07f13f62-3f6c-4138-ac2d-f2178ab034be,
2026-09-04 00:29:19,2026-09-04 01:32:41,no,[JP][107121024]ミルモでチー,46400,56.4,[JP][137746445]ここここきじゅ,43100,23.1,[JP][132889350]綴美,11900,-28.1,[JP][103999753]kotetsu0422,-1400,-51.4,260903-73f58f65-ea2d-4e43-8447-4b8a3a0bf917,
2026-09-03 23:43:07,2026-09-04 00:24:30,no,[JP][91745475]のあだよ〜ん,45600,55.6,[JP][107121024]ミルモでチー,28600,8.6,[JP][132889350]綴美,15700,-24.3,[JP][137746445]ここここきじゅ,10100,-39.9,260903-fd271977-ead9-45ec-b0ab-fc6b30af9d06,
2026-09-03 23:03:28,2026-09-04 00:00:21,no,[JP][104870668]けーびぃー,42300,52.3,[JP][113816715]あるですけど,37700,17.7,[JP][141442184]パラセクト。,24500,-15.5,[JP][135989001]ちたーふ,-4500,-54.5,260903-3ec4867a-b1bc-4ff5-a7b7-fb7e81edf4d7,
2026-09-03 23:02:24,2026-09-03 23:35:59,no,[JP][135562955]【くぅー】,40900,50.9,[JP][132889350]綴美,30100,10.1,[JP][107121024]ミルモでチー,24000,-16,[JP][103999753]kotetsu0422,5000,-45,260903-54474160-91f5-470e-a659-7d909bfc0b6f,
2026-09-03 22:20:51,2026-09-03 22:50:06,no,[JP][141442184]パラセクト。,50600,60.6,[JP][113816715]あるですけど,39800,19.8,[JP][135989001]ちたーふ,12900,-27.1,[JP][104870668]けーびぃー,-3300,-53.3,260903-ab518b16-50dd-4f3e-b6db-704655d2f875,
2026-09-03 21:40:57,2026-09-03 22:25:03,no,[JP][140986564]ミラージュ梅,42100,52.1,[JP][132889350]綴美,32800,12.8,[JP][101672072]きょーか8,27700,-12.3,[JP][103999753]kotetsu0422,-2600,-52.6,260903-47765ec4-f9a9-44b9-aece-9baeb4f5e9da,
2026-09-03 21:48:14,2026-09-03 22:19:25,no,[JP][107121024]ミルモでチー,36100,46.1,[JP][99259658]CVココア,26600,6.6,[JP][117826319]びんびんん,24600,-15.4,[JP][99489737]閄くん,12700,-37.3,260903-c47a20ca-6d6f-4b09-b464-9107001fe056,
2026-09-03 21:38:27,2026-09-03 22:12:14,no,[JP][137746445]ここここきじゅ,50800,60.8,[JP][121573512]wot毒舌妹bot,42200,22.2,[JP][135562955]【くぅー】,24900,-15.1,[JP][104870668]けーびぃー,-17900,-67.9,260903-cf1095ea-88ca-45f8-b858-ab1f91268f8e,
2026-09-03 21:02:05,2026-09-03 21:30:20,no,[JP][121573512]wot毒舌妹bot,49000,59,[JP][137746445]ここここきじゅ,39700,19.7,[JP][104870668]けーびぃー,10900,-29.1,[JP][132889350]綴美,400,-49.6,260903-7fc0734b-fb94-43c0-8007-a11ba6359432,
2026-09-03 20:26:02,2026-09-03 21:18:00,no,[JP][116517186]ぞじまーじゃん,32800,42.8,[JP][129773571]うに嫌い。,29000,9,[JP][117826319]びんびんん,26300,-13.7,[JP][135093176]ちゅんたくや,11900,-38.1,260903-ce7e0432-700a-453b-9c31-c1a7d5cdc53b,
2026-09-03 19:39:28,2026-09-03 20:17:29,no,[JP][113816715]あるですけど,48800,58.8,[JP][117826319]びんびんん,39400,19.4,[JP][128826565]ぬこうどんー,7400,-32.6,[JP][132889350]綴美,4400,-45.6,260903-97354ab5-1b37-448f-bc08-d783b8452449,
2026-09-03 19:19:25,2026-09-03 19:57:17,no,[JP][104870668]けーびぃー,41700,51.7,[JP][127685187]yukke_08,33700,13.7,[JP][103999753]kotetsu0422,21600,-18.4,[JP][122700559]ひつじ04,3000,-47,260903-ad031fef-a719-4d31-951e-f773c3760505,
2026-09-03 18:46:04,2026-09-03 19:10:42,no,[JP][122700559]ひつじ04,53800,63.8,[JP][103999753]kotetsu0422,23600,3.6,[JP][127685187]yukke_08,14500,-25.5,[JP][104870668]けーびぃー,8100,-41.9,260903-519262c5-45c8-43cb-8934-d30dd4e31114,
2026-09-03 18:19:10,2026-09-03 18:43:34,no,[JP][137746445]ここここきじゅ,37000,47,[JP][132889350]綴美,36200,16.2,[JP][103999753]kotetsu0422,17600,-22.4,[JP][127500682]めいぴょい,9200,-40.8,260903-1d2f73d8-627f-4d75-a610-e04b343442b6,
2026-09-03 17:37:10,2026-09-03 18:17:26,no,[JP][127500682]めいぴょい,34900,44.9,[JP][137746445]ここここきじゅ,30900,10.9,[JP][103999753]kotetsu0422,25900,-14.1,[JP][132889350]綴美,8300,-41.7,260903-02dcce3d-e4b2-4638-9320-d338a51d9cc6,
2026-09-03 15:53:10,2026-09-03 16:29:42,no,[JP][135562955]【くぅー】,56800,66.8,[JP][127500682]めいぴょい,32200,12.2,[JP][121573512]wot毒舌妹bot,12800,-27.2,[JP][107121024]ミルモでチー,-1800,-51.8,260903-9be34cf2-3b42-4cad-89d0-d208a05061c1,
2026-09-03 14:49:28,2026-09-03 15:36:47,no,[JP][137746445]ここここきじゅ,72000,82,[JP][116517186]ぞじまーじゃん,19700,-0.3,[JP][107121024]ミルモでチー,9900,-30.1,[JP][127500682]めいぴょい,-1600,-51.6,260903-ec09bd97-216c-4f93-b7c4-d14530690a25,
2026-09-03 13:57:27,2026-09-03 14:39:38,no,[JP][84158849]しゅんんたろう,35000,45,[JP][127500682]めいぴょい,24900,4.9,[JP][91745475]のあだよ〜ん,21500,-18.5,[JP][121291970]クッション枕,18600,-31.4,260903-1fc4d9ba-c3e6-4593-93ff-8ccad21bee9b,
2026-09-02 23:34:10,2026-09-03 00:05:44,no,[JP][132889350]綴美,36900,46.9,[JP][117826319]びんびんん,29600,9.6,[JP][121573512]wot毒舌妹bot,21600,-18.4,[JP][107121024]ミルモでチー,11900,-38.1,260902-d8b5aa13-528e-4c6c-9b65-8afa0247086c,
2026-09-02 22:18:43,2026-09-02 23:14:45,no,[JP][136949124]シャルにゃん,65100,75.1,[JP][129773571]うに嫌い。,17500,-2.5,[JP][113140034]クロミです,13500,-26.5,[JP][117826319]びんびんん,3900,-46.1,260902-2a1ded17-0691-4d50-b540-61f8f167145c,
2026-09-02 22:08:25,2026-09-02 23:04:37,no,[JP][91745475]のあだよ〜ん,52100,62.1,[JP][104870668]けーびぃー,30500,10.5,[JP][122700559]ひつじ04,25000,-15,[JP][121291970]クッション枕,-7600,-57.6,260902-dc96f237-7b27-4a46-b7d8-6f356b0df2dc,
2026-09-02 21:52:03,2026-09-02 22:15:59,no,[JP][136949124]シャルにゃん,32800,42.8,[JP][129773571]うに嫌い。,27900,7.9,[JP][113140034]クロミです,22100,-17.9,[JP][117826319]びんびんん,17200,-32.8,260902-12662eef-487f-44b9-8655-6546095657da,
2026-09-02 21:23:51,2026-09-02 22:04:38,no,[JP][104870668]けーびぃー,54700,64.7,[JP][113816715]あるですけど,28900,8.9,[JP][116517186]ぞじまーじゃん,10300,-29.7,[JP][91745475]のあだよ〜ん,6100,-43.9,260902-1aad70cd-739c-41f3-b7ca-c016e3e08558,
2026-09-02 21:02:26,2026-09-02 21:39:43,no,[JP][135989001]ちたーふ,34200,44.2,[JP][135562955]【くぅー】,29700,9.7,[JP][130636363]龍華。。,27100,-12.9,[JP][141362566]まー29,9000,-41,260902-6fed4427-23ff-4a5d-9a4a-12fc1394a969,
2026-09-02 20:50:29,2026-09-02 21:34:28,no,[JP][117826319]びんびんん,46000,56,[JP][127685187]yukke_08,33100,13.1,[JP][113140034]クロミです,24400,-15.6,[JP][129773571]うに嫌い。,-3500,-53.5,260902-3e6f046e-eea5-4109-a870-7ee3dacb9e97,
2026-09-02 18:26:57,2026-09-02 19:16:32,no,[JP][117826319]びんびんん,45700,55.7,[JP][135989001]ちたーふ,29500,9.5,[JP][113140034]クロミです,20700,-19.3,[JP][121573512]wot毒舌妹bot,4100,-45.9,260902-ae4910d7-36eb-49cb-bc44-c11f0d240dd3,
2026-09-02 18:01:58,2026-09-02 19:06:26,no,[JP][121291970]クッション枕,46600,56.6,[JP][128534146]アラキ,43700,23.7,[JP][132889350]綴美,24700,-15.3,[JP][113816715]あるですけど,-15000,-65,260902-718df8f2-29e3-429f-bd4b-bc7201953eeb,
2026-09-02 17:44:18,2026-09-02 18:17:37,no,[JP][130865092]ゆあんぴょん,44100,54.1,[JP][136949124]シャルにゃん,26300,6.3,[JP][117826319]びんびんん,16100,-23.9,[JP][113140034]クロミです,13500,-36.5,260902-13139534-a3fa-4e14-8b40-f8076dfc5fee,
2026-09-02 16:50:17,2026-09-02 17:42:04,no,[JP][113816715]あるですけど,39600,49.6,[JP][121291970]クッション枕,32900,12.9,[JP][113140034]クロミです,17000,-23,[JP][84092681]天縁,10500,-39.5,260902-00685c35-78f3-4587-929c-13323d6379de,
2026-09-02 16:02:26,2026-09-02 16:46:21,no,[JP][84092681]天縁,53000,63,[JP][117826319]びんびんん,17600,-2.4,[JP][126958659]tazmitu,14900,-25.1,[JP][113140034]クロミです,14500,-35.5,260902-60c5fef6-2bc4-4273-9007-591ddef9bdd4,
2026-09-02 13:35:24,2026-09-02 14:18:39,no,[JP][107121024]ミルモでチー,55100,65.1,[JP][113140034]クロミです,31700,11.7,[JP][132889350]綴美,6800,-33.2,[JP][127685187]yukke_08,6400,-43.6,260902-6f8d10a8-5300-424f-9c82-280e63087e05,
2026-09-02 12:33:06,2026-09-02 13:25:58,no,[JP][127685187]yukke_08,42400,52.4,[JP][121291970]クッション枕,32600,12.6,[JP][108211976]佐鳥乃愛,26400,-13.6,[JP][117826319]びんびんん,-1400,-51.4,260902-99d5c5bc-0c4b-408d-b76a-f17255c9540e,
2026-09-02 11:38:53,2026-09-02 12:20:33,no,[JP][128534146]アラキ,31000,41,[JP][117826319]びんびんん,29100,9.1,[JP][113816715]あるですけど,27400,-12.6,[JP][121291970]クッション枕,12500,-37.5,260902-107426e1-1111-4ea6-9016-d885e9beaad9,
2026-09-02 01:24:09,2026-09-02 01:56:49,no,[JP][128534146]アラキ,46200,56.2,[JP][128826565]ぬこうどんー,25600,5.6,[JP][137746445]ここここきじゅ,14700,-25.3,[JP][126958659]tazmitu,13500,-36.5,260902-6820134f-cd56-4388-ac3e-52047659c835,
2026-09-01 23:30:00,2026-09-02 00:04:13,no,[JP][132889350]綴美,55000,65,[JP][101672072]きょーか8,31700,11.7,[JP][91745475]のあだよ〜ん,13500,-26.5,[JP][103999753]kotetsu0422,-200,-50.2,260901-32105e00-70bb-40a8-b378-ce19d97ca368,
2026-09-01 23:07:05,2026-09-01 23:59:48,no,[JP][113140034]クロミです,48300,58.3,[JP][137746445]ここここきじゅ,33100,13.1,[JP][127685187]yukke_08,15600,-24.4,[JP][117826319]びんびんん,3000,-47,260901-c5c7f22a-1c76-42f8-aa7c-871f4f8b186f,
2026-09-01 21:38:18,2026-09-01 22:07:13,no,[JP][135093176]ちゅんたくや,33800,43.8,[JP][116517186]ぞじまーじゃん,31800,11.8,[JP][117826319]びんびんん,23200,-16.8,[JP][126958659]tazmitu,11200,-38.8,260901-8bfd11e7-9311-4cd3-bda8-2c2db7a43a0d,
2026-09-01 20:28:28,2026-09-01 21:27:23,no,[JP][112646465]苺ですよ,80700,90.7,[JP][117826319]びんびんん,29600,9.6,[JP][135989001]ちたーふ,17300,-22.7,[JP][113140034]クロミです,-27600,-77.6,260901-a4cde7e6-01b1-40c4-9014-4043ef1af3dc,
2026-09-01 20:14:02,2026-09-01 21:02:27,no,[JP][113816715]あるですけど,30200,40.2,[JP][132889350]綴美,29000,9,[JP][128534146]アラキ,21600,-18.4,[JP][135093176]ちゅんたくや,19200,-30.8,260901-47605ffa-810f-454a-a77a-ae4c76b8f6fe,
2026-09-01 19:35:34,2026-09-01 20:07:10,no,[JP][127685187]yukke_08,32800,42.8,[JP][103999753]kotetsu0422,27800,7.8,[JP][136949124]シャルにゃん,21500,-18.5,[JP][122700559]ひつじ04,17900,-32.1,260901-3cdf70b1-6689-40b6-91ba-464fec9e3762,
2026-09-01 19:25:14,2026-09-01 19:57:17,no,[JP][135562955]【くぅー】,51100,61.1,[JP][137746445]ここここきじゅ,33600,13.6,[JP][132889350]綴美,19400,-20.6,[JP][127500682]めいぴょい,-4100,-54.1,260901-a2197e3f-417a-4286-8379-14492e238134,
2026-09-01 18:45:59,2026-09-01 19:21:45,no,[JP][137746445]ここここきじゅ,44900,54.9,[JP][104870668]けーびぃー,33600,13.6,[JP][127500682]めいぴょい,12000,-28,[JP][132889350]綴美,9500,-40.5,260901-6de4c995-77b0-4ade-85b5-54e94c284a92,
2026-09-01 18:15:30,2026-09-01 18:44:10,no,[JP][135562955]【くぅー】,47300,57.3,[JP][104870668]けーびぃー,35000,15,[JP][137746445]ここここきじゅ,16400,-23.6,[JP][132889350]綴美,1300,-48.7,260901-1a52521c-58c9-4dcf-9207-171a167d4258,
2026-09-01 17:17:04,2026-09-01 17:41:37,no,[JP][129773571]うに嫌い。,34700,44.7,[JP][107121024]ミルモでチー,22400,2.4,[JP][135562955]【くぅー】,22000,-18,[JP][137746445]ここここきじゅ,20900,-29.1,260901-5f9cb3dc-5793-4207-91a0-d41ae6754e38,
2026-09-01 16:21:25,2026-09-01 17:08:34,no,[JP][130865092]ゆあんぴょん,57400,67.4,[JP][84092681]天縁,39600,19.6,[JP][107121024]ミルモでチー,32200,-7.8,[JP][129773571]うに嫌い。,-29200,-79.2,260901-e1e36db8-7900-48b9-afcd-4cc6209f6504,
2026-09-01 15:28:54,2026-09-01 16:12:55,no,[JP][130865092]ゆあんぴょん,47900,57.9,[JP][127685187]yukke_08,32400,12.4,[JP][121291970]クッション枕,18000,-22,[JP][128142273]ーはまちー,1700,-48.3,260901-760cc010-b9c3-4693-92cb-964786684ae2,
2026-09-01 13:24:34,2026-09-01 13:55:53,no,[JP][132889350]綴美,33700,43.7,[JP][121291970]クッション枕,27900,7.9,[JP][128534146]アラキ,19900,-20.1,[JP][128142273]ーはまちー,18500,-31.5,260901-13080705-c092-4020-bf7f-c7f90562e9df,
2026-09-01 12:44:32,2026-09-01 13:22:11,no,[JP][132889350]綴美,49400,59.4,[JP][128142273]ーはまちー,19300,-0.7,[JP][127685187]yukke_08,16300,-23.7,[JP][121291970]クッション枕,15000,-35,260901-951ac62b-932c-454d-bfba-0b226f13e117,
2026-09-01 12:00:51,2026-09-01 12:37:42,no,[JP][127685187]yukke_08,42500,52.5,[JP][128142273]ーはまちー,40700,20.7,[JP][132889350]綴美,10000,-30,[JP][121291970]クッション枕,6800,-43.2,260901-f032e510-811d-42b0-aa7a-726a27d3f366,
2026-09-01 11:11:48,2026-09-01 11:58:22,no,[JP][127685187]yukke_08,37700,47.7,[JP][121291970]クッション枕,26200,6.2,[JP][132889350]綴美,19400,-20.6,[JP][122700559]ひつじ04,16700,-33.3,260901-9f8126d9-d577-492b-a44f-b07ff22de7d0,
2026-09-01 02:30:11,2026-09-01 03:00:49,no,[JP][137746445]ここここきじゅ,39200,49.2,[JP][107121024]ミルモでチー,37000,17,[JP][132889350]綴美,27500,-12.5,[JP][112646465]苺ですよ,-3700,-53.7,260901-f4320abe-7fef-485c-948f-09fc5b6cb692,
2026-09-01 00:46:55,2026-09-01 01:41:49,no,[JP][103999753]kotetsu0422,42800,52.8,[JP][101672072]きょーか8,39800,19.8,[JP][137746445]ここここきじゅ,30100,-9.9,[JP][132889350]綴美,-12700,-62.7,260831-eecaeb96-e520-43ea-b3e6-f2b3ea4d86ce,
2026-09-01 00:05:42,2026-09-01 00:38:47,no,[JP][103999753]kotetsu0422,48100,58.1,[JP][113816715]あるですけど,40300,20.3,[JP][127685187]yukke_08,14600,-25.4,[JP][101672072]きょーか8,-3000,-53,260831-28940c01-f87f-469c-ade2-5e6b0df88fb4,
