開始時間,終了時間,非表示状態,1位プレイヤー名,1位PT,1位最終点数,2位プレイヤー名,2位PT,2位最終点数,3位プレイヤー名,3位PT,3位最終点数,4位プレイヤー名,4位PT,4位最終点数,牌譜リンク,備考
2026-08-31 22:34:04,2026-08-31 23:28:43,no,[JP][91745475]のあだよ〜ん,32800,42.8,[JP][126875249]ポン太郎,27100,7.1,[JP][117826319]びんびんん,24500,-15.5,[JP][104870668]けーびぃー,15600,-34.4,260831-db85bf98-36f3-42b7-9068-a28feffd6a7d,
2026-08-31 20:23:04,2026-08-31 21:20:11,no,[JP][104870668]けーびぃー,49800,59.8,[JP][91745475]のあだよ〜ん,49500,29.5,[JP][90337603]酔猫0724,12700,-27.3,[JP][123842955]アヤコぽん,-12000,-62,260831-6dae7b40-6f6c-403c-a4c5-afa7c327b17a,
2026-08-31 18:04:52,2026-08-31 19:03:39,no,[JP][103473217]ねこぜ7272,50700,60.7,[JP][121291970]クッション枕,37200,17.2,[JP][137746445]ここここきじゅ,6800,-33.2,[JP][130865092]ゆあんぴょん,5300,-44.7,260831-d7387f32-4c5b-430d-bb41-186cceb5e7f6,
2026-08-31 17:21:29,2026-08-31 17:51:45,no,[JP][91745475]のあだよ〜ん,48500,58.5,[JP][137746445]ここここきじゅ,36300,16.3,[JP][127685187]yukke_08,12300,-27.7,[JP][130636363]龍華。。,2900,-47.1,260831-baa6e95c-7cc5-42fa-8d4a-eaf8f75488b3,
2026-08-31 16:13:22,2026-08-31 17:10:39,no,[JP][99259658]CVココア,44400,54.4,[JP][122060292]しとらす@神速,36200,16.2,[JP][135562955]【くぅー】,33100,-6.9,[JP][130636363]龍華。。,-13700,-63.7,260831-10ddaff6-0399-44b3-94d5-6a8b85914ad9,
2026-08-31 15:33:17,2026-08-31 16:28:40,no,[JP][137746445]ここここきじゅ,53600,63.6,[JP][130636363]龍華。。,37900,17.9,[JP][127685187]yukke_08,25300,-14.7,[JP][103999753]kotetsu0422,-16800,-66.8,260831-ba7139cd-d88d-480f-8dbe-7038cf836844,
2026-08-31 12:40:14,2026-08-31 13:03:44,no,[JP][127685187]yukke_08,33900,43.9,[JP][130636363]龍華。。,33200,13.2,[JP][122060292]しとらす@神速,30200,-9.8,[JP][137746445]ここここきじゅ,2700,-47.3,260831-fa99455e-6852-4d0b-a154-bb390044a12d,
2026-08-31 10:18:32,2026-08-31 10:53:53,no,[JP][91745475]のあだよ〜ん,38400,48.4,[JP][120737357]キャン著名,26100,6.1,[JP][103473217]ねこぜ7272,22800,-17.2,[JP][132889350]綴美,12700,-37.3,260831-03e39eb9-15b5-498a-9387-1b3d8f85d6f6,
2026-08-31 09:03:10,2026-08-31 09:31:33,no,[JP][107121024]ミルモでチー,49300,59.3,[JP][113140034]クロミです,21300,1.3,[JP][105958026]モモンs,15600,-24.4,[JP][103999753]kotetsu0422,13800,-36.2,260831-84c56f6e-f147-47c0-ae2f-7d1cdfa7e14c,
2026-08-31 08:19:41,2026-08-31 09:16:15,no,[JP][122060292]しとらす@神速,44000,54,[JP][104870668]けーびぃー,36100,16.1,[JP][103999753]kotetsu0422,31500,-8.5,[JP][120737357]キャン著名,-11600,-61.6,260831-15c5c360-ff75-4f3a-a9ef-4a6ab8b3ee6b,
2026-08-31 05:43:53,2026-08-31 06:30:23,no,[JP][112646465]苺ですよ,46500,56.5,[JP][102767246]やまどりぃ,36000,16,[JP][103473217]ねこぜ7272,19000,-21,[JP][137746445]ここここきじゅ,-1500,-51.5,260831-0f470e36-e8dd-45c6-9beb-1a0fd8208ed0,
2026-08-31 04:51:15,2026-08-31 05:44:14,no,[JP][128826565]ぬこうどんー,37800,47.8,[JP][117826319]びんびんん,33500,13.5,[JP][122060292]しとらす@神速,29500,-10.5,[JP][103999753]kotetsu0422,-800,-50.8,260831-fcd0047b-efca-4d3b-ab20-d3df7e7dc2fa,
2026-08-31 00:43:14,2026-08-31 01:26:19,no,[JP][113140034]クロミです,34700,44.7,[JP][103473217]ねこぜ7272,33300,13.3,[JP][122060292]しとらす@神速,29300,-10.7,[JP][104870668]けーびぃー,2700,-47.3,260831-9fbb131f-aec7-46f4-8b12-1f866f89e616,
2026-08-31 00:11:40,2026-08-31 00:47:05,no,[JP][113140034]クロミです,35200,45.2,[JP][112646465]苺ですよ,29700,9.7,[JP][137746445]ここここきじゅ,26500,-13.5,[JP][121446473]Akise299,8600,-41.4,260831-aba180ab-d536-46f3-a409-bdd142c00ba8,
2026-08-30 23:57:06,2026-08-31 00:50:09,no,[JP][132889350]綴美,42300,52.3,[JP][90337603]酔猫0724,30000,10,[JP][107121024]ミルモでチー,25300,-14.7,[JP][105958026]モモンs,2400,-47.6,260830-55fae298-3b19-435b-930a-6937ebc5bb49,
2026-08-30 23:27:33,2026-08-30 23:54:07,no,[JP][122060292]しとらす@神速,36800,46.8,[JP][121446473]Akise299,32900,12.9,[JP][127500682]めいぴょい,28800,-11.2,[JP][121291970]クッション枕,1500,-48.5,260830-f31b2a33-85ec-422e-9e26-37f9155b22de,
2026-08-30 19:35:49,2026-08-30 20:25:40,no,[JP][100881664]ハッチz,40700,50.7,[JP][107121024]ミルモでチー,28900,8.9,[JP][103473217]ねこぜ7272,23700,-16.3,[JP][83747017]わにさんの涙,6700,-43.3,260830-808fe2ee-0ace-4cd4-a537-f8f312925513,
2026-08-30 18:39:37,2026-08-30 19:05:58,no,[JP][136220274]白發中,43800,53.8,[JP][132889350]綴美,33100,13.1,[JP][104870668]けーびぃー,19100,-20.9,[JP][110084301]かんんちゃ,4000,-46,260830-b5fa2756-55f1-4693-9cf9-c648bab2f46f,
2026-08-30 18:19:08,2026-08-30 19:05:01,no,[JP][117826319]びんびんん,45400,55.4,[JP][91745475]のあだよ〜ん,41500,21.5,[JP][141442184]パラセクト。,7600,-32.4,[JP][103473217]ねこぜ7272,5500,-44.5,260830-0c265a3a-6feb-4215-ba80-d1165a04fc5f,
2026-08-30 16:35:09,2026-08-30 17:27:49,no,[JP][130636363]龍華。。,41600,51.6,[JP][121291970]クッション枕,37200,17.2,[JP][143266822]たむちゃん茶,28900,-11.1,[JP][113140034]クロミです,-7700,-57.7,260830-164dcb56-c2b1-4e65-be99-c0e23d899b4e,
2026-08-30 16:03:21,2026-08-30 16:26:56,no,[JP][121573512]wot毒舌妹bot,38000,48,[JP][121291970]クッション枕,21000,1,[JP][103999753]kotetsu0422,20600,-19.4,[JP][122060292]しとらす@神速,20400,-29.6,260830-ce8dde25-e534-4467-90ee-fcbdd31282c9,
2026-08-30 14:27:23,2026-08-30 15:15:39,no,[JP][117826319]びんびんん,52000,62,[JP][91745475]のあだよ〜ん,34100,14.1,[JP][99489737]閄くん,27200,-12.8,[JP][116517186]ぞじまーじゃん,-13300,-63.3,260830-35d65acc-ac18-46af-86b1-bad92db9215a,
2026-08-30 14:06:28,2026-08-30 15:02:44,no,[JP][107121024]ミルモでチー,50100,60.1,[JP][104870668]けーびぃー,33600,13.6,[JP][117826319]びんびんん,23800,-16.2,[JP][127685187]yukke_08,-7500,-57.5,260830-5e807632-3187-48f1-9760-bb390f94034c,
2026-08-30 12:16:04,2026-08-30 12:58:20,no,[JP][130865092]ゆあんぴょん,37600,47.6,[JP][101672072]きょーか8,35400,15.4,[JP][103473217]ねこぜ7272,20600,-19.4,[JP][112646465]苺ですよ,6400,-43.6,260830-f0db3d34-1af1-4ad3-b563-0d451d8fa643,
2026-08-30 11:57:10,2026-08-30 12:50:13,no,[JP][122060292]しとらす@神速,39500,49.5,[JP][105958026]モモンs,28700,8.7,[JP][136949124]シャルにゃん,28100,-11.9,[JP][127685187]yukke_08,3700,-46.3,260830-9dbe64c3-cdc7-41da-8cbe-323d76b2afe1,
2026-08-30 08:59:30,2026-08-30 09:36:27,no,[JP][122060292]しとらす@神速,40000,50,[JP][104870668]けーびぃー,33900,13.9,[JP][97781556]西待,26100,-13.9,[JP][127685187]yukke_08,0,-50,260830-18e1d2e0-8beb-4be2-91b8-93001d2d2a2b,
2026-08-30 07:21:24,2026-08-30 07:45:32,no,[JP][127685187]yukke_08,45700,55.7,[JP][107121024]ミルモでチー,27100,7.1,[JP][122060292]しとらす@神速,13800,-26.2,[JP][137746445]ここここきじゅ,13400,-36.6,260830-6db1798f-b18d-4912-bcbe-1fbc7bc7cabd,
2026-08-30 07:11:27,2026-08-30 07:50:23,no,[JP][137746445]ここここきじゅ,46100,56.1,[JP][121291970]クッション枕,43800,23.8,[JP][105958026]モモンs,18300,-21.7,[JP][121573512]wot毒舌妹bot,-8200,-58.2,260830-072eeb6d-d3ec-40f2-8f05-321c85f47e49,
2026-08-30 05:57:37,2026-08-30 06:36:46,no,[JP][121291970]クッション枕,35300,45.3,[JP][137746445]ここここきじゅ,28700,8.7,[JP][127500682]めいぴょい,20200,-19.8,[JP][105958026]モモンs,15800,-34.2,260830-f9a9c283-1090-470e-ac21-4cbad02f37bf,
2026-08-30 04:33:02,2026-08-30 05:16:40,no,[JP][122060292]しとらす@神速,51600,61.6,[JP][104870668]けーびぃー,33900,13.9,[JP][136949124]シャルにゃん,31600,-8.4,[JP][137746445]ここここきじゅ,-17100,-67.1,260830-56eb9df3-525c-40d8-b52d-de3c06d7f411,
2026-08-30 00:08:53,2026-08-30 00:44:51,no,[JP][128534146]アラキ,40500,50.5,[JP][113140034]クロミです,34200,14.2,[JP][103999753]kotetsu0422,25300,-14.7,[JP][107121024]ミルモでチー,0,-50,260830-e8e0e2d2-81d1-406d-bb3a-fa2989508071,
2026-08-29 23:32:35,2026-08-30 00:07:56,no,[JP][112646465]苺ですよ,43100,53.1,[JP][121291970]クッション枕,41300,21.3,[JP][137746445]ここここきじゅ,31300,-8.7,[JP][127685187]yukke_08,-15700,-65.7,260829-816582bc-1411-41a5-be2a-852f47161b71,
2026-08-29 22:43:30,2026-08-29 23:26:08,no,[JP][108807125]リーチ侍,38100,48.1,[JP][87368974]むしちゃんです,24800,4.8,[JP][123842955]アヤコぽん,18900,-21.1,[JP][116517186]ぞじまーじゃん,18200,-31.8,260829-ed6219b7-4933-4dc4-8a09-d75c68a390f6,
2026-08-29 18:21:42,2026-08-29 19:16:32,no,[JP][107121024]ミルモでチー,48100,58.1,[JP][91745475]のあだよ〜ん,34400,14.4,[JP][130636363]龍華。。,18800,-21.2,[JP][137746445]ここここきじゅ,-1300,-51.3,260829-06320134-c7e3-467f-aa89-46f35d5027d0,
2026-08-29 17:20:16,2026-08-29 18:17:36,no,[JP][122060292]しとらす@神速,39900,49.9,[JP][135562955]【くぅー】,39700,19.7,[JP][137746445]ここここきじゅ,18600,-21.4,[JP][126958659]tazmitu,1800,-48.2,260829-22002725-46a6-49b9-ba65-5ae3773194b5,
2026-08-29 16:25:53,2026-08-29 17:10:58,no,[JP][121291970]クッション枕,33500,43.5,[JP][136949124]シャルにゃん,29300,9.3,[JP][107121024]ミルモでチー,22900,-17.1,[JP][137746445]ここここきじゅ,14300,-35.7,260829-0efa58bb-fa77-4b8b-a5b5-de7ef98237c7,
2026-08-29 16:22:41,2026-08-29 16:58:48,no,[JP][113140034]クロミです,35000,45,[JP][128826565]ぬこうどんー,34900,14.9,[JP][123842955]アヤコぽん,19100,-20.9,[JP][130636363]龍華。。,11000,-39,260829-d0025a64-af2b-45e7-814f-53b40cb74b84,
2026-08-29 15:33:46,2026-08-29 16:05:29,no,[JP][122060292]しとらす@神速,55600,65.6,[JP][100881664]ハッチz,25800,5.8,[JP][91745475]のあだよ〜ん,16300,-23.7,[JP][137746445]ここここきじゅ,2300,-47.7,260829-01d941e3-ff43-43b2-aeb5-a118bca014d6,
2026-08-29 15:13:58,2026-08-29 15:51:08,no,[JP][104870668]けーびぃー,48200,58.2,[JP][127685187]yukke_08,39400,19.4,[JP][128534146]アラキ,28400,-11.6,[JP][130636363]龍華。。,-16000,-66,260829-32d3934e-3f95-4410-9575-11a4fb5cba75,
2026-08-29 14:02:27,2026-08-29 14:42:33,no,[JP][127500682]めいぴょい,42500,52.5,[JP][117826319]びんびんん,24500,4.5,[JP][130636363]龍華。。,21200,-18.8,[JP][122060292]しとらす@神速,11800,-38.2,260829-d9965365-03e5-4222-b7a2-44e4cc3710e2,
2026-08-29 13:35:01,2026-08-29 14:08:53,no,[JP][122060292]しとらす@神速,54400,64.4,[JP][141442184]パラセクト。,50000,30,[JP][137746445]ここここきじゅ,25400,-14.6,[JP][103473217]ねこぜ7272,-29800,-79.8,260829-535a28e4-b733-4668-aa11-99eb8affc004,
2026-08-29 13:11:30,2026-08-29 13:56:18,no,[JP][104870668]けーびぃー,33200,43.2,[JP][122060292]しとらす@神速,26400,6.4,[JP][127500682]めいぴょい,26200,-13.8,[JP][103999753]kotetsu0422,14200,-35.8,260829-a5ac8efe-88cd-4654-832a-accd12e181a5,
2026-08-29 12:47:13,2026-08-29 13:34:14,no,[JP][91745475]のあだよ〜ん,33000,43,[JP][103999753]kotetsu0422,31300,11.3,[JP][127685187]yukke_08,19500,-20.5,[JP][103473217]ねこぜ7272,16200,-33.8,260829-658f6ce5-6f59-41fe-bec2-b4fd4efd0076,
2026-08-29 12:23:23,2026-08-29 12:56:48,no,[JP][127500682]めいぴょい,44800,54.8,[JP][91745475]のあだよ〜ん,41800,21.8,[JP][128534146]アラキ,32300,-7.7,[JP][132889350]綴美,-18900,-68.9,260829-d71cef65-5d25-47af-b554-186bac3cd89b,
2026-08-29 11:20:24,2026-08-29 11:50:28,no,[JP][136220274]白發中,50200,60.2,[JP][103999753]kotetsu0422,33300,13.3,[JP][127500682]めいぴょい,21700,-18.3,[JP][127685187]yukke_08,-5200,-55.2,260829-db9532ce-026b-4c0e-86d8-2510652cef31,
2026-08-29 10:40:06,2026-08-29 11:12:19,no,[JP][129679874]ニャンchan彡,36200,46.2,[JP][136949124]シャルにゃん,34400,14.4,[JP][122060292]しとらす@神速,29900,-10.1,[JP][127685187]yukke_08,-500,-50.5,260829-e9e08980-db58-4fd5-9fc2-eff33a01132c,
2026-08-29 10:34:06,2026-08-29 11:29:29,no,[JP][104870668]けーびぃー,35600,45.6,[JP][91745475]のあだよ〜ん,33300,13.3,[JP][121291970]クッション枕,32100,-7.9,[JP][129679874]ニャンchan彡,-1000,-51,260829-2bf3078a-30e1-4896-b659-34f2668f335d,
2026-08-29 09:11:41,2026-08-29 09:54:06,no,[JP][128534146]アラキ,34500,44.5,[JP][130636363]龍華。。,32900,12.9,[JP][130865092]ゆあんぴょん,21700,-18.3,[JP][132889350]綴美,10900,-39.1,260829-f498982a-167a-4d62-8172-57d069fe155f,
2026-08-29 07:34:14,2026-08-29 08:03:49,no,[JP][117826319]びんびんん,38700,48.7,[JP][137746445]ここここきじゅ,33600,13.6,[JP][123842955]アヤコぽん,23600,-16.4,[JP][132889350]綴美,4100,-45.9,260829-c72dc5bd-3d94-42db-a14e-9d5ef8e44885,
2026-08-29 04:38:51,2026-08-29 05:10:06,no,[JP][141442184]パラセクト。,47200,57.2,[JP][86936271]nsnsnsn,41800,21.8,[JP][140986564]ミラージュ梅,35000,-5,[JP][122060292]しとらす@神速,-24000,-74,260829-dd977813-70c0-4bc1-b8c7-7cac85f1b581,
2026-08-29 04:21:38,2026-08-29 04:48:43,no,[JP][105958026]モモンs,36300,46.3,[JP][121446473]Akise299,30800,10.8,[JP][137746445]ここここきじゅ,28200,-11.8,[JP][103999753]kotetsu0422,4700,-45.3,260829-9c843a6e-7490-46d9-95aa-28ce2b3b59a8,
2026-08-29 01:04:45,2026-08-29 01:38:58,no,[JP][121291970]クッション枕,30100,40.1,[JP][122060292]しとらす@神速,30000,10,[JP][132889350]綴美,25800,-14.2,[JP][103999753]kotetsu0422,14100,-35.9,260829-c18b87a3-9ec1-40b1-8f4a-0f02edd91bfc,
2026-08-29 00:23:57,2026-08-29 01:04:45,no,[JP][113140034]クロミです,40600,50.6,[JP][122060292]しとらす@神速,21700,1.7,[JP][103473217]ねこぜ7272,20500,-19.5,[JP][137746445]ここここきじゅ,17200,-32.8,260829-9816f3b1-e909-47f3-ba8c-b6628878b21e,
2026-08-29 00:05:11,2026-08-29 00:30:53,no,[JP][126958659]tazmitu,28900,38.9,[JP][114054330]ten_10te,24900,4.9,[JP][127500682]めいぴょい,23700,-16.3,[JP][98640564]ono101,22500,-27.5,260829-905a3a78-165d-4403-80b5-b009b7a312a8,
2026-08-28 23:34:09,2026-08-29 00:06:40,no,[JP][107121024]ミルモでチー,42100,52.1,[JP][113140034]クロミです,37200,17.2,[JP][122060292]しとらす@神速,32300,-7.7,[JP][127685187]yukke_08,-11600,-61.6,260828-8d8960d2-a274-4c7b-bc70-0437a0632627,
2026-08-28 20:15:29,2026-08-28 20:49:19,no,[JP][121291970]クッション枕,29800,39.8,[JP][112646465]苺ですよ,28200,8.2,[JP][107121024]ミルモでチー,22900,-17.1,[JP][127685187]yukke_08,19100,-30.9,260828-3e373b2d-33c5-4809-83cf-9534a4ae408c,
2026-08-28 19:35:57,2026-08-28 20:12:28,no,[JP][107121024]ミルモでチー,32400,42.4,[JP][121291970]クッション枕,24300,4.3,[JP][123842955]アヤコぽん,23400,-16.6,[JP][136949124]シャルにゃん,19900,-30.1,260828-97bbf980-b088-47d9-ab71-708ac4847dda,
2026-08-28 18:52:17,2026-08-28 19:38:34,no,[JP][123842955]アヤコぽん,37500,47.5,[JP][91745475]のあだよ〜ん,32300,12.3,[JP][117826319]びんびんん,15700,-24.3,[JP][97781556]西待,14500,-35.5,260828-9d20c523-ac4c-48d7-96c9-10e6949a8bfa,
2026-08-28 14:44:44,2026-08-28 15:11:58,no,[JP][137746445]ここここきじゅ,44200,54.2,[JP][113140034]クロミです,40900,20.9,[JP][121573512]wot毒舌妹bot,29300,-10.7,[JP][117826319]びんびんん,-14400,-64.4,260828-24682f4b-e9c3-4cc1-b1cd-f67f313797fa,
2026-08-28 14:11:36,2026-08-28 14:58:52,no,[JP][116517186]ぞじまーじゃん,44100,54.1,[JP][121446473]Akise299,43300,23.3,[JP][117826319]びんびんん,26300,-13.7,[JP][126958659]tazmitu,-13700,-63.7,260828-3ee1bd5b-e758-4dee-8947-8c795682ceec,
2026-08-28 12:33:02,2026-08-28 13:14:04,no,[JP][127685187]yukke_08,50000,60,[JP][97781556]西待,34300,14.3,[JP][123527427]いぐすけ,32100,-7.9,[JP][103999753]kotetsu0422,-16400,-66.4,260828-a102032c-b635-4974-bd74-3e404c210ade,
2026-08-28 12:30:47,2026-08-28 12:59:47,no,[JP][107121024]ミルモでチー,33000,43,[JP][127685187]yukke_08,30300,10.3,[JP][122060292]しとらす@神速,20600,-19.4,[JP][137746445]ここここきじゅ,16100,-33.9,260828-5e0419f2-d7e8-4add-928f-0478d6bdedd1,
2026-08-28 11:47:18,2026-08-28 12:26:08,no,[JP][112646465]苺ですよ,42900,52.9,[JP][126958659]tazmitu,25300,5.3,[JP][113140034]クロミです,22800,-17.2,[JP][103999753]kotetsu0422,9000,-41,260828-14b2cfaa-551e-481b-9a7d-dfcafaca8f0f,
2026-08-28 10:07:01,2026-08-28 10:29:10,no,[JP][132889350]綴美,33900,43.9,[JP][127500682]めいぴょい,27100,7.1,[JP][113140034]クロミです,21600,-18.4,[JP][130865092]ゆあんぴょん,17400,-32.6,260828-77f95628-393e-4cf3-95c7-9e48817f829f,
2026-08-28 09:48:21,2026-08-28 10:36:14,no,[JP][130636363]龍華。。,56100,66.1,[JP][105958026]モモンs,39800,19.8,[JP][137746445]ここここきじゅ,29000,-11,[JP][121291970]クッション枕,-24900,-74.9,260828-efcbea18-ef97-4a0b-9e5e-e6c67b6abb80,
2026-08-28 09:18:48,2026-08-28 10:13:48,no,[JP][121291970]クッション枕,54100,64.1,[JP][128826565]ぬこうどんー,20400,0.4,[JP][137746445]ここここきじゅ,17200,-22.8,[JP][98640564]ono101,8300,-41.7,260828-7a42d482-a483-4d71-9e37-9100130f035a,
2026-08-28 08:50:03,2026-08-28 09:45:43,no,[JP][141442184]パラセクト。,40500,50.5,[JP][137746445]ここここきじゅ,25500,5.5,[JP][105958026]モモンs,22200,-17.8,[JP][121573512]wot毒舌妹bot,11800,-38.2,260828-b434ffb1-2b1c-47d2-b96a-3e2e455bad52,
2026-08-28 05:34:04,2026-08-28 05:56:36,no,[JP][127685187]yukke_08,44500,54.5,[JP][122060292]しとらす@神速,34400,14.4,[JP][137746445]ここここきじゅ,25500,-14.5,[JP][127500682]めいぴょい,-4400,-54.4,260828-b2b50c9a-0c0d-4bb8-a6fe-29d7caaa3782,
2026-08-28 05:28:52,2026-08-28 06:12:54,no,[JP][113140034]クロミです,38800,48.8,[JP][122060292]しとらす@神速,38100,18.1,[JP][132889350]綴美,24300,-15.7,[JP][137746445]ここここきじゅ,-1200,-51.2,260828-4790d291-e78b-450a-a39b-a4a01233d3fb,
2026-08-28 04:51:54,2026-08-28 05:33:57,no,[JP][136949124]シャルにゃん,59300,69.3,[JP][91745475]のあだよ〜ん,35300,15.3,[JP][113140034]クロミです,12600,-27.4,[JP][90337603]酔猫0724,-7200,-57.2,260828-8b7ed8cb-f965-4197-bc69-ea47ae5f2ac9,
2026-08-28 04:07:35,2026-08-28 04:37:16,no,[JP][107121024]ミルモでチー,37200,47.2,[JP][137746445]ここここきじゅ,28400,8.4,[JP][122060292]しとらす@神速,20200,-19.8,[JP][121446473]Akise299,14200,-35.8,260828-7eb5ae54-546c-4f39-a9bc-0f9be4120f0c,
2026-08-28 00:33:29,2026-08-28 01:19:30,no,[JP][103473217]ねこぜ7272,41500,51.5,[JP][107121024]ミルモでチー,35200,15.2,[JP][130865092]ゆあんぴょん,15100,-24.9,[JP][127500682]めいぴょい,8200,-41.8,260828-d95acfe5-6972-494d-889d-41042834ee2e,
2026-08-27 20:48:01,2026-08-27 21:12:31,no,[JP][91745475]のあだよ〜ん,66600,76.6,[JP][127685187]yukke_08,34200,14.2,[JP][130636363]龍華。。,26300,-13.7,[JP][121446473]Akise299,-27100,-77.1,260827-e58a7f69-6d5f-438f-9a6f-f635cc18f826,
2026-08-27 20:41:04,2026-08-27 21:17:47,no,[JP][121291970]クッション枕,51400,61.4,[JP][127685187]yukke_08,19100,-0.9,[JP][130865092]ゆあんぴょん,15900,-24.1,[JP][103473217]ねこぜ7272,13600,-36.4,260827-90b67176-3397-4ad6-b48b-20c4abd6cff5,
2026-08-27 18:32:45,2026-08-27 19:19:38,no,[JP][107121024]ミルモでチー,36200,46.2,[JP][130865092]ゆあんぴょん,29800,9.8,[JP][122060292]しとらす@神速,25100,-14.9,[JP][137746445]ここここきじゅ,8900,-41.1,260827-17a34b03-8e79-4f86-b455-859635c1beaa,
2026-08-27 18:30:07,2026-08-27 19:26:41,no,[JP][127500682]めいぴょい,31700,41.7,[JP][130636363]龍華。。,26600,6.6,[JP][90337603]酔猫0724,24700,-15.3,[JP][116517186]ぞじまーじゃん,17000,-33,260827-9a3305a6-ff62-445e-99d9-506b4d118cd0,
2026-08-27 16:35:45,2026-08-27 17:29:12,no,[JP][143266822]たむちゃん茶,57100,67.1,[JP][136220274]白發中,24800,4.8,[JP][103999753]kotetsu0422,22100,-17.9,[JP][141362566]まー29,-4000,-54,260827-ca810175-6265-4ed2-94b1-159ef23c2a62,
2026-08-27 15:29:46,2026-08-27 16:24:19,no,[JP][122060292]しとらす@神速,36000,46,[JP][132889350]綴美,32800,12.8,[JP][113140034]クロミです,18600,-21.4,[JP][121291970]クッション枕,12600,-37.4,260827-e5f437d1-0a87-4fbe-9694-80589a26b88e,
2026-08-27 15:23:10,2026-08-27 15:59:01,no,[JP][140986564]ミラージュ梅,32200,42.2,[JP][90337603]酔猫0724,28000,8,[JP][116517186]ぞじまーじゃん,25800,-14.2,[JP][122060292]しとらす@神速,14000,-36,260827-7a842922-2ba0-497d-b234-227f64af5e8c,
2026-08-27 11:36:26,2026-08-27 12:15:26,no,[JP][127685187]yukke_08,55100,65.1,[JP][104870668]けーびぃー,35200,15.2,[JP][130865092]ゆあんぴょん,21700,-18.3,[JP][92338957]よももmm,-12000,-62,260827-ca3b48f6-5e71-49cc-91ce-7a492af96661,
2026-08-27 10:47:39,2026-08-27 11:40:39,no,[JP][136220274]白發中,33900,43.9,[JP][120737357]キャン著名,25300,5.3,[JP][122060292]しとらす@神速,23900,-16.1,[JP][117826319]びんびんん,16900,-33.1,260827-59120580-9cf3-40e9-b370-a881031ad3e6,
2026-08-27 09:20:07,2026-08-27 09:43:03,no,[JP][91745475]のあだよ〜ん,38200,48.2,[JP][122060292]しとらす@神速,26900,6.9,[JP][113140034]クロミです,17500,-22.5,[JP][137746445]ここここきじゅ,17400,-32.6,260827-499224d0-cf15-4faa-8845-fff278b48fc7,
2026-08-27 07:47:04,2026-08-27 08:10:56,no,[JP][122060292]しとらす@神速,41900,51.9,[JP][127500682]めいぴょい,41100,21.1,[JP][107121024]ミルモでチー,28900,-11.1,[JP][130636363]龍華。。,-11900,-61.9,260827-54ffd42e-bb93-453c-84b1-cb73e1e873ee,
2026-08-27 03:41:48,2026-08-27 04:11:18,no,[JP][130636363]龍華。。,37500,47.5,[JP][105958026]モモンs,31200,11.2,[JP][126875249]ポン太郎,18300,-21.7,[JP][83747017]わにさんの涙,13000,-37,260827-fffd8e4f-4ef0-45af-a2dc-004480d859f3,
2026-08-27 03:29:51,2026-08-27 04:17:26,no,[JP][121291970]クッション枕,48100,58.1,[JP][130636363]龍華。。,29900,9.9,[JP][137746445]ここここきじゅ,16300,-23.7,[JP][127500682]めいぴょい,5700,-44.3,260827-38d6d50e-b237-44ac-a4de-5632aa473568,
2026-08-27 02:55:34,2026-08-27 03:44:05,no,[JP][113140034]クロミです,45200,55.2,[JP][130636363]龍華。。,37400,17.4,[JP][120737357]キャン著名,28400,-11.6,[JP][137746445]ここここきじゅ,-11000,-61,260827-3a46ff00-f413-4902-a823-6e01032ebf3d,
2026-08-27 02:51:28,2026-08-27 03:25:29,no,[JP][112646465]苺ですよ,27400,37.4,[JP][122060292]しとらす@神速,25700,5.7,[JP][132889350]綴美,23800,-16.2,[JP][110084301]かんんちゃ,23100,-26.9,260827-2261036f-5314-4909-a610-24553d19b38d,
2026-08-27 02:48:26,2026-08-27 03:15:20,no,[JP][107121024]ミルモでチー,38200,48.2,[JP][91745475]のあだよ〜ん,37000,17,[JP][143266822]たむちゃん茶,21700,-18.3,[JP][103999753]kotetsu0422,3100,-46.9,260827-1400552f-b6ab-48d4-923c-ff47f66942b1,
2026-08-27 01:03:22,2026-08-27 01:58:56,no,[JP][101672072]きょーか8,46600,56.6,[JP][122060292]しとらす@神速,35000,15,[JP][137746445]ここここきじゅ,24200,-15.8,[JP][127685187]yukke_08,-5800,-55.8,260827-7d225c74-a779-4af0-90ca-99a30db5fe11,
2026-08-27 00:46:05,2026-08-27 01:09:10,no,[JP][121446473]Akise299,30500,40.5,[JP][143266822]たむちゃん茶,26800,6.8,[JP][122060292]しとらす@神速,24800,-15.2,[JP][92338957]よももmm,17900,-32.1,260827-b7b0dce4-9962-48af-967a-01a324bb9ee1,
2026-08-26 21:13:31,2026-08-26 22:02:57,no,[JP][91745475]のあだよ〜ん,47300,57.3,[JP][113140034]クロミです,46500,26.5,[JP][136949124]シャルにゃん,24500,-15.5,[JP][137746445]ここここきじゅ,-18300,-68.3,260826-3ff7953d-3dda-4337-a948-e1bccdf6f4f3,
2026-08-26 20:58:59,2026-08-26 21:24:34,no,[JP][122060292]しとらす@神速,32900,42.9,[JP][116517186]ぞじまーじゃん,29500,9.5,[JP][130865092]ゆあんぴょん,20500,-19.5,[JP][102767246]やまどりぃ,17100,-32.9,260826-3b5f2905-493b-48c7-b618-1713ab1993c6,
2026-08-26 19:10:02,2026-08-26 20:00:08,no,[JP][122060292]しとらす@神速,45500,55.5,[JP][117826319]びんびんん,36800,16.8,[JP][143266822]たむちゃん茶,15600,-24.4,[JP][130865092]ゆあんぴょん,2100,-47.9,260826-a171335f-a177-475f-880f-e89dfa72a437,
2026-08-26 16:54:14,2026-08-26 17:20:58,no,[JP][137746445]ここここきじゅ,39700,49.7,[JP][128826565]ぬこうどんー,38700,18.7,[JP][107121024]ミルモでチー,25400,-14.6,[JP][123527427]いぐすけ,-3800,-53.8,260826-6c1a61bd-c013-4743-8f17-1b06b1483b9f,
2026-08-26 16:32:42,2026-08-26 17:10:13,no,[JP][121573512]wot毒舌妹bot,40200,50.2,[JP][137746445]ここここきじゅ,24400,4.4,[JP][127685187]yukke_08,20900,-19.1,[JP][104870668]けーびぃー,14500,-35.5,260826-d5a0ab46-ac8b-4eaa-be02-6c1c1ee39ed7,
2026-08-26 15:39:41,2026-08-26 16:22:34,no,[JP][121291970]クッション枕,43000,53,[JP][122060292]しとらす@神速,21000,1,[JP][91745475]のあだよ〜ん,18300,-21.7,[JP][137746445]ここここきじゅ,17700,-32.3,260826-ee820c28-a39c-4cb4-9596-a893a733f365,
2026-08-26 15:25:29,2026-08-26 16:14:02,no,[JP][113140034]クロミです,46300,56.3,[JP][137746445]ここここきじゅ,39800,19.8,[JP][127500682]めいぴょい,28200,-11.8,[JP][105958026]モモンs,-14300,-64.3,260826-083ec02d-e60e-46db-b02c-a181aa772948,
2026-08-26 14:35:25,2026-08-26 15:32:29,no,[JP][97781556]西待,42100,52.1,[JP][123842955]アヤコぽん,36400,16.4,[JP][107121024]ミルモでチー,34900,-5.1,[JP][100881664]ハッチz,-13400,-63.4,260826-7c21e042-e663-47b7-8b3c-ffccd15bb219,
2026-08-26 12:33:34,2026-08-26 13:02:51,no,[JP][117826319]びんびんん,32600,42.6,[JP][137746445]ここここきじゅ,28400,8.4,[JP][128826565]ぬこうどんー,23200,-16.8,[JP][99259658]CVココア,15800,-34.2,260826-d518d036-eeb9-4b07-9312-67aa8705faef,
2026-08-26 09:42:33,2026-08-26 10:23:48,no,[JP][126875249]ポン太郎,43000,53,[JP][128534146]アラキ,36000,16,[JP][117826319]びんびんん,28500,-11.5,[JP][99489737]閄くん,-7500,-57.5,260826-b4245304-b302-49dc-b6b9-2548c624c570,
2026-08-26 09:23:46,2026-08-26 09:51:03,no,[JP][125680458]クタビレタケ,39500,49.5,[JP][91745475]のあだよ〜ん,31200,11.2,[JP][112646465]苺ですよ,20200,-19.8,[JP][127685187]yukke_08,9100,-40.9,260826-8ad98853-225a-4fda-9f70-655b1e7ec376,
2026-08-26 08:26:14,2026-08-26 09:17:43,no,[JP][107121024]ミルモでチー,40800,50.8,[JP][101672072]きょーか8,29100,9.1,[JP][127500682]めいぴょい,28200,-11.8,[JP][123842955]アヤコぽん,1900,-48.1,260826-ab7380f1-3780-4053-a81f-de36ac542cc7,
2026-08-26 08:19:08,2026-08-26 08:52:38,no,[JP][91745475]のあだよ〜ん,51800,61.8,[JP][122060292]しとらす@神速,39700,19.7,[JP][137746445]ここここきじゅ,26100,-13.9,[JP][103999753]kotetsu0422,-17600,-67.6,260826-5a7a7bb8-3c40-44c9-b2ae-00bd8a936355,
2026-08-26 07:34:59,2026-08-26 08:04:17,no,[JP][121573512]wot毒舌妹bot,32300,42.3,[JP][117826319]びんびんん,30100,10.1,[JP][105958026]モモンs,20500,-19.5,[JP][132889350]綴美,17100,-32.9,260826-760990e1-5921-4ab2-87fe-ea442e54a8ce,
2026-08-26 06:05:49,2026-08-26 06:44:56,no,[JP][107121024]ミルモでチー,38300,48.3,[JP][117826319]びんびんん,28700,8.7,[JP][137746445]ここここきじゅ,26500,-13.5,[JP][113140034]クロミです,6500,-43.5,260826-e1873414-52e8-46b2-9628-5bea25989fcd,
2026-08-26 05:23:57,2026-08-26 05:48:35,no,[JP][122060292]しとらす@神速,48400,58.4,[JP][103999753]kotetsu0422,33600,13.6,[JP][130636363]龍華。。,9100,-30.9,[JP][113140034]クロミです,8900,-41.1,260826-37d6e788-055c-41b6-8773-975bda58ebfe,
2026-08-26 04:42:10,2026-08-26 05:10:20,no,[JP][130636363]龍華。。,36400,46.4,[JP][103999753]kotetsu0422,28300,8.3,[JP][91745475]のあだよ〜ん,21400,-18.6,[JP][90337603]酔猫0724,13900,-36.1,260826-cf9522f5-5957-4e5f-94c9-630fb8c4e43e,
2026-08-26 03:15:09,2026-08-26 03:59:50,no,[JP][86425605]suzuken3,32700,42.7,[JP][117826319]びんびんん,29900,9.9,[JP][121291970]クッション枕,26500,-13.5,[JP][137746445]ここここきじゅ,10900,-39.1,260826-cf97fed2-b81d-4a4f-9e41-09876aefbdf7,
2026-08-26 02:28:43,2026-08-26 03:11:03,no,[JP][122060292]しとらす@神速,35600,45.6,[JP][101672072]きょーか8,24800,4.8,[JP][98640564]ono101,23900,-16.1,[JP][127685187]yukke_08,15700,-34.3,260826-b218040b-09d8-4888-ac3c-263c4063682b,
2026-08-26 00:02:41,2026-08-26 00:36:19,no,[JP][104870668]けーびぃー,34500,44.5,[JP][121291970]クッション枕,28500,8.5,[JP][117826319]びんびんん,24900,-15.1,[JP][121573512]wot毒舌妹bot,12100,-37.9,260826-73d8f2a9-7947-4f1a-a598-103748b748f3,
2026-08-25 21:52:36,2026-08-25 22:23:37,no,[JP][137746445]ここここきじゅ,38200,48.2,[JP][136949124]シャルにゃん,37200,17.2,[JP][98640564]ono101,30100,-9.9,[JP][117826319]びんびんん,-5500,-55.5,260825-93d5f0eb-2d84-4e7f-bce9-4a3b4c74f126,
2026-08-25 21:32:51,2026-08-25 22:17:00,no,[JP][107121024]ミルモでチー,40700,50.7,[JP][105958026]モモンs,36400,16.4,[JP][91745475]のあだよ〜ん,34600,-5.4,[JP][122060292]しとらす@神速,-11700,-61.7,260825-9bce7a6e-f31b-4118-80da-39cbfa69befe,
2026-08-25 20:44:18,2026-08-25 21:42:08,no,[JP][132889350]綴美,39000,49,[JP][98640564]ono101,35000,15,[JP][137746445]ここここきじゅ,20400,-19.6,[JP][103999753]kotetsu0422,5600,-44.4,260825-17d9e04c-1a47-4a2f-9f23-92f8879468e2,
2026-08-25 19:29:15,2026-08-25 20:24:56,no,[JP][91745475]のあだよ〜ん,70500,80.5,[JP][130636363]龍華。。,20600,0.6,[JP][107121024]ミルモでチー,8500,-31.5,[JP][137746445]ここここきじゅ,400,-49.6,260825-9e622ab6-edd7-4323-b464-31bdaab16167,
2026-08-25 19:15:17,2026-08-25 19:37:46,no,[JP][121446473]Akise299,35700,45.7,[JP][136949124]シャルにゃん,32300,12.3,[JP][90337603]酔猫0724,25700,-14.3,[JP][137746445]ここここきじゅ,6300,-43.7,260825-a91fb03f-b5fd-4a09-91c2-ea0cbbebf5c2,
2026-08-25 19:02:17,2026-08-25 19:29:28,no,[JP][122060292]しとらす@神速,42000,52,[JP][141442184]パラセクト。,34100,14.1,[JP][121291970]クッション枕,18800,-21.2,[JP][130865092]ゆあんぴょん,5100,-44.9,260825-d4ba6680-11db-4024-aa86-85bf3d6d1c5f,
2026-08-25 18:59:21,2026-08-25 19:34:15,no,[JP][121291970]クッション枕,63000,73,[JP][113140034]クロミです,35400,15.4,[JP][130865092]ゆあんぴょん,14600,-25.4,[JP][130636363]龍華。。,-13000,-63,260825-29df5e99-ba1d-4898-95df-525f6a2de278,
2026-08-25 18:48:56,2026-08-25 19:46:38,no,[JP][107121024]ミルモでチー,41500,51.5,[JP][91745475]のあだよ〜ん,24100,4.1,[JP][127500682]めいぴょい,17300,-22.7,[JP][122060292]しとらす@神速,17100,-32.9,260825-2f65273a-a74d-436b-a39c-dcdbc0f4d762,
2026-08-25 18:45:27,2026-08-25 19:39:54,no,[JP][112646465]苺ですよ,36200,46.2,[JP][103473217]ねこぜ7272,32700,12.7,[JP][127685187]yukke_08,24800,-15.2,[JP][103999753]kotetsu0422,6300,-43.7,260825-b3325fe3-5df3-4594-82e5-b3a83a11b64e,
2026-08-25 17:49:47,2026-08-25 18:12:30,no,[JP][132889350]綴美,39400,49.4,[JP][107121024]ミルモでチー,38400,18.4,[JP][122060292]しとらす@神速,31000,-9,[JP][137746445]ここここきじゅ,-8800,-58.8,260825-61618f8e-f52a-451a-b01c-533d8b53a0f0,
2026-08-25 13:08:49,2026-08-25 13:33:38,no,[JP][143266822]たむちゃん茶,42000,52,[JP][104870668]けーびぃー,31400,11.4,[JP][122060292]しとらす@神速,17800,-22.2,[JP][103999753]kotetsu0422,8800,-41.2,260825-e2e573cd-38f4-4b11-9962-11efa4dabdd0,
2026-08-25 12:54:00,2026-08-25 13:52:06,no,[JP][130636363]龍華。。,33200,43.2,[JP][137746445]ここここきじゅ,25400,5.4,[JP][105958026]モモンs,21200,-18.8,[JP][121446473]Akise299,20200,-29.8,260825-41723255-1559-436f-b715-64fe03a6eb50,
2026-08-25 09:06:24,2026-08-25 10:02:20,no,[JP][103999753]kotetsu0422,39300,49.3,[JP][121446473]Akise299,23200,3.2,[JP][92338957]よももmm,20900,-19.1,[JP][113140034]クロミです,16600,-33.4,260825-3ed47c81-fdf6-4da9-91ac-ba8cdac70ee5,
2026-08-25 05:06:39,2026-08-25 05:37:23,no,[JP][104870668]けーびぃー,34500,44.5,[JP][113140034]クロミです,34400,14.4,[JP][127685187]yukke_08,27200,-12.8,[JP][137746445]ここここきじゅ,3900,-46.1,260825-09ad9703-c2cc-4b35-8ebf-c6594fbf7dc3,
2026-08-25 02:44:58,2026-08-25 03:28:17,no,[JP][113140034]クロミです,30100,40.1,[JP][132889350]綴美,26700,6.7,[JP][127685187]yukke_08,24600,-15.4,[JP][122060292]しとらす@神速,18600,-31.4,260825-e2180caf-b0c1-461a-ac50-ab86835c1722,
2026-08-25 02:20:37,2026-08-25 03:03:12,no,[JP][121291970]クッション枕,40100,50.1,[JP][129679874]ニャンchan彡,38000,18,[JP][104870668]けーびぃー,28400,-11.6,[JP][126958659]tazmitu,-6500,-56.5,260825-2929111b-3be5-49ef-80ba-2027d00428e2,
2026-08-24 23:46:07,2026-08-25 00:33:21,no,[JP][137746445]ここここきじゅ,56900,66.9,[JP][91745475]のあだよ〜ん,26600,6.6,[JP][121573512]wot毒舌妹bot,19900,-20.1,[JP][116517186]ぞじまーじゃん,-3400,-53.4,260824-5ffb39f0-ef37-46a5-99ee-508a42216cbe,
2026-08-24 23:32:33,2026-08-25 00:05:01,no,[JP][121573512]wot毒舌妹bot,82600,92.6,[JP][110084301]かんんちゃ,11600,-8.4,[JP][121446473]Akise299,6900,-33.1,[JP][122060292]しとらす@神速,-1100,-51.1,260824-8259995d-798a-4da1-b80f-3926d3a0dcc8,
2026-08-24 23:29:28,2026-08-25 00:23:04,no,[JP][108807125]リーチ侍,46400,56.4,[JP][122060292]しとらす@神速,39700,19.7,[JP][137746445]ここここきじゅ,8500,-31.5,[JP][130636363]龍華。。,5400,-44.6,260824-30f7768c-6faf-44d3-9475-89e7bd8539ec,
2026-08-24 21:17:09,2026-08-24 21:43:46,no,[JP][137746445]ここここきじゅ,40800,50.8,[JP][127685187]yukke_08,38400,18.4,[JP][122060292]しとらす@神速,32900,-7.1,[JP][99489737]閄くん,-12100,-62.1,260824-ffaa29a0-7bf3-409b-b49e-73adddf365a9,
2026-08-24 20:30:41,2026-08-24 21:14:34,no,[JP][135562955]【くぅー】,39600,49.6,[JP][143266822]たむちゃん茶,32000,12,[JP][137746445]ここここきじゅ,19000,-21,[JP][97781556]西待,9400,-40.6,260824-be135e90-d95b-4bf2-94b6-5a9e82d94281,
2026-08-24 19:12:25,2026-08-24 19:36:37,no,[JP][122060292]しとらす@神速,36700,46.7,[JP][123842955]アヤコぽん,31100,11.1,[JP][107121024]ミルモでチー,30500,-9.5,[JP][137746445]ここここきじゅ,1700,-48.3,260824-a635dbd3-fff2-447a-a7a8-8c249865a722,
2026-08-24 19:04:27,2026-08-24 19:47:13,no,[JP][121291970]クッション枕,44000,54,[JP][113140034]クロミです,29600,9.6,[JP][136949124]シャルにゃん,22200,-17.8,[JP][132889350]綴美,4200,-45.8,260824-37365b3a-07e7-4caf-a233-b1b037a558c7,
2026-08-24 16:40:13,2026-08-24 17:24:25,no,[JP][121446473]Akise299,49200,59.2,[JP][127685187]yukke_08,32100,12.1,[JP][137746445]ここここきじゅ,13400,-26.6,[JP][130865092]ゆあんぴょん,5300,-44.7,260824-dc0286da-02f2-46b9-aff0-c7fc7a2b4ccb,
2026-08-24 15:03:52,2026-08-24 15:46:06,no,[JP][122060292]しとらす@神速,30900,40.9,[JP][104870668]けーびぃー,28100,8.1,[JP][121291970]クッション枕,24700,-15.3,[JP][137746445]ここここきじゅ,16300,-33.7,260824-6f9616de-1bf9-48d9-b014-18edc0222746,
2026-08-24 12:53:32,2026-08-24 13:43:49,no,[JP][137746445]ここここきじゅ,31300,41.3,[JP][127500682]めいぴょい,29200,9.2,[JP][122060292]しとらす@神速,27500,-12.5,[JP][132889350]綴美,12000,-38,260824-f62fc32e-2d58-4796-a3ef-9ea5e3ff65b7,
2026-08-24 12:12:53,2026-08-24 12:46:57,no,[JP][126875249]ポン太郎,48000,58,[JP][122060292]しとらす@神速,37700,17.7,[JP][127500682]めいぴょい,9700,-30.3,[JP][128826565]ぬこうどんー,4600,-45.4,260824-01bf285a-3c4e-4317-82c4-a97f8b700eae,
2026-08-24 12:08:50,2026-08-24 12:46:03,no,[JP][117826319]びんびんん,36200,46.2,[JP][136949124]シャルにゃん,34200,14.2,[JP][97781556]西待,31400,-8.6,[JP][137746445]ここここきじゅ,-1800,-51.8,260824-2abe0def-ddd1-445d-847a-58dde1fb9d35,
2026-08-24 10:53:59,2026-08-24 11:46:08,no,[JP][141442184]パラセクト。,39100,49.1,[JP][122060292]しとらす@神速,28800,8.8,[JP][102767246]やまどりぃ,25800,-14.2,[JP][127500682]めいぴょい,6300,-43.7,260824-f42f330a-2317-4829-867e-5b4c2ed7ed85,
2026-08-24 10:22:37,2026-08-24 10:58:07,no,[JP][137746445]ここここきじゅ,47200,57.2,[JP][113140034]クロミです,24200,4.2,[JP][122060292]しとらす@神速,17000,-23,[JP][123842955]アヤコぽん,11600,-38.4,260824-536b606f-e6d0-49b4-afec-6cc5570d2b46,
2026-08-24 10:22:17,2026-08-24 11:04:05,no,[JP][116517186]ぞじまーじゃん,47200,57.2,[JP][122060292]しとらす@神速,42700,22.7,[JP][127685187]yukke_08,37700,-2.3,[JP][101672072]きょーか8,-27600,-77.6,260824-e0ea1592-1ff3-40ce-9c9a-dea1a60a214e,
2026-08-24 07:35:13,2026-08-24 08:19:04,no,[JP][122060292]しとらす@神速,40600,50.6,[JP][85657666]tsuna_san,27300,7.3,[JP][132889350]綴美,20900,-19.1,[JP][128534146]アラキ,11200,-38.8,260824-1dd8753b-d2c2-4e9b-8dd4-d22372ab0c98,
2026-08-24 07:03:26,2026-08-24 07:28:17,no,[JP][103999753]kotetsu0422,43400,53.4,[JP][104870668]けーびぃー,33700,13.7,[JP][113140034]クロミです,32700,-7.3,[JP][116517186]ぞじまーじゃん,-9800,-59.8,260824-33af4b13-512f-4275-9e14-7318e119627b,
2026-08-24 05:07:22,2026-08-24 05:42:10,no,[JP][92338957]よももmm,40300,50.3,[JP][132889350]綴美,28200,8.2,[JP][103473217]ねこぜ7272,23800,-16.2,[JP][105958026]モモンs,7700,-42.3,260824-6e516540-4f22-40f6-8f96-8e3c80acb140,
2026-08-24 02:56:21,2026-08-24 03:21:53,no,[JP][113140034]クロミです,37700,47.7,[JP][132889350]綴美,23700,3.7,[JP][141442184]パラセクト。,23000,-17,[JP][137746445]ここここきじゅ,15600,-34.4,260824-72611a62-369a-4dea-a1b8-ccf6c05815a5,
2026-08-24 01:43:15,2026-08-24 02:16:54,no,[JP][130636363]龍華。。,43500,53.5,[JP][122060292]しとらす@神速,26400,6.4,[JP][128534146]アラキ,26300,-13.7,[JP][137746445]ここここきじゅ,3800,-46.2,260824-1be4f601-57bf-4c1a-a2cf-0baff785b9f6,
2026-08-24 01:34:47,2026-08-24 02:17:15,no,[JP][122060292]しとらす@神速,28500,38.5,[JP][107121024]ミルモでチー,27900,7.9,[JP][128534146]アラキ,25400,-14.6,[JP][132889350]綴美,18200,-31.8,260824-bf6c66bb-148f-4503-b7dc-35195396fcfd,
2026-08-24 01:18:10,2026-08-24 02:08:10,no,[JP][127685187]yukke_08,44600,54.6,[JP][132889350]綴美,40300,20.3,[JP][105958026]モモンs,13500,-26.5,[JP][130865092]ゆあんぴょん,1600,-48.4,260824-09512b60-a967-4773-a367-99394276c31c,
2026-08-23 23:31:11,2026-08-24 00:19:23,no,[JP][121291970]クッション枕,54900,64.9,[JP][122060292]しとらす@神速,25600,5.6,[JP][86425605]suzuken3,10900,-29.1,[JP][105958026]モモンs,8600,-41.4,260823-3cf1a96a-a15f-4e72-a074-c3b7efd59b49,
2026-08-23 21:08:08,2026-08-23 21:46:48,no,[JP][107121024]ミルモでチー,41100,51.1,[JP][137746445]ここここきじゅ,36100,16.1,[JP][91745475]のあだよ〜ん,30300,-9.7,[JP][132889350]綴美,-7500,-57.5,260823-91c48235-176e-4120-a400-f13075374c5e,
2026-08-23 20:32:20,2026-08-23 21:30:14,no,[JP][92338957]よももmm,48300,58.3,[JP][90337603]酔猫0724,35800,15.8,[JP][141442184]パラセクト。,16500,-23.5,[JP][122060292]しとらす@神速,-600,-50.6,260823-040f527a-0427-45d3-b334-c1e5d1719a9b,
2026-08-23 18:10:23,2026-08-23 18:42:28,no,[JP][107121024]ミルモでチー,38200,48.2,[JP][127500682]めいぴょい,26300,6.3,[JP][130636363]龍華。。,21300,-18.7,[JP][103473217]ねこぜ7272,14200,-35.8,260823-f3fecc6e-e2e3-4ac7-a3ba-5567fd256a0b,
2026-08-23 17:20:07,2026-08-23 18:02:52,no,[JP][107121024]ミルモでチー,40800,50.8,[JP][127685187]yukke_08,38200,18.2,[JP][116517186]ぞじまーじゃん,30400,-9.6,[JP][127500682]めいぴょい,-9400,-59.4,260823-b4e32b0f-9edc-4522-b3ac-5a7e684588b0,
2026-08-23 17:18:12,2026-08-23 17:41:24,no,[JP][107121024]ミルモでチー,54000,64,[JP][141442184]パラセクト。,50800,30.8,[JP][113140034]クロミです,10500,-29.5,[JP][123527427]いぐすけ,-15300,-65.3,260823-3111a7e7-a9b7-4636-9dfa-0a54d9179eef,
2026-08-23 16:49:01,2026-08-23 17:43:11,no,[JP][137746445]ここここきじゅ,52700,62.7,[JP][127500682]めいぴょい,46500,26.5,[JP][127685187]yukke_08,27100,-12.9,[JP][122060292]しとらす@神速,-26300,-76.3,260823-b15e7be9-68a8-4671-b80a-7fd76029619f,
2026-08-23 16:04:14,2026-08-23 16:34:35,no,[JP][127500682]めいぴょい,50300,60.3,[JP][128534146]アラキ,27100,7.1,[JP][123842955]アヤコぽん,15200,-24.8,[JP][137746445]ここここきじゅ,7400,-42.6,260823-473147df-a22a-4c88-ac31-a82d57204e86,
2026-08-23 15:28:12,2026-08-23 15:58:55,no,[JP][137746445]ここここきじゅ,36600,46.6,[JP][107121024]ミルモでチー,35400,15.4,[JP][127685187]yukke_08,16700,-23.3,[JP][86425605]suzuken3,11300,-38.7,260823-57f53c2f-34d8-4e6c-9d85-ca81b5bea52e,
2026-08-23 13:08:44,2026-08-23 13:44:04,no,[JP][140986564]ミラージュ梅,39300,49.3,[JP][122060292]しとらす@神速,36100,16.1,[JP][117826319]びんびんん,20600,-19.4,[JP][103473217]ねこぜ7272,4000,-46,260823-6af3ef2a-2fde-44de-8d5d-c28beaba1a02,
2026-08-23 13:01:37,2026-08-23 14:00:27,no,[JP][122060292]しとらす@神速,39800,49.8,[JP][121446473]Akise299,36000,16,[JP][137746445]ここここきじゅ,33000,-7,[JP][113140034]クロミです,-8800,-58.8,260823-52e24937-01d6-4f5d-81c3-9e807dbfaea4,
2026-08-23 08:33:11,2026-08-23 09:20:06,no,[JP][127500682]めいぴょい,36800,46.8,[JP][122060292]しとらす@神速,31700,11.7,[JP][130865092]ゆあんぴょん,29800,-10.2,[JP][121573512]wot毒舌妹bot,1700,-48.3,260823-d402b694-6fce-49a8-a0f3-9ebb8d02cc78,
2026-08-23 06:45:39,2026-08-23 07:16:37,no,[JP][121291970]クッション枕,42800,52.8,[JP][141362566]まー29,31900,11.9,[JP][117795009]sakura20,22500,-17.5,[JP][127685187]yukke_08,2800,-47.2,260823-5c4f2fa9-bcd2-48e3-9d39-51e232ec9b41,
2026-08-23 06:43:39,2026-08-23 07:19:03,no,[JP][136949124]シャルにゃん,46400,56.4,[JP][130636363]龍華。。,31700,11.7,[JP][130865092]ゆあんぴょん,22700,-17.3,[JP][141442184]パラセクト。,-800,-50.8,260823-a3a4e905-c1db-43c6-a1ff-08b8b7ad4477,
2026-08-23 04:45:32,2026-08-23 05:33:12,no,[JP][104870668]けーびぃー,39000,49,[JP][103999753]kotetsu0422,24600,4.6,[JP][121291970]クッション枕,21100,-18.9,[JP][137746445]ここここきじゅ,15300,-34.7,260823-9b421ac1-7057-4cd8-8313-efa40b1cc588,
2026-08-23 02:18:30,2026-08-23 02:52:17,no,[JP][121573512]wot毒舌妹bot,50400,60.4,[JP][86425605]suzuken3,35100,15.1,[JP][127500682]めいぴょい,9800,-30.2,[JP][105958026]モモンs,4700,-45.3,260823-4388c42d-53d8-4237-8de1-02490915cc21,
2026-08-23 00:16:17,2026-08-23 00:46:36,no,[JP][136949124]シャルにゃん,42400,52.4,[JP][137746445]ここここきじゅ,29700,9.7,[JP][132889350]綴美,14100,-25.9,[JP][127500682]めいぴょい,13800,-36.2,260823-573b5b31-1928-4951-bcf2-7c61432ea590,
2026-08-22 23:38:54,2026-08-23 00:30:27,no,[JP][107121024]ミルモでチー,45800,55.8,[JP][121573512]wot毒舌妹bot,36700,16.7,[JP][127500682]めいぴょい,18900,-21.1,[JP][114054330]ten_10te,-1400,-51.4,260822-dfea3ae9-cd8b-4ffe-bc31-8399992f4ba3,
2026-08-22 23:36:52,2026-08-23 00:32:10,no,[JP][107121024]ミルモでチー,42400,52.4,[JP][113140034]クロミです,26700,6.7,[JP][122060292]しとらす@神速,21400,-18.6,[JP][91745475]のあだよ〜ん,9500,-40.5,260822-21d0dd50-ecc1-414a-b155-2ca52c8cccb7,
2026-08-22 20:58:44,2026-08-22 21:27:19,no,[JP][123527427]いぐすけ,49800,59.8,[JP][136949124]シャルにゃん,41100,21.1,[JP][130865092]ゆあんぴょん,24000,-16,[JP][127685187]yukke_08,-14900,-64.9,260822-75ea857e-927e-4a04-a46e-1e6b8c06fc0f,
2026-08-22 20:42:44,2026-08-22 21:33:42,no,[JP][130865092]ゆあんぴょん,43400,53.4,[JP][137746445]ここここきじゅ,35300,15.3,[JP][136949124]シャルにゃん,25200,-14.8,[JP][129679874]ニャンchan彡,-3900,-53.9,260822-8853fcbd-cd12-47c2-94c3-60697ac60291,
2026-08-22 19:28:53,2026-08-22 20:20:29,no,[JP][137746445]ここここきじゅ,43900,53.9,[JP][102767246]やまどりぃ,25700,5.7,[JP][98640564]ono101,18800,-21.2,[JP][117826319]びんびんん,11600,-38.4,260822-29c47302-3e58-40f7-ad1c-334c35377cf7,
2026-08-22 18:49:51,2026-08-22 19:22:48,no,[JP][91745475]のあだよ〜ん,38500,48.5,[JP][122060292]しとらす@神速,31400,11.4,[JP][132889350]綴美,26300,-13.7,[JP][104870668]けーびぃー,3800,-46.2,260822-c930d9a8-bf9d-49f7-89c3-76a58fefb89b,
2026-08-22 18:34:34,2026-08-22 19:25:45,no,[JP][113140034]クロミです,40300,50.3,[JP][107121024]ミルモでチー,29100,9.1,[JP][141442184]パラセクト。,17800,-22.2,[JP][137746445]ここここきじゅ,12800,-37.2,260822-8784f35b-5430-4b22-ba6f-b1f5c77ea1eb,
2026-08-22 16:41:45,2026-08-22 17:12:20,no,[JP][127500682]めいぴょい,40100,50.1,[JP][113140034]クロミです,25200,5.2,[JP][117826319]びんびんん,19300,-20.7,[JP][137746445]ここここきじゅ,15400,-34.6,260822-71e95bc7-beed-4a32-ae8e-bb357314cd86,
2026-08-22 16:20:10,2026-08-22 16:56:33,no,[JP][136949124]シャルにゃん,49300,59.3,[JP][104870668]けーびぃー,28300,8.3,[JP][103999753]kotetsu0422,16400,-23.6,[JP][117826319]びんびんん,6000,-44,260822-312be3f5-d2b6-49a0-b0c1-6fad3c56816d,
2026-08-22 14:37:01,2026-08-22 15:14:30,no,[JP][127685187]yukke_08,61100,71.1,[JP][121291970]クッション枕,26000,6,[JP][116517186]ぞじまーじゃん,15400,-24.6,[JP][128826565]ぬこうどんー,-2500,-52.5,260822-91a3e5c6-0922-49db-bb9f-2ac9c3e5a859,
2026-08-22 12:35:04,2026-08-22 13:31:52,no,[JP][122060292]しとらす@神速,54500,64.5,[JP][141442184]パラセクト。,18400,-1.6,[JP][90337603]酔猫0724,14500,-25.5,[JP][129679874]ニャンchan彡,12600,-37.4,260822-b61cb572-b5a5-4955-badd-480a100f48a5,
2026-08-22 11:50:20,2026-08-22 12:31:26,no,[JP][132889350]綴美,53800,63.8,[JP][117826319]びんびんん,38400,18.4,[JP][108807125]リーチ侍,24300,-15.7,[JP][127500682]めいぴょい,-16500,-66.5,260822-d7ef9869-fded-436e-9a79-57ea749c6980,
2026-08-22 10:24:06,2026-08-22 11:16:45,no,[JP][104870668]けーびぃー,29200,39.2,[JP][136949124]シャルにゃん,24600,4.6,[JP][105958026]モモンs,24300,-15.7,[JP][113140034]クロミです,21900,-28.1,260822-0e29de52-0244-41f3-a7f4-f88dae1679b4,
2026-08-22 06:23:57,2026-08-22 07:17:11,no,[JP][121573512]wot毒舌妹bot,49300,59.3,[JP][130636363]龍華。。,47700,27.7,[JP][107121024]ミルモでチー,21800,-18.2,[JP][128534146]アラキ,-18800,-68.8,260822-ed84bc7d-c257-4b26-89ae-4abff14103d8,
2026-08-22 05:59:24,2026-08-22 06:56:14,no,[JP][137746445]ここここきじゅ,42800,52.8,[JP][130865092]ゆあんぴょん,28000,8,[JP][127500682]めいぴょい,20900,-19.1,[JP][114054330]ten_10te,8300,-41.7,260822-496eb6fa-827d-4137-82fa-8fd680ebfd8f,
2026-08-21 22:39:35,2026-08-21 23:25:56,no,[JP][128534146]アラキ,34000,44,[JP][117826319]びんびんん,30800,10.8,[JP][122060292]しとらす@神速,26400,-13.6,[JP][127685187]yukke_08,8800,-41.2,260821-ce3123a4-defe-4e82-8b35-4da362a79bf3,
2026-08-21 21:01:11,2026-08-21 21:45:47,no,[JP][130865092]ゆあんぴょん,44900,54.9,[JP][116517186]ぞじまーじゃん,29500,9.5,[JP][101672072]きょーか8,27200,-12.8,[JP][122060292]しとらす@神速,-1600,-51.6,260821-6c028854-51ae-4cae-aed1-2f00f4af8bd8,
2026-08-21 20:10:13,2026-08-21 20:34:57,no,[JP][121446473]Akise299,42600,52.6,[JP][137746445]ここここきじゅ,31500,11.5,[JP][127685187]yukke_08,28000,-12,[JP][110084301]かんんちゃ,-2100,-52.1,260821-27e0f234-df20-45e0-b3a2-2c42b0a0ded0,
2026-08-21 18:51:30,2026-08-21 19:49:37,no,[JP][107121024]ミルモでチー,47100,57.1,[JP][128534146]アラキ,45500,25.5,[JP][105958026]モモンs,32800,-7.2,[JP][123842955]アヤコぽん,-25400,-75.4,260821-a5e92f4d-804a-4c05-9f8f-51cc7a2605cf,
2026-08-21 18:46:08,2026-08-21 19:15:38,no,[JP][122060292]しとらす@神速,51700,61.7,[JP][141442184]パラセクト。,35800,15.8,[JP][130636363]龍華。。,23700,-16.3,[JP][104870668]けーびぃー,-11200,-61.2,260821-6285b807-b079-4901-bda1-d71f300d64ee,
2026-08-21 18:20:11,2026-08-21 18:47:13,no,[JP][122060292]しとらす@神速,30000,40,[JP][103473217]ねこぜ7272,27400,7.4,[JP][97781556]西待,22800,-17.2,[JP][127685187]yukke_08,19800,-30.2,260821-81ff7cd9-9b3f-4c99-aea4-f590bdba1aad,
2026-08-21 14:46:55,2026-08-21 15:24:12,no,[JP][127685187]yukke_08,33100,43.1,[JP][117826319]びんびんん,26700,6.7,[JP][103999753]kotetsu0422,24400,-15.6,[JP][121573512]wot毒舌妹bot,15800,-34.2,260821-f1556896-e151-4286-94b3-cf1699c8de10,
2026-08-21 10:08:26,2026-08-21 10:43:33,no,[JP][132889350]綴美,33200,43.2,[JP][127500682]めいぴょい,27000,7,[JP][130636363]龍華。。,21500,-18.5,[JP][121446473]Akise299,18300,-31.7,260821-1a2532b5-207a-46e0-a41b-f9aedae7e7d5,
2026-08-21 09:59:16,2026-08-21 10:54:55,no,[JP][107121024]ミルモでチー,43300,53.3,[JP][132889350]綴美,27400,7.4,[JP][127500682]めいぴょい,15200,-24.8,[JP][122060292]しとらす@神速,14100,-35.9,260821-20e2b3ca-40e2-433b-9eea-da07fd556fc6,
2026-08-21 08:58:45,2026-08-21 09:49:00,no,[JP][113140034]クロミです,35500,45.5,[JP][140986564]ミラージュ梅,28800,8.8,[JP][127500682]めいぴょい,25600,-14.4,[JP][127685187]yukke_08,10100,-39.9,260821-6bb5b812-8ce9-4a58-8add-561e32ebfcf2,
2026-08-21 06:34:52,2026-08-21 07:07:54,no,[JP][130636363]龍華。。,57500,67.5,[JP][99259658]CVココア,20600,0.6,[JP][86425605]suzuken3,13000,-27,[JP][104870668]けーびぃー,8900,-41.1,260821-837e496d-59ce-47ab-938d-f3fbbce4b400,
2026-08-21 06:28:52,2026-08-21 07:03:57,no,[JP][104870668]けーびぃー,35000,45,[JP][103999753]kotetsu0422,28900,8.9,[JP][117826319]びんびんん,23700,-16.3,[JP][137746445]ここここきじゅ,12400,-37.6,260821-a1059d55-7693-495c-a3e4-48ced338b8f8,
2026-08-21 06:17:26,2026-08-21 06:58:25,no,[JP][136949124]シャルにゃん,36100,46.1,[JP][122060292]しとらす@神速,22000,2,[JP][141442184]パラセクト。,21000,-19,[JP][137746445]ここここきじゅ,20900,-29.1,260821-6120a3e2-6218-4933-92ad-08e4a79cdae3,
2026-08-21 05:13:15,2026-08-21 06:06:07,no,[JP][127500682]めいぴょい,37700,47.7,[JP][105958026]モモンs,25200,5.2,[JP][83747017]わにさんの涙,21000,-19,[JP][113140034]クロミです,16100,-33.9,260821-5110214f-cf59-4356-801e-c5a905e0fd65,
2026-08-21 02:03:12,2026-08-21 02:42:02,no,[JP][99489737]閄くん,37600,47.6,[JP][104870668]けーびぃー,33100,13.1,[JP][97781556]西待,30000,-10,[JP][136949124]シャルにゃん,-700,-50.7,260821-49adf409-db0d-4086-aea2-974a6ce6e171,
2026-08-21 00:45:16,2026-08-21 01:37:28,no,[JP][112646465]苺ですよ,34300,44.3,[JP][91745475]のあだよ〜ん,26200,6.2,[JP][143266822]たむちゃん茶,24400,-15.6,[JP][99259658]CVココア,15100,-34.9,260821-c7290e07-b1c4-41ea-ab0d-99e8a18d802f,
2026-08-21 00:27:05,2026-08-21 01:06:02,no,[JP][137746445]ここここきじゅ,36600,46.6,[JP][84092681]天縁,25000,5,[JP][112646465]苺ですよ,22500,-17.5,[JP][127685187]yukke_08,15900,-34.1,260821-d9032f55-73be-4343-ae3e-3b9bddbc123f,
2026-08-21 00:17:13,2026-08-21 01:02:30,no,[JP][122060292]しとらす@神速,40900,50.9,[JP][132889350]綴美,31400,11.4,[JP][91745475]のあだよ〜ん,15100,-24.9,[JP][104870668]けーびぃー,12600,-37.4,260821-364f5af9-93ac-4c31-aebc-f3a444860026,
2026-08-21 00:00:45,2026-08-21 00:42:36,no,[JP][91745475]のあだよ〜ん,29300,39.3,[JP][101672072]きょーか8,28700,8.7,[JP][108807125]リーチ侍,22100,-17.9,[JP][90337603]酔猫0724,19900,-30.1,260821-8cf8f629-cfbc-4ca8-94a3-e417f2575502,
2026-08-20 23:53:21,2026-08-21 00:50:05,no,[JP][122060292]しとらす@神速,39600,49.6,[JP][97781556]西待,38900,18.9,[JP][121573512]wot毒舌妹bot,19500,-20.5,[JP][104870668]けーびぃー,2000,-48,260820-deff5994-a1b8-42a9-b729-2859ab7ae3bb,
2026-08-20 22:47:34,2026-08-20 23:18:08,no,[JP][130636363]龍華。。,41700,51.7,[JP][105958026]モモンs,24700,4.7,[JP][136949124]シャルにゃん,23100,-16.9,[JP][130865092]ゆあんぴょん,10500,-39.5,260820-8a4ca2a9-2760-4249-a984-2610255f230a,
2026-08-20 21:52:57,2026-08-20 22:46:00,no,[JP][137746445]ここここきじゅ,32400,42.4,[JP][92338957]よももmm,24300,4.3,[JP][130636363]龍華。。,23300,-16.7,[JP][104870668]けーびぃー,20000,-30,260820-d6da417a-5ffd-4d57-879a-2586281aaf98,
2026-08-20 17:50:38,2026-08-20 18:16:36,no,[JP][103473217]ねこぜ7272,30100,40.1,[JP][136949124]シャルにゃん,26600,6.6,[JP][121291970]クッション枕,24200,-15.8,[JP][137746445]ここここきじゅ,19100,-30.9,260820-427f4f37-41c1-47ef-a43a-a56a247b67f2,
2026-08-20 14:28:18,2026-08-20 14:58:33,no,[JP][130636363]龍華。。,27900,37.9,[JP][122060292]しとらす@神速,26300,6.3,[JP][127500682]めいぴょい,23000,-17,[JP][83747017]わにさんの涙,22800,-27.2,260820-f2ce0aac-f23d-4932-81c3-08e8437b5c9d,
2026-08-20 14:26:51,2026-08-20 14:52:12,no,[JP][104870668]けーびぃー,34500,44.5,[JP][121446473]Akise299,26900,6.9,[JP][122060292]しとらす@神速,23200,-16.8,[JP][86936271]nsnsnsn,15400,-34.6,260820-939d98ce-b4dc-41d2-857a-087b5b30abe1,
2026-08-20 14:03:58,2026-08-20 14:37:28,no,[JP][123842955]アヤコぽん,45500,55.5,[JP][122060292]しとらす@神速,36000,16,[JP][99489737]閄くん,15700,-24.3,[JP][116517186]ぞじまーじゃん,2800,-47.2,260820-44df53fc-d3bd-4956-b196-330b0bdb5018,
2026-08-20 08:26:33,2026-08-20 09:10:13,no,[JP][130865092]ゆあんぴょん,34500,44.5,[JP][127685187]yukke_08,32900,12.9,[JP][122060292]しとらす@神速,29300,-10.7,[JP][103999753]kotetsu0422,3300,-46.7,260820-310297b8-e52a-438d-8fb8-947bff485427,
2026-08-20 07:57:38,2026-08-20 08:32:22,no,[JP][123842955]アヤコぽん,31900,41.9,[JP][116517186]ぞじまーじゃん,23900,3.9,[JP][141442184]パラセクト。,22400,-17.6,[JP][127500682]めいぴょい,21800,-28.2,260820-c62c8d22-3fdc-43d2-a0b5-2b52ba4a82a8,
2026-08-20 07:51:48,2026-08-20 08:50:39,no,[JP][121291970]クッション枕,43300,53.3,[JP][103999753]kotetsu0422,39100,19.1,[JP][104870668]けーびぃー,31400,-8.6,[JP][117826319]びんびんん,-13800,-63.8,260820-deec706e-f69e-461e-be5d-ae348d82a4ab,
2026-08-20 07:40:49,2026-08-20 08:32:21,no,[JP][128534146]アラキ,40900,50.9,[JP][123842955]アヤコぽん,23000,3,[JP][132889350]綴美,21200,-18.8,[JP][103999753]kotetsu0422,14900,-35.1,260820-489955da-8362-436d-a23b-4afedc0e098d,
2026-08-20 07:11:46,2026-08-20 08:01:23,no,[JP][92338957]よももmm,37800,47.8,[JP][103999753]kotetsu0422,35400,15.4,[JP][99259658]CVココア,19400,-20.6,[JP][127685187]yukke_08,7400,-42.6,260820-e9ca3d65-6ed4-403d-8e5a-5980bb818b82,
2026-08-20 03:40:10,2026-08-20 04:02:13,no,[JP][117826319]びんびんん,46000,56,[JP][103473217]ねこぜ7272,32800,12.8,[JP][122060292]しとらす@神速,29100,-10.9,[JP][121446473]Akise299,-7900,-57.9,260820-ce10e220-6974-4d76-8b56-1682620957d0,
2026-08-20 00:29:30,2026-08-20 01:17:19,no,[JP][114054330]ten_10te,34800,44.8,[JP][110084301]かんんちゃ,31000,11,[JP][123842955]アヤコぽん,26500,-13.5,[JP][130865092]ゆあんぴょん,7700,-42.3,260820-ea97e46c-8f9d-41c3-b3a0-5da60e08e7a6,
2026-08-20 00:27:45,2026-08-20 01:17:24,no,[JP][105958026]モモンs,39200,49.2,[JP][117826319]びんびんん,23300,3.3,[JP][92338957]よももmm,22000,-18,[JP][130636363]龍華。。,15500,-34.5,260820-33eadf88-d6db-4274-8b88-502fce16b9bd,
2026-08-19 22:23:30,2026-08-19 23:16:14,no,[JP][117826319]びんびんん,40900,50.9,[JP][121446473]Akise299,33100,13.1,[JP][126958659]tazmitu,23500,-16.5,[JP][127685187]yukke_08,2500,-47.5,260819-6381a4d5-9a47-40d4-a124-a2d9aa680e6d,
2026-08-19 22:21:15,2026-08-19 23:12:46,no,[JP][117826319]びんびんん,35100,45.1,[JP][127500682]めいぴょい,29500,9.5,[JP][136949124]シャルにゃん,26900,-13.1,[JP][127685187]yukke_08,8500,-41.5,260819-3ac836c6-1b5f-4151-a8bb-7466e2002253,
2026-08-19 21:54:24,2026-08-19 22:51:33,no,[JP][132889350]綴美,36900,46.9,[JP][123842955]アヤコぽん,30300,10.3,[JP][117826319]びんびんん,17400,-22.6,[JP][113140034]クロミです,15400,-34.6,260819-5905627e-4582-4e87-a59b-c868d9876ec9,
2026-08-19 19:57:55,2026-08-19 20:34:49,no,[JP][136949124]シャルにゃん,41600,51.6,[JP][132889350]綴美,32600,12.6,[JP][104870668]けーびぃー,19700,-20.3,[JP][108807125]リーチ侍,6100,-43.9,260819-642903b9-2e51-43c8-92e7-fda902672953,
2026-08-19 17:23:17,2026-08-19 18:15:14,no,[JP][122060292]しとらす@神速,53000,63,[JP][127685187]yukke_08,32100,12.1,[JP][97781556]西待,12100,-27.9,[JP][92338957]よももmm,2800,-47.2,260819-8755e906-7e73-4447-8520-28fcd6c6b9ae,
2026-08-19 17:23:00,2026-08-19 18:04:56,no,[JP][121446473]Akise299,46200,56.2,[JP][121573512]wot毒舌妹bot,40400,20.4,[JP][141442184]パラセクト。,39900,-0.1,[JP][121291970]クッション枕,-26500,-76.5,260819-6835f452-e3d9-430a-8ea7-59b34281b227,
2026-08-19 13:06:40,2026-08-19 13:47:19,no,[JP][107121024]ミルモでチー,45700,55.7,[JP][122060292]しとらす@神速,36800,16.8,[JP][121291970]クッション枕,30300,-9.7,[JP][137746445]ここここきじゅ,-12800,-62.8,260819-ae3a6e7e-241b-49dc-a8c5-dc662e3bb55b,
2026-08-19 11:31:04,2026-08-19 12:05:44,no,[JP][113140034]クロミです,57700,67.7,[JP][116517186]ぞじまーじゃん,22500,2.5,[JP][130636363]龍華。。,13900,-26.1,[JP][137746445]ここここきじゅ,5900,-44.1,260819-ca2d51dc-1d26-47b5-a095-ad69b9033019,
2026-08-19 11:29:19,2026-08-19 12:00:08,no,[JP][130636363]龍華。。,42600,52.6,[JP][135562955]【くぅー】,40200,20.2,[JP][86425605]suzuken3,28900,-11.1,[JP][116517186]ぞじまーじゃん,-11700,-61.7,260819-06203c2b-7deb-4841-a946-e845754593e3,
2026-08-19 11:10:30,2026-08-19 12:00:38,no,[JP][122060292]しとらす@神速,53300,63.3,[JP][127685187]yukke_08,31700,11.7,[JP][99489737]閄くん,25800,-14.2,[JP][117826319]びんびんん,-10800,-60.8,260819-ffc1c487-ec12-4c0b-b198-c3da663ed511,
2026-08-19 10:20:51,2026-08-19 11:10:03,no,[JP][117826319]びんびんん,38100,48.1,[JP][137746445]ここここきじゅ,33300,13.3,[JP][127685187]yukke_08,30200,-9.8,[JP][103473217]ねこぜ7272,-1600,-51.6,260819-a51de6b5-ca7b-47d8-9793-69974a70b351,
2026-08-19 09:22:35,2026-08-19 09:44:46,no,[JP][137746445]ここここきじゅ,43300,53.3,[JP][122060292]しとらす@神速,23000,3,[JP][128534146]アラキ,22000,-18,[JP][103999753]kotetsu0422,11700,-38.3,260819-8ca69ccf-d643-4e71-8c56-4399e2ba3f30,
2026-08-19 08:32:40,2026-08-19 09:07:48,no,[JP][123842955]アヤコぽん,41400,51.4,[JP][101672072]きょーか8,34000,14,[JP][84158849]しゅんんたろう,24700,-15.3,[JP][113140034]クロミです,-100,-50.1,260819-45c8364b-e5f5-4aa7-8862-216d87385e4f,
2026-08-19 04:26:56,2026-08-19 05:14:35,no,[JP][127685187]yukke_08,57600,67.6,[JP][117826319]びんびんん,24400,4.4,[JP][121291970]クッション枕,10400,-29.6,[JP][87368974]むしちゃんです,7600,-42.4,260819-60cc3b6e-6e6f-45de-a3d4-051807fb0e63,
2026-08-19 01:36:10,2026-08-19 02:28:58,no,[JP][128534146]アラキ,54400,64.4,[JP][121573512]wot毒舌妹bot,26900,6.9,[JP][127500682]めいぴょい,12400,-27.6,[JP][132889350]綴美,6300,-43.7,260819-e165f77a-979c-45e9-a69f-1e3484a498d6,
2026-08-18 23:39:25,2026-08-19 00:11:26,no,[JP][132889350]綴美,42700,52.7,[JP][137746445]ここここきじゅ,33700,13.7,[JP][98640564]ono101,16000,-24,[JP][122060292]しとらす@神速,7600,-42.4,260818-2bb2ed57-ea95-4a0f-9e2c-d9c4cfd50965,
2026-08-18 22:41:23,2026-08-18 23:24:18,no,[JP][104870668]けーびぃー,39700,49.7,[JP][98640564]ono101,34800,14.8,[JP][107121024]ミルモでチー,16700,-23.3,[JP][103999753]kotetsu0422,8800,-41.2,260818-c16e87dc-3d8b-45b2-873e-7403a65c79b5,
2026-08-18 21:45:09,2026-08-18 22:39:04,no,[JP][130865092]ゆあんぴょん,44600,54.6,[JP][113140034]クロミです,35500,15.5,[JP][91745475]のあだよ〜ん,26500,-13.5,[JP][137746445]ここここきじゅ,-6600,-56.6,260818-19fafbc4-6f06-4d97-baa1-699eecbfe22a,
2026-08-18 18:57:11,2026-08-18 19:44:57,no,[JP][117826319]びんびんん,36100,46.1,[JP][137746445]ここここきじゅ,28900,8.9,[JP][122060292]しとらす@神速,22500,-17.5,[JP][141442184]パラセクト。,12500,-37.5,260818-afb26bb5-3fe2-47f6-9cd3-cc87a9f29709,
2026-08-18 15:51:49,2026-08-18 16:45:44,no,[JP][103999753]kotetsu0422,43000,53,[JP][91745475]のあだよ〜ん,41900,21.9,[JP][113140034]クロミです,22100,-17.9,[JP][104870668]けーびぃー,-7000,-57,260818-012d3117-69c9-45cb-9920-70c681ecebb3,
2026-08-18 15:01:51,2026-08-18 15:53:22,no,[JP][105958026]モモンs,48900,58.9,[JP][122060292]しとらす@神速,22200,2.2,[JP][123842955]アヤコぽん,15200,-24.8,[JP][103473217]ねこぜ7272,13700,-36.3,260818-1d8dd526-a678-4585-907c-ed4f79e6e0f8,
2026-08-18 14:08:50,2026-08-18 14:38:39,no,[JP][128534146]アラキ,32900,42.9,[JP][137746445]ここここきじゅ,29900,9.9,[JP][130865092]ゆあんぴょん,26300,-13.7,[JP][117826319]びんびんん,10900,-39.1,260818-6dbc2af2-f1d8-4ae9-b55a-e84d5589c5ad,
2026-08-18 13:14:30,2026-08-18 13:39:33,no,[JP][137746445]ここここきじゅ,34000,44,[JP][123842955]アヤコぽん,26300,6.3,[JP][132889350]綴美,24900,-15.1,[JP][104870668]けーびぃー,14800,-35.2,260818-937447aa-44b3-45e1-a7e8-f88087144107,
2026-08-18 12:59:38,2026-08-18 13:56:13,no,[JP][107121024]ミルモでチー,44900,54.9,[JP][86425605]suzuken3,19400,-0.6,[JP][123842955]アヤコぽん,18400,-21.6,[JP][128826565]ぬこうどんー,17300,-32.7,260818-acde5c18-bdb2-4f7d-a85b-1a552bbfd893,
2026-08-18 12:22:50,2026-08-18 13:18:42,no,[JP][121291970]クッション枕,42100,52.1,[JP][141442184]パラセクト。,32200,12.2,[JP][122060292]しとらす@神速,15800,-24.2,[JP][126958659]tazmitu,9900,-40.1,260818-48aa8d7d-0178-4786-aff6-a1a08e07dbc3,
2026-08-18 09:07:31,2026-08-18 09:44:01,no,[JP][91745475]のあだよ〜ん,48900,58.9,[JP][127685187]yukke_08,26900,6.9,[JP][137746445]ここここきじゅ,26300,-13.7,[JP][103473217]ねこぜ7272,-2100,-52.1,260818-598174d0-36f2-4831-9cdf-d04b80885b59,
2026-08-18 08:28:34,2026-08-18 08:52:46,no,[JP][130636363]龍華。。,31800,41.8,[JP][122060292]しとらす@神速,30100,10.1,[JP][127685187]yukke_08,25700,-14.3,[JP][117826319]びんびんん,12400,-37.6,260818-9020ab79-48b5-4390-802f-c4eb0f8a2bb1,
2026-08-18 07:22:57,2026-08-18 08:16:28,no,[JP][143266822]たむちゃん茶,37100,47.1,[JP][127685187]yukke_08,30800,10.8,[JP][137746445]ここここきじゅ,19200,-20.8,[JP][114054330]ten_10te,12900,-37.1,260818-cb7c5f27-e014-424c-85b0-6d6206d95438,
2026-08-18 06:03:40,2026-08-18 07:00:03,no,[JP][127500682]めいぴょい,56800,66.8,[JP][130865092]ゆあんぴょん,16800,-3.2,[JP][103999753]kotetsu0422,15800,-24.2,[JP][122060292]しとらす@神速,10600,-39.4,260818-545b1385-3303-4a98-bac5-a44d072d9bc0,
2026-08-18 05:30:30,2026-08-18 06:15:51,no,[JP][137746445]ここここきじゅ,38300,48.3,[JP][103473217]ねこぜ7272,26100,6.1,[JP][91745475]のあだよ〜ん,24200,-15.8,[JP][104870668]けーびぃー,11400,-38.6,260818-4eaed427-7281-44fc-83d6-e44482abcafd,
2026-08-18 04:51:42,2026-08-18 05:16:20,no,[JP][122060292]しとらす@神速,35000,45,[JP][140986564]ミラージュ梅,23900,3.9,[JP][121573512]wot毒舌妹bot,22800,-17.2,[JP][86936271]nsnsnsn,18300,-31.7,260818-736a7e09-60b3-42f9-8b8f-29aef363f490,
2026-08-18 04:42:13,2026-08-18 05:29:07,no,[JP][91745475]のあだよ〜ん,34000,44,[JP][122060292]しとらす@神速,33700,13.7,[JP][104870668]けーびぃー,20700,-19.3,[JP][127685187]yukke_08,11600,-38.4,260818-e07d0cd0-0869-4789-8cb9-d69cb51702a3,
2026-08-18 02:14:13,2026-08-18 02:41:09,no,[JP][103999753]kotetsu0422,31600,41.6,[JP][136949124]シャルにゃん,24600,4.6,[JP][117826319]びんびんん,22500,-17.5,[JP][97781556]西待,21300,-28.7,260818-bab6e7c6-1061-4ea2-8668-5df3466c65b2,
2026-08-18 00:23:51,2026-08-18 00:49:01,no,[JP][128534146]アラキ,42200,52.2,[JP][141442184]パラセクト。,32500,12.5,[JP][103999753]kotetsu0422,14700,-25.3,[JP][137746445]ここここきじゅ,10600,-39.4,260818-cebc10e2-58d3-4d04-9076-b109a8650890,
2026-08-17 23:20:19,2026-08-17 23:59:37,no,[JP][114054330]ten_10te,41500,51.5,[JP][92338957]よももmm,25500,5.5,[JP][103999753]kotetsu0422,21300,-18.7,[JP][97781556]西待,11700,-38.3,260817-7f206ed4-d803-499d-a39b-74ecd65997b4,
2026-08-17 23:07:23,2026-08-18 00:04:40,no,[JP][122060292]しとらす@神速,41800,51.8,[JP][137746445]ここここきじゅ,22300,2.3,[JP][92338957]よももmm,18200,-21.8,[JP][121446473]Akise299,17700,-32.3,260817-ffd830b0-1f1b-46c0-ad89-fb08d2afd192,
2026-08-17 22:01:24,2026-08-17 22:58:31,no,[JP][126958659]tazmitu,38300,48.3,[JP][122060292]しとらす@神速,22500,2.5,[JP][121291970]クッション枕,20100,-19.9,[JP][105958026]モモンs,19100,-30.9,260817-33245cb6-2a7d-4003-b042-c294f84fc883,
2026-08-17 18:43:33,2026-08-17 19:29:41,no,[JP][122060292]しとらす@神速,48300,58.3,[JP][92338957]よももmm,37900,17.9,[JP][132889350]綴美,28900,-11.1,[JP][137746445]ここここきじゅ,-15100,-65.1,260817-5d52aa87-c576-414c-a95e-65587499fef4,
2026-08-17 14:33:39,2026-08-17 15:02:20,no,[JP][122060292]しとらす@神速,30900,40.9,[JP][107121024]ミルモでチー,27100,7.1,[JP][137746445]ここここきじゅ,25200,-14.8,[JP][123842955]アヤコぽん,16800,-33.2,260817-6794942b-4d6a-425a-a533-8e1bc00f56ec,
2026-08-17 14:21:43,2026-08-17 15:09:32,no,[JP][137746445]ここここきじゅ,34800,44.8,[JP][110084301]かんんちゃ,30700,10.7,[JP][128534146]アラキ,26000,-14,[JP][103999753]kotetsu0422,8500,-41.5,260817-23c8ae51-bc88-4c46-bfb8-4b0acf5e269c,
2026-08-17 13:50:05,2026-08-17 14:36:17,no,[JP][104870668]けーびぃー,58800,68.8,[JP][136949124]シャルにゃん,23000,3,[JP][125680458]クタビレタケ,10000,-30,[JP][117826319]びんびんん,8200,-41.8,260817-82d17e32-3282-475a-8968-6ff034f2af46,
2026-08-17 12:39:21,2026-08-17 13:23:10,no,[JP][126958659]tazmitu,39200,49.2,[JP][130636363]龍華。。,24100,4.1,[JP][104870668]けーびぃー,20900,-19.1,[JP][91745475]のあだよ〜ん,15800,-34.2,260817-0a039057-f6c2-4c60-8f14-5fb48ce3f3da,
2026-08-17 11:43:11,2026-08-17 12:10:10,no,[JP][127685187]yukke_08,53300,63.3,[JP][127500682]めいぴょい,29900,9.9,[JP][123842955]アヤコぽん,25700,-14.3,[JP][91745475]のあだよ〜ん,-8900,-58.9,260817-d6fb19b1-18c4-44fa-a6ea-ed055e1d2e9a,
2026-08-17 11:19:37,2026-08-17 11:59:54,no,[JP][123527427]いぐすけ,40300,50.3,[JP][122060292]しとらす@神速,31000,11,[JP][121573512]wot毒舌妹bot,27700,-12.3,[JP][92338957]よももmm,1000,-49,260817-573de17e-da65-445b-88cc-91d60842ed27,
2026-08-17 08:50:13,2026-08-17 09:33:23,no,[JP][112646465]苺ですよ,37900,47.9,[JP][127685187]yukke_08,27100,7.1,[JP][127500682]めいぴょい,23900,-16.1,[JP][91745475]のあだよ〜ん,11100,-38.9,260817-9bb85c09-6720-4ce8-ada3-e0f4e5ddb897,
2026-08-17 08:44:10,2026-08-17 09:28:12,no,[JP][130636363]龍華。。,33600,43.6,[JP][91745475]のあだよ〜ん,33500,13.5,[JP][117826319]びんびんん,31700,-8.3,[JP][122060292]しとらす@神速,1200,-48.8,260817-02b64a31-179e-4b59-b538-92e34421baf7,
2026-08-17 08:19:51,2026-08-17 09:09:19,no,[JP][122060292]しとらす@神速,39400,49.4,[JP][130636363]龍華。。,27700,7.7,[JP][123842955]アヤコぽん,26700,-13.3,[JP][143266822]たむちゃん茶,6200,-43.8,260817-cd3713c3-2721-44a9-99a8-7e73c87d4a21,
2026-08-17 05:46:35,2026-08-17 06:26:20,no,[JP][87368974]むしちゃんです,44400,54.4,[JP][130636363]龍華。。,37700,17.7,[JP][137746445]ここここきじゅ,32900,-7.1,[JP][122060292]しとらす@神速,-15000,-65,260817-d74cbdc8-f6bb-423c-8796-2153e969b74d,
2026-08-17 04:31:08,2026-08-17 05:17:05,no,[JP][126958659]tazmitu,42700,52.7,[JP][122060292]しとらす@神速,35600,15.6,[JP][105958026]モモンs,28600,-11.4,[JP][137746445]ここここきじゅ,-6900,-56.9,260817-34072253-4b46-4e7a-ac1e-84aeb9805fc9,
2026-08-17 01:08:03,2026-08-17 01:55:58,no,[JP][113140034]クロミです,44200,54.2,[JP][121291970]クッション枕,42300,22.3,[JP][105958026]モモンs,26700,-13.3,[JP][122060292]しとらす@神速,-13200,-63.2,260817-2cfb71ea-6be1-45d3-b7bd-f57b8ca7df9f,
2026-08-16 23:51:26,2026-08-17 00:23:56,no,[JP][104870668]けーびぃー,43000,53,[JP][136949124]シャルにゃん,29900,9.9,[JP][99489737]閄くん,14700,-25.3,[JP][121573512]wot毒舌妹bot,12400,-37.6,260816-c9141b48-798f-4abe-84b5-d344c47c0cc6,
2026-08-16 23:28:10,2026-08-17 00:24:40,no,[JP][127500682]めいぴょい,42700,52.7,[JP][122060292]しとらす@神速,21300,1.3,[JP][136949124]シャルにゃん,19000,-21,[JP][104870668]けーびぃー,17000,-33,260816-c5019c84-b89e-469b-9cd3-2e15c79a6d34,
2026-08-16 23:11:04,2026-08-16 23:42:29,no,[JP][86936271]nsnsnsn,31500,41.5,[JP][104870668]けーびぃー,24000,4,[JP][121446473]Akise299,23800,-16.2,[JP][116517186]ぞじまーじゃん,20700,-29.3,260816-f7ff1b8a-5af6-4e68-812a-0669932e4228,
2026-08-16 21:01:25,2026-08-16 21:55:25,no,[JP][136949124]シャルにゃん,34200,44.2,[JP][84092681]天縁,29500,9.5,[JP][127685187]yukke_08,18600,-21.4,[JP][137746445]ここここきじゅ,17700,-32.3,260816-c0940f8a-4de3-41f5-930d-a6195957c4c1,
2026-08-16 19:53:38,2026-08-16 20:33:53,no,[JP][107121024]ミルモでチー,49800,59.8,[JP][117826319]びんびんん,41400,21.4,[JP][128534146]アラキ,27900,-12.1,[JP][137746445]ここここきじゅ,-19100,-69.1,260816-0f253006-9f91-455d-855e-57f36cc18fa3,
2026-08-16 19:27:58,2026-08-16 20:14:38,no,[JP][112646465]苺ですよ,35000,45,[JP][92338957]よももmm,28600,8.6,[JP][104870668]けーびぃー,23500,-16.5,[JP][127685187]yukke_08,12900,-37.1,260816-59d532af-b42a-45d5-991a-2db05e34c79b,
2026-08-16 17:22:54,2026-08-16 17:48:52,no,[JP][113140034]クロミです,30300,40.3,[JP][122060292]しとらす@神速,28900,8.9,[JP][92338957]よももmm,26300,-13.7,[JP][132889350]綴美,14500,-35.5,260816-8b15cf49-4776-4a6e-8ea6-996b698aaf1c,
2026-08-16 17:14:33,2026-08-16 17:40:23,no,[JP][97781556]西待,38000,48,[JP][130636363]龍華。。,28600,8.6,[JP][92338957]よももmm,20000,-20,[JP][104870668]けーびぃー,13400,-36.6,260816-f4897987-1c6b-4db7-80f0-259fad230b4f,
2026-08-16 13:48:22,2026-08-16 14:21:45,no,[JP][102767246]やまどりぃ,43000,53,[JP][130865092]ゆあんぴょん,38500,18.5,[JP][137746445]ここここきじゅ,11000,-29,[JP][130636363]龍華。。,7500,-42.5,260816-393aca88-3266-415d-99e7-d9b485873fff,
2026-08-16 12:45:26,2026-08-16 13:31:21,no,[JP][107121024]ミルモでチー,30200,40.2,[JP][98640564]ono101,27400,7.4,[JP][103999753]kotetsu0422,26700,-13.3,[JP][137746445]ここここきじゅ,15700,-34.3,260816-409d8acc-411a-4c50-9a87-f71810c2cebc,
2026-08-16 11:11:37,2026-08-16 11:58:26,no,[JP][103999753]kotetsu0422,38900,48.9,[JP][127685187]yukke_08,34800,14.8,[JP][137746445]ここここきじゅ,26800,-13.2,[JP][87368974]むしちゃんです,-500,-50.5,260816-0fd084f4-c1f0-4874-a057-ed5a82e05495,
2026-08-16 10:41:02,2026-08-16 11:25:00,no,[JP][97781556]西待,46100,56.1,[JP][137746445]ここここきじゅ,33400,13.4,[JP][104870668]けーびぃー,12700,-27.3,[JP][136949124]シャルにゃん,7800,-42.2,260816-90ace74e-9dfb-4e1f-9b70-3a8f514cc387,
2026-08-16 06:17:22,2026-08-16 07:01:50,no,[JP][136949124]シャルにゃん,53700,63.7,[JP][91745475]のあだよ〜ん,26400,6.4,[JP][103473217]ねこぜ7272,18200,-21.8,[JP][112646465]苺ですよ,1700,-48.3,260816-945bb07a-c435-4284-8db0-fd72ba88df2d,
2026-08-16 04:08:53,2026-08-16 05:05:50,no,[JP][83747017]わにさんの涙,40300,50.3,[JP][132889350]綴美,34800,14.8,[JP][130865092]ゆあんぴょん,18200,-21.8,[JP][90337603]酔猫0724,6700,-43.3,260816-69d930f6-9579-421d-bd8f-ebee56ad471a,
2026-08-16 03:44:31,2026-08-16 04:27:35,no,[JP][127500682]めいぴょい,34600,44.6,[JP][122060292]しとらす@神速,27800,7.8,[JP][120737357]キャン著名,23400,-16.6,[JP][87368974]むしちゃんです,14200,-35.8,260816-5540d822-b6c5-47f2-a59a-c29f6070c122,
2026-08-16 03:06:16,2026-08-16 03:58:39,no,[JP][122060292]しとらす@神速,54900,64.9,[JP][127685187]yukke_08,18000,-2,[JP][132889350]綴美,14300,-25.7,[JP][137746445]ここここきじゅ,12800,-37.2,260816-886060a4-a1fe-4f06-8140-5e21c701eb80,
2026-08-16 01:13:19,2026-08-16 01:38:54,no,[JP][112646465]苺ですよ,29100,39.1,[JP][122060292]しとらす@神速,28100,8.1,[JP][132889350]綴美,21700,-18.3,[JP][104870668]けーびぃー,21100,-28.9,260816-8965cc31-0e82-4378-8ebe-90b597ca76ca,
2026-08-16 00:42:50,2026-08-16 01:29:57,no,[JP][90337603]酔猫0724,52900,62.9,[JP][103999753]kotetsu0422,21700,1.7,[JP][105958026]モモンs,19600,-20.4,[JP][132889350]綴美,5800,-44.2,260816-93660f6f-8f55-4715-9f1b-e2dbe280e87e,
2026-08-15 23:59:24,2026-08-16 00:28:18,no,[JP][122060292]しとらす@神速,39600,49.6,[JP][91745475]のあだよ〜ん,29200,9.2,[JP][140986564]ミラージュ梅,24900,-15.1,[JP][99489737]閄くん,6300,-43.7,260815-10a874da-c463-4625-9f68-78378294e31e,
2026-08-15 22:59:35,2026-08-15 23:32:22,no,[JP][107121024]ミルモでチー,42700,52.7,[JP][122060292]しとらす@神速,32100,12.1,[JP][104870668]けーびぃー,28300,-11.7,[JP][132889350]綴美,-3100,-53.1,260815-96896528-c6c9-4158-87b3-b111ae0d2255,
2026-08-15 17:30:49,2026-08-15 18:12:25,no,[JP][128534146]アラキ,37100,47.1,[JP][123842955]アヤコぽん,29300,9.3,[JP][141442184]パラセクト。,17400,-22.6,[JP][137746445]ここここきじゅ,16200,-33.8,260815-46e87994-dbe6-4c02-b731-362ac7dbc1ac,
2026-08-15 15:32:06,2026-08-15 16:25:29,no,[JP][103473217]ねこぜ7272,65700,75.7,[JP][123842955]アヤコぽん,33500,13.5,[JP][129679874]ニャンchan彡,19000,-21,[JP][127685187]yukke_08,-18200,-68.2,260815-451da626-4f21-4a35-b76f-dc9c1f38bfc1,
2026-08-15 11:58:56,2026-08-15 12:25:29,no,[JP][97781556]西待,38000,48,[JP][102767246]やまどりぃ,27800,7.8,[JP][117826319]びんびんん,17300,-22.7,[JP][99489737]閄くん,16900,-33.1,260815-359eec57-1834-44a5-a767-157cbbe9df8b,
2026-08-15 10:37:45,2026-08-15 11:23:44,no,[JP][137746445]ここここきじゅ,39800,49.8,[JP][126958659]tazmitu,36200,16.2,[JP][123842955]アヤコぽん,21600,-18.4,[JP][117826319]びんびんん,2400,-47.6,260815-33fd2376-265f-47c7-ae49-5e1d61ea4514,
2026-08-15 09:43:37,2026-08-15 10:25:21,no,[JP][127500682]めいぴょい,36800,46.8,[JP][127685187]yukke_08,36400,16.4,[JP][113140034]クロミです,22900,-17.1,[JP][91745475]のあだよ〜ん,3900,-46.1,260815-d7c1c23f-1b37-4f21-b52e-3ea591294210,
2026-08-15 07:02:49,2026-08-15 07:32:31,no,[JP][130636363]龍華。。,30100,40.1,[JP][143266822]たむちゃん茶,26100,6.1,[JP][113140034]クロミです,23100,-16.9,[JP][137746445]ここここきじゅ,20700,-29.3,260815-6a51c99e-44f9-44e0-ba92-9349ea9c9809,
2026-08-15 06:09:43,2026-08-15 06:37:00,no,[JP][122060292]しとらす@神速,48700,58.7,[JP][91745475]のあだよ〜ん,27100,7.1,[JP][117826319]びんびんん,26900,-13.1,[JP][130636363]龍華。。,-2700,-52.7,260815-549643c1-e630-43ef-a635-58b78dbea2bd,
2026-08-15 04:35:24,2026-08-15 05:04:07,no,[JP][112646465]苺ですよ,32400,42.4,[JP][90337603]酔猫0724,25700,5.7,[JP][122060292]しとらす@神速,23700,-16.3,[JP][126958659]tazmitu,18200,-31.8,260815-f57d9b21-95fc-430f-8eae-97d133bdc18a,
2026-08-15 02:55:08,2026-08-15 03:31:36,no,[JP][122060292]しとらす@神速,45100,55.1,[JP][128826565]ぬこうどんー,39000,19,[JP][112646465]苺ですよ,32400,-7.6,[JP][121573512]wot毒舌妹bot,-16500,-66.5,260815-04d0c900-62cc-4b1a-ab42-f62ddad4d581,
2026-08-15 02:26:06,2026-08-15 03:09:06,no,[JP][126958659]tazmitu,41300,51.3,[JP][137746445]ここここきじゅ,40000,20,[JP][113140034]クロミです,10500,-29.5,[JP][117826319]びんびんん,8200,-41.8,260815-11307ab2-080a-4587-a498-c2dbc9255cc1,
2026-08-15 02:19:46,2026-08-15 02:53:01,no,[JP][117826319]びんびんん,43700,53.7,[JP][103999753]kotetsu0422,26200,6.2,[JP][143266822]たむちゃん茶,20900,-19.1,[JP][130636363]龍華。。,9200,-40.8,260815-e0ddd104-0725-40f7-8202-aa024033e8ee,
2026-08-15 01:13:01,2026-08-15 01:36:57,no,[JP][117795009]sakura20,51700,61.7,[JP][91745475]のあだよ〜ん,23100,3.1,[JP][92338957]よももmm,15700,-24.3,[JP][127685187]yukke_08,9500,-40.5,260815-d59f99e0-4a2d-40f3-9ebf-3dd32aa8431d,
2026-08-15 00:42:49,2026-08-15 01:08:57,no,[JP][121446473]Akise299,44600,54.6,[JP][121291970]クッション枕,30700,10.7,[JP][127500682]めいぴょい,27100,-12.9,[JP][104870668]けーびぃー,-2400,-52.4,260815-163d00bd-ffaf-4e5a-8c02-f1c2390e0d8d,
2026-08-15 00:28:39,2026-08-15 01:01:39,no,[JP][128826565]ぬこうどんー,37000,47,[JP][117826319]びんびんん,34500,14.5,[JP][121291970]クッション枕,27700,-12.3,[JP][137746445]ここここきじゅ,800,-49.2,260815-b7b8d91b-ef2e-41c9-a3c5-9c0858bbe87e,
2026-08-14 23:54:02,2026-08-15 00:28:27,no,[JP][104870668]けーびぃー,43500,53.5,[JP][122060292]しとらす@神速,32800,12.8,[JP][123527427]いぐすけ,20200,-19.8,[JP][117826319]びんびんん,3500,-46.5,260814-6bb4b035-707f-4c27-918f-dc05a695e2b7,
2026-08-14 23:19:57,2026-08-14 23:47:29,no,[JP][127685187]yukke_08,40500,50.5,[JP][127500682]めいぴょい,34100,14.1,[JP][122060292]しとらす@神速,13800,-26.2,[JP][84158849]しゅんんたろう,11600,-38.4,260814-f0a0aa24-8a9f-4c34-8b37-f768dbef95d2,
2026-08-14 23:07:05,2026-08-14 23:31:03,no,[JP][117826319]びんびんん,29800,39.8,[JP][91745475]のあだよ〜ん,25200,5.2,[JP][127685187]yukke_08,24200,-15.8,[JP][128826565]ぬこうどんー,20800,-29.2,260814-e8a9dea4-d9cf-4fe2-9a25-added3575b89,
2026-08-14 22:19:28,2026-08-14 23:02:03,no,[JP][105958026]モモンs,37500,47.5,[JP][136949124]シャルにゃん,33500,13.5,[JP][107121024]ミルモでチー,33200,-6.8,[JP][127685187]yukke_08,-4200,-54.2,260814-14eb0176-387a-4c02-80ee-eb0c334024a1,
2026-08-14 21:15:35,2026-08-14 21:58:12,no,[JP][122060292]しとらす@神速,47800,57.8,[JP][141362566]まー29,45000,25,[JP][130636363]龍華。。,11300,-28.7,[JP][128534146]アラキ,-4100,-54.1,260814-6e162fbd-64fe-4b41-8074-2efb466cacd4,
2026-08-14 18:33:32,2026-08-14 19:24:59,no,[JP][136949124]シャルにゃん,30700,40.7,[JP][103999753]kotetsu0422,27200,7.2,[JP][121291970]クッション枕,24700,-15.3,[JP][102767246]やまどりぃ,17400,-32.6,260814-6a8e9baf-0239-47db-bfd8-10fd912ba3f6,
2026-08-14 15:25:26,2026-08-14 16:09:31,no,[JP][127500682]めいぴょい,46100,56.1,[JP][122060292]しとらす@神速,37900,17.9,[JP][121291970]クッション枕,35000,-5,[JP][104870668]けーびぃー,-19000,-69,260814-1b2ef620-ea34-4d0b-b118-954054c70f3b,
2026-08-14 14:48:15,2026-08-14 15:14:09,no,[JP][84092681]天縁,57700,67.7,[JP][130636363]龍華。。,41100,21.1,[JP][117826319]びんびんん,29700,-10.3,[JP][103473217]ねこぜ7272,-28500,-78.5,260814-6ec71dfe-a4c5-40b9-9753-0957bf9165c0,
2026-08-14 13:39:02,2026-08-14 14:30:36,no,[JP][121573512]wot毒舌妹bot,42100,52.1,[JP][141442184]パラセクト。,32400,12.4,[JP][127685187]yukke_08,30000,-10,[JP][108807125]リーチ侍,-4500,-54.5,260814-10944937-dd7c-4b1b-9054-f5fc6b2fc033,
2026-08-14 13:19:07,2026-08-14 13:42:12,no,[JP][91745475]のあだよ〜ん,37700,47.7,[JP][102767246]やまどりぃ,24900,4.9,[JP][140986564]ミラージュ梅,20300,-19.7,[JP][90337603]酔猫0724,17100,-32.9,260814-90721316-44a3-45b3-804d-9e4273ddb183,
2026-08-14 11:57:34,2026-08-14 12:38:26,no,[JP][128534146]アラキ,29000,39,[JP][137746445]ここここきじゅ,26600,6.6,[JP][113140034]クロミです,24800,-15.2,[JP][112646465]苺ですよ,19600,-30.4,260814-fe4d0b9b-aa3f-4525-a0b0-5def3118428f,
2026-08-14 11:39:23,2026-08-14 12:34:21,no,[JP][127685187]yukke_08,32700,42.7,[JP][105958026]モモンs,25300,5.3,[JP][137746445]ここここきじゅ,22100,-17.9,[JP][130636363]龍華。。,19900,-30.1,260814-05660187-6f54-4b6b-ae3a-e80ae5395a94,
2026-08-14 11:06:23,2026-08-14 11:28:33,no,[JP][121291970]クッション枕,58100,68.1,[JP][122060292]しとらす@神速,17000,-3,[JP][117826319]びんびんん,13100,-26.9,[JP][121446473]Akise299,11800,-38.2,260814-3526d4a3-c9e7-44f5-86bd-23ebff6785b0,
2026-08-14 10:20:00,2026-08-14 11:14:05,no,[JP][122060292]しとらす@神速,45100,55.1,[JP][90337603]酔猫0724,41400,21.4,[JP][113140034]クロミです,27900,-12.1,[JP][137746445]ここここきじゅ,-14400,-64.4,260814-0cad4ac6-c671-4145-83f2-acd92e038ef1,
2026-08-14 10:19:07,2026-08-14 10:57:14,no,[JP][105958026]モモンs,45000,55,[JP][122060292]しとらす@神速,43900,23.9,[JP][103473217]ねこぜ7272,32000,-8,[JP][130636363]龍華。。,-20900,-70.9,260814-7ecce062-01ab-411c-9f45-4c6aa65cba6c,
2026-08-14 10:04:47,2026-08-14 10:38:43,no,[JP][104870668]けーびぃー,35600,45.6,[JP][102767246]やまどりぃ,34100,14.1,[JP][113140034]クロミです,15800,-24.2,[JP][132889350]綴美,14500,-35.5,260814-709ab608-1c3f-4e25-9766-6cefa67dcf40,
2026-08-14 08:54:05,2026-08-14 09:23:14,no,[JP][104870668]けーびぃー,34300,44.3,[JP][137746445]ここここきじゅ,33500,13.5,[JP][113140034]クロミです,18400,-21.6,[JP][127685187]yukke_08,13800,-36.2,260814-bb1cb237-0d49-4019-a788-eaaca43078b9,
2026-08-14 08:14:51,2026-08-14 08:58:45,no,[JP][122060292]しとらす@神速,35200,45.2,[JP][129679874]ニャンchan彡,30800,10.8,[JP][127685187]yukke_08,22000,-18,[JP][105958026]モモンs,12000,-38,260814-2f1398d1-d017-4d3e-88b4-ab718886da44,
2026-08-14 07:34:25,2026-08-14 07:57:06,no,[JP][121291970]クッション枕,42000,52,[JP][128534146]アラキ,38000,18,[JP][122060292]しとらす@神速,28200,-11.8,[JP][143266822]たむちゃん茶,-8200,-58.2,260814-59007f63-35cb-4ec9-8690-8c8c1a261a80,
2026-08-14 04:58:02,2026-08-14 05:37:27,no,[JP][102767246]やまどりぃ,37900,47.9,[JP][107121024]ミルモでチー,30200,10.2,[JP][137746445]ここここきじゅ,16800,-23.2,[JP][127500682]めいぴょい,15100,-34.9,260814-b7b31a9d-1922-4de1-9b02-d335ad05dfac,
2026-08-14 02:52:25,2026-08-14 03:22:04,no,[JP][123842955]アヤコぽん,43300,53.3,[JP][126875249]ポン太郎,35400,15.4,[JP][103999753]kotetsu0422,35000,-5,[JP][130636363]龍華。。,-13700,-63.7,260814-1f046059-1b89-49a3-ac7a-4f382ccbf1a0,
2026-08-13 23:16:39,2026-08-14 00:03:02,no,[JP][143266822]たむちゃん茶,35500,45.5,[JP][91745475]のあだよ〜ん,26200,6.2,[JP][127500682]めいぴょい,19700,-20.3,[JP][127685187]yukke_08,18600,-31.4,260813-06224bb9-2192-43b0-b925-7848093312de,
2026-08-13 22:37:18,2026-08-13 23:04:29,no,[JP][107121024]ミルモでチー,30500,40.5,[JP][103473217]ねこぜ7272,28800,8.8,[JP][108807125]リーチ侍,24900,-15.1,[JP][122060292]しとらす@神速,15800,-34.2,260813-71d009e4-9307-4ed2-b0c3-79f6b1184790,
2026-08-13 20:54:48,2026-08-13 21:53:34,no,[JP][91745475]のあだよ〜ん,33200,43.2,[JP][127685187]yukke_08,28500,8.5,[JP][123842955]アヤコぽん,19600,-20.4,[JP][116517186]ぞじまーじゃん,18700,-31.3,260813-23de7e05-3819-4217-8912-f132e94216d4,
2026-08-13 19:55:23,2026-08-13 20:42:05,no,[JP][137746445]ここここきじゅ,49800,59.8,[JP][136949124]シャルにゃん,27700,7.7,[JP][125680458]クタビレタケ,27200,-12.8,[JP][105958026]モモンs,-4700,-54.7,260813-2ba88756-e2c0-4042-a689-eb1ad3a23e86,
2026-08-13 14:53:15,2026-08-13 15:25:32,no,[JP][136949124]シャルにゃん,31900,41.9,[JP][104870668]けーびぃー,24300,4.3,[JP][121291970]クッション枕,23900,-16.1,[JP][99489737]閄くん,19900,-30.1,260813-85acc5f6-9646-4e7e-9032-4a31d42d88e0,
2026-08-13 06:06:44,2026-08-13 06:48:45,no,[JP][113140034]クロミです,34700,44.7,[JP][107121024]ミルモでチー,32900,12.9,[JP][137746445]ここここきじゅ,19400,-20.6,[JP][123842955]アヤコぽん,13000,-37,260813-054f592e-bc88-47ef-8398-9281e809c3d3,
2026-08-13 02:19:33,2026-08-13 03:04:06,no,[JP][137746445]ここここきじゅ,53200,63.2,[JP][122060292]しとらす@神速,41000,21,[JP][136949124]シャルにゃん,22100,-17.9,[JP][121291970]クッション枕,-16300,-66.3,260813-aca1795e-d1b2-4cfc-86fb-448f75409285,
2026-08-13 02:19:14,2026-08-13 02:41:54,no,[JP][117826319]びんびんん,55900,65.9,[JP][97781556]西待,38800,18.8,[JP][136949124]シャルにゃん,29200,-10.8,[JP][121291970]クッション枕,-23900,-73.9,260813-1cd5394f-9d8a-4e87-9cb6-b569af860b3c,
2026-08-13 01:40:42,2026-08-13 02:38:47,no,[JP][130636363]龍華。。,43900,53.9,[JP][91745475]のあだよ〜ん,38200,18.2,[JP][103473217]ねこぜ7272,29100,-10.9,[JP][117826319]びんびんん,-11200,-61.2,260813-e7d5e249-da95-4cdb-a0dd-379d93b0853c,
2026-08-13 00:42:00,2026-08-13 01:32:46,no,[JP][84092681]天縁,45300,55.3,[JP][127685187]yukke_08,37400,17.4,[JP][117826319]びんびんん,16400,-23.6,[JP][127500682]めいぴょい,900,-49.1,260813-f887b62a-7566-4558-84dd-5bd683c9d127,
2026-08-13 00:13:25,2026-08-13 00:46:25,no,[JP][107121024]ミルモでチー,29400,39.4,[JP][104870668]けーびぃー,27100,7.1,[JP][123842955]アヤコぽん,22200,-17.8,[JP][122060292]しとらす@神速,21300,-28.7,260813-b5cb1db7-4d96-465b-8e02-417b20634281,
2026-08-12 22:54:07,2026-08-12 23:48:15,no,[JP][113140034]クロミです,32400,42.4,[JP][107121024]ミルモでチー,31600,11.6,[JP][122060292]しとらす@神速,20900,-19.1,[JP][104870668]けーびぃー,15100,-34.9,260812-c2a1022b-734a-4c3e-a852-850ee24a0dca,
2026-08-12 22:03:04,2026-08-12 22:38:06,no,[JP][130636363]龍華。。,40900,50.9,[JP][112646465]苺ですよ,33200,13.2,[JP][122060292]しとらす@神速,18900,-21.1,[JP][136220274]白發中,7000,-43,260812-f83035c5-993e-48d1-824c-b02e5625314c,
2026-08-12 21:33:22,2026-08-12 22:01:24,no,[JP][121446473]Akise299,49000,59,[JP][137746445]ここここきじゅ,29300,9.3,[JP][104870668]けーびぃー,17300,-22.7,[JP][122060292]しとらす@神速,4400,-45.6,260812-68d28d0f-c16f-4238-8e71-50b317f236c4,
2026-08-12 20:48:06,2026-08-12 21:23:28,no,[JP][126958659]tazmitu,52400,62.4,[JP][122060292]しとらす@神速,33800,13.8,[JP][136949124]シャルにゃん,32000,-8,[JP][110084301]かんんちゃ,-18200,-68.2,260812-540afe56-0a80-4b1f-b92a-843cb98297d3,
2026-08-12 20:34:15,2026-08-12 21:04:05,no,[JP][128826565]ぬこうどんー,59400,69.4,[JP][127685187]yukke_08,30800,10.8,[JP][117826319]びんびんん,21200,-18.8,[JP][103999753]kotetsu0422,-11400,-61.4,260812-7f7418d8-9651-47ea-9480-b03c9b01a4a3,
2026-08-12 19:05:43,2026-08-12 19:57:26,no,[JP][102767246]やまどりぃ,34500,44.5,[JP][116517186]ぞじまーじゃん,28800,8.8,[JP][122060292]しとらす@神速,19300,-20.7,[JP][130865092]ゆあんぴょん,17400,-32.6,260812-8d5e709a-8eb4-4553-b589-435bde0cc439,
2026-08-12 19:03:07,2026-08-12 19:39:04,no,[JP][107121024]ミルモでチー,39000,49,[JP][84092681]天縁,27400,7.4,[JP][137746445]ここここきじゅ,24400,-15.6,[JP][103999753]kotetsu0422,9200,-40.8,260812-b64823df-14e7-4ecc-9436-4c18b604b4f5,
2026-08-12 18:57:40,2026-08-12 19:35:46,no,[JP][91745475]のあだよ〜ん,39800,49.8,[JP][137746445]ここここきじゅ,23000,3,[JP][122060292]しとらす@神速,19100,-20.9,[JP][121291970]クッション枕,18100,-31.9,260812-a3a8a144-08e2-4dce-b81c-ad17037b10f9,
2026-08-12 16:30:18,2026-08-12 17:02:41,no,[JP][105958026]モモンs,46300,56.3,[JP][141442184]パラセクト。,28600,8.6,[JP][121573512]wot毒舌妹bot,16900,-23.1,[JP][132889350]綴美,8200,-41.8,260812-6b1b97b7-6cb5-477c-888b-cdce9b69da91,
2026-08-12 15:35:24,2026-08-12 16:12:30,no,[JP][137746445]ここここきじゅ,47600,57.6,[JP][113140034]クロミです,28500,8.5,[JP][116517186]ぞじまーじゃん,13500,-26.5,[JP][117795009]sakura20,10400,-39.6,260812-61f1c394-95bb-43af-b26f-912f8bdcba4d,
2026-08-12 14:25:34,2026-08-12 15:23:40,no,[JP][114054330]ten_10te,37900,47.9,[JP][107121024]ミルモでチー,25400,5.4,[JP][130636363]龍華。。,24200,-15.8,[JP][137746445]ここここきじゅ,12500,-37.5,260812-b2397c41-482a-4c61-817d-a4ded5fa796d,
2026-08-12 13:48:48,2026-08-12 14:18:34,no,[JP][127500682]めいぴょい,31000,41,[JP][143266822]たむちゃん茶,27000,7,[JP][116517186]ぞじまーじゃん,25300,-14.7,[JP][141442184]パラセクト。,16700,-33.3,260812-9f34b826-0e45-4190-9d86-ef45ee817b30,
2026-08-12 13:25:49,2026-08-12 14:04:19,no,[JP][127500682]めいぴょい,40200,50.2,[JP][121291970]クッション枕,30700,10.7,[JP][137746445]ここここきじゅ,16600,-23.4,[JP][107121024]ミルモでチー,12500,-37.5,260812-bed8681a-9301-4dc1-845e-35192c7e4c71,
2026-08-12 09:45:30,2026-08-12 10:28:51,no,[JP][132889350]綴美,45400,55.4,[JP][122060292]しとらす@神速,23800,3.8,[JP][103999753]kotetsu0422,16900,-23.1,[JP][86936271]nsnsnsn,13900,-36.1,260812-7d514b8e-6260-4b45-9730-b5bbdf1c672b,
2026-08-12 09:38:24,2026-08-12 10:20:49,no,[JP][128534146]アラキ,29600,39.6,[JP][122060292]しとらす@神速,27900,7.9,[JP][127685187]yukke_08,23300,-16.7,[JP][137746445]ここここきじゅ,19200,-30.8,260812-22aff7ae-e96b-4359-88b6-e397f60e095d,
2026-08-12 08:20:26,2026-08-12 09:03:17,no,[JP][127685187]yukke_08,34500,44.5,[JP][127500682]めいぴょい,31300,11.3,[JP][107121024]ミルモでチー,21500,-18.5,[JP][90337603]酔猫0724,12700,-37.3,260812-0e693718-602a-4a30-bfd1-22fd59fa910a,
2026-08-12 08:10:43,2026-08-12 08:49:50,no,[JP][122060292]しとらす@神速,42800,52.8,[JP][128534146]アラキ,25100,5.1,[JP][121573512]wot毒舌妹bot,21500,-18.5,[JP][105958026]モモンs,10600,-39.4,260812-13be16e3-3f5e-4ceb-99f7-d9e5cbaf562f,
2026-08-12 07:07:57,2026-08-12 07:52:18,no,[JP][121291970]クッション枕,36600,46.6,[JP][104870668]けーびぃー,30000,10,[JP][135562955]【くぅー】,19500,-20.5,[JP][132889350]綴美,13900,-36.1,260812-e60aefa6-083a-4bbd-8c4c-0fd9cb5948c6,
2026-08-12 04:13:09,2026-08-12 05:08:31,no,[JP][105958026]モモンs,29700,39.7,[JP][107121024]ミルモでチー,28600,8.6,[JP][91745475]のあだよ〜ん,25100,-14.9,[JP][101672072]きょーか8,16600,-33.4,260812-1bc69b62-6b76-4747-a82c-564f51bc97ec,
2026-08-12 03:56:02,2026-08-12 04:50:13,no,[JP][103999753]kotetsu0422,37400,47.4,[JP][122060292]しとらす@神速,29700,9.7,[JP][127685187]yukke_08,22200,-17.8,[JP][104870668]けーびぃー,10700,-39.3,260812-0a0d261e-89fd-4767-8464-4174bc7b0541,
2026-08-12 03:21:02,2026-08-12 04:13:36,no,[JP][141442184]パラセクト。,37000,47,[JP][90337603]酔猫0724,28300,8.3,[JP][121446473]Akise299,21400,-18.6,[JP][137746445]ここここきじゅ,13300,-36.7,260812-c0895c91-645e-4a38-a152-8a4d29f8295f,
2026-08-12 00:20:52,2026-08-12 01:17:38,no,[JP][126958659]tazmitu,31100,41.1,[JP][128534146]アラキ,25100,5.1,[JP][107121024]ミルモでチー,22500,-17.5,[JP][105958026]モモンs,21300,-28.7,260812-a80acf19-45a4-4bba-90f5-a958a514c567,
2026-08-11 23:23:25,2026-08-12 00:10:28,no,[JP][137746445]ここここきじゅ,40800,50.8,[JP][101672072]きょーか8,27400,7.4,[JP][91745475]のあだよ〜ん,21700,-18.3,[JP][123842955]アヤコぽん,10100,-39.9,260811-182789ba-6cac-4283-ae2f-6d9e9b5a4757,
2026-08-11 19:20:08,2026-08-11 19:49:12,no,[JP][86425605]suzuken3,40800,50.8,[JP][140986564]ミラージュ梅,30900,10.9,[JP][120737357]キャン著名,15200,-24.8,[JP][112646465]苺ですよ,13100,-36.9,260811-655430bd-4029-4a99-9412-87744def06e3,
2026-08-11 17:15:57,2026-08-11 17:38:31,no,[JP][132889350]綴美,56200,66.2,[JP][127500682]めいぴょい,47900,27.9,[JP][107121024]ミルモでチー,23000,-17,[JP][104870668]けーびぃー,-27100,-77.1,260811-c416ede8-1975-492f-80a4-7bd1e91d99e8,
2026-08-11 16:22:49,2026-08-11 16:48:04,no,[JP][113140034]クロミです,39400,49.4,[JP][137746445]ここここきじゅ,24500,4.5,[JP][127500682]めいぴょい,23900,-16.1,[JP][121291970]クッション枕,12200,-37.8,260811-26ab2b82-f5ef-45ad-83e9-c254a85ec4ca,
2026-08-11 12:44:16,2026-08-11 13:17:53,no,[JP][137746445]ここここきじゅ,39100,49.1,[JP][107121024]ミルモでチー,28100,8.1,[JP][127685187]yukke_08,23100,-16.9,[JP][103999753]kotetsu0422,9700,-40.3,260811-c27364d9-9ed2-4ec2-a857-9394221ad174,
2026-08-11 08:48:29,2026-08-11 09:44:41,no,[JP][117826319]びんびんん,46700,56.7,[JP][107121024]ミルモでチー,38900,18.9,[JP][123842955]アヤコぽん,16300,-23.7,[JP][137746445]ここここきじゅ,-1900,-51.9,260811-d17b986d-fa05-458e-832b-31f89a73f7c9,
2026-08-11 08:47:45,2026-08-11 09:17:42,no,[JP][122060292]しとらす@神速,32900,42.9,[JP][105958026]モモンs,28700,8.7,[JP][127685187]yukke_08,26900,-13.1,[JP][104870668]けーびぃー,11500,-38.5,260811-a0be8d47-d62f-4fc6-a5c4-285679f8145e,
2026-08-11 08:26:49,2026-08-11 09:17:25,no,[JP][107121024]ミルモでチー,39300,49.3,[JP][99489737]閄くん,36000,16,[JP][103473217]ねこぜ7272,14600,-25.4,[JP][117826319]びんびんん,10100,-39.9,260811-b1d85fb9-d0c2-4f90-b463-effe2fac7328,
2026-08-11 08:01:30,2026-08-11 08:27:38,no,[JP][126875249]ポン太郎,44700,54.7,[JP][123842955]アヤコぽん,43000,23,[JP][127500682]めいぴょい,32100,-7.9,[JP][91745475]のあだよ〜ん,-19800,-69.8,260811-2059116e-3b8a-459d-b353-1abec4e48845,
2026-08-11 07:05:58,2026-08-11 07:36:57,no,[JP][137746445]ここここきじゅ,37100,47.1,[JP][91745475]のあだよ〜ん,34400,14.4,[JP][107121024]ミルモでチー,26100,-13.9,[JP][135562955]【くぅー】,2400,-47.6,260811-642b4345-01f3-4167-8dba-dd5dd72e23e2,
2026-08-11 06:31:57,2026-08-11 07:08:22,no,[JP][98640564]ono101,49600,59.6,[JP][104870668]けーびぃー,37900,17.9,[JP][107121024]ミルモでチー,35000,-5,[JP][137746445]ここここきじゅ,-22500,-72.5,260811-a1d2aac8-d58c-49ed-be88-faaf54aa05d4,
2026-08-11 05:16:19,2026-08-11 06:01:42,no,[JP][122060292]しとらす@神速,43100,53.1,[JP][103999753]kotetsu0422,40900,20.9,[JP][84092681]天縁,20700,-19.3,[JP][99489737]閄くん,-4700,-54.7,260811-83dbd477-da25-43c4-be2b-3dd2949421ff,
2026-08-11 02:59:33,2026-08-11 03:43:25,no,[JP][123527427]いぐすけ,56700,66.7,[JP][117826319]びんびんん,32800,12.8,[JP][130636363]龍華。。,29800,-10.2,[JP][127500682]めいぴょい,-19300,-69.3,260811-d7db96ff-6814-466a-af9f-3a6153c10ba7,
2026-08-11 00:49:00,2026-08-11 01:23:19,no,[JP][92338957]よももmm,42100,52.1,[JP][130636363]龍華。。,29200,9.2,[JP][137746445]ここここきじゅ,21500,-18.5,[JP][90337603]酔猫0724,7200,-42.8,260811-6474222e-db7b-43d9-ae2e-d229930c5ff5,
2026-08-10 23:59:53,2026-08-11 00:36:48,no,[JP][127685187]yukke_08,35200,45.2,[JP][132889350]綴美,22800,2.8,[JP][127500682]めいぴょい,22100,-17.9,[JP][137746445]ここここきじゅ,19900,-30.1,260810-c191e0f4-f42d-4d85-917b-fc89426f92dd,
2026-08-10 23:18:03,2026-08-11 00:13:28,no,[JP][103999753]kotetsu0422,41500,51.5,[JP][137746445]ここここきじゅ,33900,13.9,[JP][122060292]しとらす@神速,23500,-16.5,[JP][84158849]しゅんんたろう,1100,-48.9,260810-7a187f37-8df9-474d-8749-0214a2a723b9,
2026-08-10 22:20:04,2026-08-10 22:50:44,no,[JP][117826319]びんびんん,38600,48.6,[JP][137746445]ここここきじゅ,30700,10.7,[JP][132889350]綴美,16800,-23.2,[JP][127685187]yukke_08,13900,-36.1,260810-f75318cb-52a0-4c86-9b6c-af857771c15a,
2026-08-10 21:51:13,2026-08-10 22:19:54,no,[JP][91745475]のあだよ〜ん,39100,49.1,[JP][84092681]天縁,30000,10,[JP][123842955]アヤコぽん,29300,-10.7,[JP][121573512]wot毒舌妹bot,1600,-48.4,260810-48919667-6613-450f-9e35-d1ac3c9120d6,
2026-08-10 19:56:06,2026-08-10 20:35:23,no,[JP][127500682]めいぴょい,49200,59.2,[JP][117826319]びんびんん,27500,7.5,[JP][135562955]【くぅー】,14900,-25.1,[JP][137746445]ここここきじゅ,8400,-41.6,260810-098f38c8-a91f-4f76-9cfb-25836b417895,
2026-08-10 19:10:43,2026-08-10 20:03:52,no,[JP][92338957]よももmm,38200,48.2,[JP][141442184]パラセクト。,24300,4.3,[JP][132889350]綴美,22900,-17.1,[JP][103999753]kotetsu0422,14600,-35.4,260810-72eca183-56e9-4c49-a42c-bbdcefddeb27,
2026-08-10 18:51:43,2026-08-10 19:28:28,no,[JP][127685187]yukke_08,41200,51.2,[JP][130636363]龍華。。,36500,16.5,[JP][92338957]よももmm,32100,-7.9,[JP][137746445]ここここきじゅ,-9800,-59.8,260810-57489f05-5fc0-4105-9c08-882135feb772,
2026-08-10 16:30:05,2026-08-10 17:08:48,no,[JP][136949124]シャルにゃん,50000,60,[JP][84092681]天縁,31800,11.8,[JP][140986564]ミラージュ梅,14500,-25.5,[JP][137746445]ここここきじゅ,3700,-46.3,260810-534ac172-1c05-476b-8a75-fe41b37365fc,
2026-08-10 14:21:43,2026-08-10 15:18:05,no,[JP][91745475]のあだよ〜ん,40200,50.2,[JP][122060292]しとらす@神速,25900,5.9,[JP][137746445]ここここきじゅ,24300,-15.7,[JP][105958026]モモンs,9600,-40.4,260810-a786242e-2a62-4d21-9450-4b52abd36732,
2026-08-10 14:12:30,2026-08-10 14:56:14,no,[JP][122060292]しとらす@神速,44300,54.3,[JP][107121024]ミルモでチー,38800,18.8,[JP][91745475]のあだよ〜ん,13300,-26.7,[JP][113140034]クロミです,3600,-46.4,260810-92e1a238-cd24-4dad-bd7c-6e7e3705a3e4,
2026-08-10 13:43:04,2026-08-10 14:35:02,no,[JP][137746445]ここここきじゅ,48800,58.8,[JP][130636363]龍華。。,25700,5.7,[JP][128534146]アラキ,15100,-24.9,[JP][104870668]けーびぃー,10400,-39.6,260810-5827390c-5298-4167-bfd0-75fca7ae0176,
2026-08-10 11:48:37,2026-08-10 12:41:44,no,[JP][136949124]シャルにゃん,41800,51.8,[JP][122060292]しとらす@神速,28800,8.8,[JP][104870668]けーびぃー,25900,-14.1,[JP][140986564]ミラージュ梅,3500,-46.5,260810-ca512314-7700-4b29-8151-78d010009e72,
2026-08-10 10:16:50,2026-08-10 10:43:50,no,[JP][107121024]ミルモでチー,42900,52.9,[JP][102767246]やまどりぃ,41400,21.4,[JP][130636363]龍華。。,18500,-21.5,[JP][117826319]びんびんん,-2800,-52.8,260810-994f2efc-1009-4e79-a6c4-bc4d1e9398fd,
2026-08-10 09:50:49,2026-08-10 10:24:01,no,[JP][117826319]びんびんん,33900,43.9,[JP][104870668]けーびぃー,31900,11.9,[JP][122060292]しとらす@神速,21500,-18.5,[JP][103999753]kotetsu0422,12700,-37.3,260810-427476b3-a0ac-4ae0-85fc-b4677d93951a,
2026-08-10 09:04:58,2026-08-10 09:53:15,no,[JP][122060292]しとらす@神速,44900,54.9,[JP][105958026]モモンs,27400,7.4,[JP][97781556]西待,20700,-19.3,[JP][108807125]リーチ侍,7000,-43,260810-7b02af8a-3083-49ca-a6e7-579f4aaa0e57,
2026-08-10 04:26:24,2026-08-10 04:59:23,no,[JP][140986564]ミラージュ梅,28000,38,[JP][103473217]ねこぜ7272,26700,6.7,[JP][104870668]けーびぃー,26300,-13.7,[JP][126875249]ポン太郎,19000,-31,260810-16139da4-51ab-47d8-a26f-8a57e49f7676,
2026-08-10 04:15:23,2026-08-10 04:54:22,no,[JP][136949124]シャルにゃん,34900,44.9,[JP][121291970]クッション枕,33800,13.8,[JP][103473217]ねこぜ7272,32600,-7.4,[JP][137746445]ここここきじゅ,-1300,-51.3,260810-d2b5a363-f311-47db-b9d2-c954c9dd954d,
2026-08-10 03:58:21,2026-08-10 04:36:56,no,[JP][112646465]苺ですよ,29400,39.4,[JP][123842955]アヤコぽん,27500,7.5,[JP][91745475]のあだよ〜ん,26400,-13.6,[JP][122060292]しとらす@神速,16700,-33.3,260810-837cad07-49ba-4f9b-a20f-3863e90e6f06,
2026-08-10 00:59:15,2026-08-10 01:23:24,no,[JP][141442184]パラセクト。,50800,60.8,[JP][110084301]かんんちゃ,39300,19.3,[JP][113140034]クロミです,29300,-10.7,[JP][137746445]ここここきじゅ,-19400,-69.4,260810-a89be060-43ee-4d42-bcc2-7ab4786f232c,
2026-08-10 00:07:38,2026-08-10 00:38:28,no,[JP][137746445]ここここきじゅ,55900,65.9,[JP][104870668]けーびぃー,32200,12.2,[JP][122060292]しとらす@神速,8900,-31.1,[JP][127500682]めいぴょい,3000,-47,260810-80d1e133-8a08-425f-9a22-2a65213b9c34,
2026-08-09 22:42:43,2026-08-09 23:24:22,no,[JP][104870668]けーびぃー,40700,50.7,[JP][91745475]のあだよ〜ん,22900,2.9,[JP][129679874]ニャンchan彡,19300,-20.7,[JP][97781556]西待,17100,-32.9,260809-58c13cb3-3f8c-47ce-bf44-671062a633fc,
2026-08-09 21:36:12,2026-08-09 22:31:04,no,[JP][104870668]けーびぃー,41000,51,[JP][136949124]シャルにゃん,30600,10.6,[JP][83747017]わにさんの涙,16000,-24,[JP][122060292]しとらす@神速,12400,-37.6,260809-950b8785-1984-4dd4-aff2-6335baa967c0,
2026-08-09 19:42:54,2026-08-09 20:30:01,no,[JP][127500682]めいぴょい,39800,49.8,[JP][137746445]ここここきじゅ,37000,17,[JP][143266822]たむちゃん茶,29900,-10.1,[JP][117826319]びんびんん,-6700,-56.7,260809-5b0178b2-425b-41f3-b619-d91855c0894d,
2026-08-09 18:36:30,2026-08-09 19:06:49,no,[JP][128534146]アラキ,54200,64.2,[JP][127685187]yukke_08,32100,12.1,[JP][104870668]けーびぃー,30300,-9.7,[JP][103473217]ねこぜ7272,-16600,-66.6,260809-4d14a3ee-53dd-4fb3-b4a9-148b5c0e96e3,
2026-08-09 17:02:21,2026-08-09 17:39:24,no,[JP][101672072]きょーか8,44300,54.3,[JP][104870668]けーびぃー,28300,8.3,[JP][127685187]yukke_08,16800,-23.2,[JP][103473217]ねこぜ7272,10600,-39.4,260809-6481896a-49ad-4f0c-a44b-71b9358e7d77,
2026-08-09 11:28:47,2026-08-09 12:09:56,no,[JP][112646465]苺ですよ,54600,64.6,[JP][105958026]モモンs,45600,25.6,[JP][104870668]けーびぃー,24200,-15.8,[JP][127685187]yukke_08,-24400,-74.4,260809-391766c7-92cc-48f9-896d-000295c57c57,
2026-08-09 10:20:16,2026-08-09 10:42:52,no,[JP][123842955]アヤコぽん,44700,54.7,[JP][128534146]アラキ,24600,4.6,[JP][117826319]びんびんん,17100,-22.9,[JP][90337603]酔猫0724,13600,-36.4,260809-97f3f6de-39a2-48ac-b9d4-638b4511d1c9,
2026-08-09 04:49:59,2026-08-09 05:32:14,no,[JP][113140034]クロミです,35900,45.9,[JP][107121024]ミルモでチー,32700,12.7,[JP][132889350]綴美,22600,-17.4,[JP][137746445]ここここきじゅ,8800,-41.2,260809-4a8209c2-9fc4-4042-8afc-ed8f03c50fba,
2026-08-09 04:41:07,2026-08-09 05:33:26,no,[JP][132889350]綴美,56700,66.7,[JP][127685187]yukke_08,20500,0.5,[JP][97781556]西待,15300,-24.7,[JP][122060292]しとらす@神速,7500,-42.5,260809-c5e1104f-d9d4-456a-8caf-6b5fa1685169,
2026-08-09 04:24:27,2026-08-09 05:22:01,no,[JP][113140034]クロミです,43200,53.2,[JP][107121024]ミルモでチー,24200,4.2,[JP][92338957]よももmm,22000,-18,[JP][105958026]モモンs,10600,-39.4,260809-1f638307-7bdc-46b9-9102-3753e674f8e3,
2026-08-09 03:19:15,2026-08-09 03:43:20,no,[JP][130636363]龍華。。,31300,41.3,[JP][137746445]ここここきじゅ,28200,8.2,[JP][132889350]綴美,20400,-19.6,[JP][103999753]kotetsu0422,20100,-29.9,260809-88806afc-ce66-4dcb-9ce0-3c0204e6ee9a,
2026-08-09 01:28:32,2026-08-09 02:18:22,no,[JP][117826319]びんびんん,29700,39.7,[JP][91745475]のあだよ〜ん,24200,4.2,[JP][137746445]ここここきじゅ,23900,-16.1,[JP][127685187]yukke_08,22200,-27.8,260809-e2a31ca4-ddcb-472f-a2bf-a0eb8931b3d8,
2026-08-09 00:46:49,2026-08-09 01:20:11,no,[JP][130636363]龍華。。,45400,55.4,[JP][104870668]けーびぃー,27200,7.2,[JP][102767246]やまどりぃ,26300,-13.7,[JP][129679874]ニャンchan彡,1100,-48.9,260809-29422c3d-404c-4eab-b427-cc12278b6884,
2026-08-08 23:47:45,2026-08-09 00:20:09,no,[JP][112646465]苺ですよ,47300,57.3,[JP][132889350]綴美,39600,19.6,[JP][137746445]ここここきじゅ,22700,-17.3,[JP][121573512]wot毒舌妹bot,-9600,-59.6,260808-b6e4dc5b-3aea-4fbe-b212-b1507bb20641,
2026-08-08 20:54:24,2026-08-08 21:52:02,no,[JP][136949124]シャルにゃん,36500,46.5,[JP][91745475]のあだよ〜ん,27100,7.1,[JP][108807125]リーチ侍,26600,-13.4,[JP][135562955]【くぅー】,9800,-40.2,260808-03c14d65-65ef-42df-8c62-9c9232cdc01d,
2026-08-08 20:47:32,2026-08-08 21:12:20,no,[JP][104870668]けーびぃー,54700,64.7,[JP][117826319]びんびんん,43600,23.6,[JP][107121024]ミルモでチー,7600,-32.4,[JP][97781556]西待,-5900,-55.9,260808-1ded26a4-4718-4a6e-b6f8-4430ebb88872,
2026-08-08 19:16:09,2026-08-08 19:45:55,no,[JP][127500682]めいぴょい,35800,45.8,[JP][113140034]クロミです,35300,15.3,[JP][122060292]しとらす@神速,34200,-5.8,[JP][104870668]けーびぃー,-5300,-55.3,260808-153e1319-1ead-4d93-9f91-4e77fa5957eb,
2026-08-08 18:19:38,2026-08-08 19:02:43,no,[JP][107121024]ミルモでチー,37500,47.5,[JP][92338957]よももmm,26800,6.8,[JP][136949124]シャルにゃん,25600,-14.4,[JP][103473217]ねこぜ7272,10100,-39.9,260808-e3495f12-a389-45f3-a884-eb10a923468e,
2026-08-08 17:36:16,2026-08-08 18:30:10,no,[JP][117826319]びんびんん,47500,57.5,[JP][85657666]tsuna_san,32300,12.3,[JP][128534146]アラキ,21500,-18.5,[JP][122060292]しとらす@神速,-1300,-51.3,260808-c5ecae15-f457-43ea-a72e-7aea3f9d5870,
2026-08-08 17:07:01,2026-08-08 18:03:22,no,[JP][92338957]よももmm,30100,40.1,[JP][136949124]シャルにゃん,27300,7.3,[JP][107121024]ミルモでチー,22800,-17.2,[JP][97781556]西待,19800,-30.2,260808-236302db-736f-44bb-bbfa-536695c2e0ff,
2026-08-08 17:04:31,2026-08-08 18:00:02,no,[JP][122060292]しとらす@神速,45700,55.7,[JP][136949124]シャルにゃん,21100,1.1,[JP][130636363]龍華。。,16800,-23.2,[JP][132889350]綴美,16400,-33.6,260808-3c22e5a8-cbfc-4f2e-96c4-bb7b6728adac,
2026-08-08 15:10:06,2026-08-08 15:46:58,no,[JP][136949124]シャルにゃん,52800,62.8,[JP][130636363]龍華。。,28800,8.8,[JP][127500682]めいぴょい,15600,-24.4,[JP][108807125]リーチ侍,2800,-47.2,260808-110c9a55-1ea1-4469-aaf2-f0f9a1626a3c,
2026-08-08 13:26:56,2026-08-08 13:53:44,no,[JP][107121024]ミルモでチー,38000,48,[JP][103473217]ねこぜ7272,22800,2.8,[JP][141442184]パラセクト。,20300,-19.7,[JP][127500682]めいぴょい,18900,-31.1,260808-c0e7fc56-df6e-477c-bdaa-b18f00047b61,
2026-08-08 11:20:59,2026-08-08 12:02:10,no,[JP][112646465]苺ですよ,48900,58.9,[JP][91745475]のあだよ〜ん,30900,10.9,[JP][123842955]アヤコぽん,25500,-14.5,[JP][122060292]しとらす@神速,-5300,-55.3,260808-e289abb4-9856-420b-b81d-bad2e613c978,
2026-08-08 07:49:30,2026-08-08 08:15:35,no,[JP][107121024]ミルモでチー,34300,44.3,[JP][116517186]ぞじまーじゃん,22800,2.8,[JP][132889350]綴美,21500,-18.5,[JP][103999753]kotetsu0422,21400,-28.6,260808-5a4d1d52-d8eb-43d6-867f-58563e98e8c7,
2026-08-08 03:24:38,2026-08-08 04:23:10,no,[JP][107121024]ミルモでチー,48900,58.9,[JP][105958026]モモンs,30200,10.2,[JP][127500682]めいぴょい,23400,-16.6,[JP][130865092]ゆあんぴょん,-2500,-52.5,260808-e0ce7486-3c4b-445a-95f1-dbbbad83490f,
2026-08-08 00:04:34,2026-08-08 00:51:49,no,[JP][103999753]kotetsu0422,38500,48.5,[JP][83747017]わにさんの涙,34900,14.9,[JP][122060292]しとらす@神速,23200,-16.8,[JP][101672072]きょーか8,3400,-46.6,260808-26f2a979-263d-4241-8c0a-1d890767359b,
2026-08-07 23:13:21,2026-08-08 00:01:40,no,[JP][128534146]アラキ,42900,52.9,[JP][122060292]しとらす@神速,22400,2.4,[JP][137746445]ここここきじゅ,17700,-22.3,[JP][127685187]yukke_08,17000,-33,260807-0e165fe0-9875-42b9-9793-27e19843911e,
2026-08-07 22:54:16,2026-08-07 23:25:14,no,[JP][122060292]しとらす@神速,62000,72,[JP][114054330]ten_10te,18300,-1.7,[JP][141442184]パラセクト。,10700,-29.3,[JP][98640564]ono101,9000,-41,260807-5e49dbd5-7970-4cfd-9aac-4a4b0d0d3c05,
2026-08-07 22:40:51,2026-08-07 23:13:10,no,[JP][117826319]びんびんん,32900,42.9,[JP][122060292]しとらす@神速,27200,7.2,[JP][121573512]wot毒舌妹bot,26300,-13.7,[JP][97781556]西待,13600,-36.4,260807-f8f3f260-ed63-4c43-9e08-102b7810cc2f,
2026-08-07 22:14:35,2026-08-07 23:01:07,no,[JP][117826319]びんびんん,32900,42.9,[JP][107121024]ミルモでチー,28800,8.8,[JP][112646465]苺ですよ,25700,-14.3,[JP][122060292]しとらす@神速,12600,-37.4,260807-5f05827a-b845-48aa-80f9-dcb4ae3c28c7,
2026-08-07 21:55:08,2026-08-07 22:20:53,no,[JP][101672072]きょーか8,37300,47.3,[JP][103999753]kotetsu0422,36300,16.3,[JP][130865092]ゆあんぴょん,34900,-5.1,[JP][92338957]よももmm,-8500,-58.5,260807-3ded8abd-9412-4888-96ca-75ca4f44be0c,
2026-08-07 20:26:43,2026-08-07 20:54:22,no,[JP][128534146]アラキ,42300,52.3,[JP][86425605]suzuken3,23200,3.2,[JP][137746445]ここここきじゅ,17500,-22.5,[JP][125680458]クタビレタケ,17000,-33,260807-c2628168-b094-4d5b-b5eb-c0991a32deb6,
2026-08-07 19:24:35,2026-08-07 20:17:32,no,[JP][117826319]びんびんん,41800,51.8,[JP][105958026]モモンs,23500,3.5,[JP][123527427]いぐすけ,22000,-18,[JP][84092681]天縁,12700,-37.3,260807-e3b27d96-594d-4cae-8896-c53abbd69eed,
2026-08-07 15:57:36,2026-08-07 16:25:34,no,[JP][91745475]のあだよ〜ん,41500,51.5,[JP][112646465]苺ですよ,23800,3.8,[JP][130636363]龍華。。,20400,-19.6,[JP][127685187]yukke_08,14300,-35.7,260807-38bc10bb-9c0e-4644-80f8-d519b14f452c,
2026-08-07 14:26:58,2026-08-07 14:58:04,no,[JP][98640564]ono101,38700,48.7,[JP][123842955]アヤコぽん,38000,18,[JP][121446473]Akise299,29800,-10.2,[JP][122060292]しとらす@神速,-6500,-56.5,260807-de9e8fa3-2891-4366-9e76-3352dd3194d6,
2026-08-07 11:34:05,2026-08-07 12:06:29,no,[JP][141442184]パラセクト。,50600,60.6,[JP][91745475]のあだよ〜ん,23800,3.8,[JP][127685187]yukke_08,20500,-19.5,[JP][113140034]クロミです,5100,-44.9,260807-98445e18-7317-43b3-82fc-dca5476a3f1c,
2026-08-07 09:05:12,2026-08-07 09:53:46,no,[JP][126875249]ポン太郎,48700,58.7,[JP][122060292]しとらす@神速,33300,13.3,[JP][100881664]ハッチz,28800,-11.2,[JP][103999753]kotetsu0422,-10800,-60.8,260807-9a7970e8-3f65-4105-89cd-8f2ddf1b25bc,
2026-08-07 08:03:10,2026-08-07 08:57:23,no,[JP][130865092]ゆあんぴょん,33600,43.6,[JP][92338957]よももmm,32000,12,[JP][104870668]けーびぃー,19700,-20.3,[JP][137746445]ここここきじゅ,14700,-35.3,260807-62d6a733-212e-4ccb-a224-71deca33e7da,
2026-08-07 05:41:55,2026-08-07 06:30:19,no,[JP][128534146]アラキ,52200,62.2,[JP][130636363]龍華。。,37700,17.7,[JP][127500682]めいぴょい,35200,-4.8,[JP][103999753]kotetsu0422,-25100,-75.1,260807-68ae56bf-f693-44f9-be27-9509f4b1d424,
2026-08-07 03:55:21,2026-08-07 04:22:49,no,[JP][130636363]龍華。。,42700,52.7,[JP][104870668]けーびぃー,33900,13.9,[JP][86936271]nsnsnsn,22900,-17.1,[JP][117826319]びんびんん,500,-49.5,260807-f0cd8a52-bc06-4b5e-b89e-5e1a5b0c54ef,
2026-08-07 03:17:00,2026-08-07 04:04:30,no,[JP][104870668]けーびぃー,44600,54.6,[JP][122060292]しとらす@神速,41700,21.7,[JP][137746445]ここここきじゅ,19200,-20.8,[JP][103473217]ねこぜ7272,-5500,-55.5,260807-06d846d0-c1ae-43e3-8906-a4e5015031e8,
2026-08-07 02:52:27,2026-08-07 03:48:38,no,[JP][123842955]アヤコぽん,41200,51.2,[JP][130636363]龍華。。,37600,17.6,[JP][130865092]ゆあんぴょん,21800,-18.2,[JP][137746445]ここここきじゅ,-600,-50.6,260807-0aeaf154-e111-4cf8-8b34-b58b7b90a5b9,
2026-08-07 02:34:18,2026-08-07 03:19:13,no,[JP][121291970]クッション枕,44700,54.7,[JP][91745475]のあだよ〜ん,38600,18.6,[JP][110084301]かんんちゃ,34100,-5.9,[JP][137746445]ここここきじゅ,-17400,-67.4,260807-6339c246-b996-4eaf-ab97-31c989c0080c,
2026-08-06 22:32:46,2026-08-06 23:02:02,no,[JP][127685187]yukke_08,57600,67.6,[JP][127500682]めいぴょい,23900,3.9,[JP][122060292]しとらす@神速,16300,-23.7,[JP][105958026]モモンs,2200,-47.8,260806-2ee1cf47-be5c-41ca-89d1-205da528e03d,
2026-08-06 22:00:02,2026-08-06 22:50:03,no,[JP][122060292]しとらす@神速,46800,56.8,[JP][112646465]苺ですよ,26000,6,[JP][137746445]ここここきじゅ,15500,-24.5,[JP][127685187]yukke_08,11700,-38.3,260806-f98bdbd4-417f-490d-b87d-d40d0566207d,
2026-08-06 21:45:57,2026-08-06 22:37:48,no,[JP][128534146]アラキ,44500,54.5,[JP][103473217]ねこぜ7272,36500,16.5,[JP][117826319]びんびんん,29800,-10.2,[JP][127685187]yukke_08,-10800,-60.8,260806-e243affb-b207-4e2a-850e-2fdeb88b36a1,
2026-08-06 21:26:57,2026-08-06 22:11:25,no,[JP][105958026]モモンs,42200,52.2,[JP][130865092]ゆあんぴょん,32600,12.6,[JP][128534146]アラキ,27500,-12.5,[JP][143266822]たむちゃん茶,-2300,-52.3,260806-c223cd6f-5dd0-4675-8f21-0bcc427dcfac,
2026-08-06 21:08:13,2026-08-06 21:52:31,no,[JP][121446473]Akise299,34200,44.2,[JP][136220274]白發中,30800,10.8,[JP][104870668]けーびぃー,23000,-17,[JP][103473217]ねこぜ7272,12000,-38,260806-fffdcd70-093a-4491-8d82-d2e30275448c,
2026-08-06 20:47:39,2026-08-06 21:45:02,no,[JP][121446473]Akise299,35600,45.6,[JP][114054330]ten_10te,25500,5.5,[JP][97781556]西待,22800,-17.2,[JP][128534146]アラキ,16100,-33.9,260806-b1a4bbc3-aa49-48f6-92b0-ba9e041a149a,
2026-08-06 17:45:33,2026-08-06 18:44:32,no,[JP][128534146]アラキ,41600,51.6,[JP][137746445]ここここきじゅ,27700,7.7,[JP][127500682]めいぴょい,18400,-21.6,[JP][132889350]綴美,12300,-37.7,260806-983f2a9c-e047-43c7-9bdf-1508bc277569,
2026-08-06 16:28:55,2026-08-06 17:04:10,no,[JP][107121024]ミルモでチー,41100,51.1,[JP][130865092]ゆあんぴょん,27000,7,[JP][127685187]yukke_08,16000,-24,[JP][122060292]しとらす@神速,15900,-34.1,260806-c54db755-f7db-4359-a0d9-022ad3edce6f,
2026-08-06 15:05:25,2026-08-06 15:40:00,no,[JP][107121024]ミルモでチー,55800,65.8,[JP][97781556]西待,36200,16.2,[JP][128534146]アラキ,29000,-11,[JP][84092681]天縁,-21000,-71,260806-91bc2d49-cd8a-49d6-899f-281169762adb,
2026-08-06 14:27:48,2026-08-06 15:21:45,no,[JP][84092681]天縁,38700,48.7,[JP][117826319]びんびんん,21500,1.5,[JP][90337603]酔猫0724,21200,-18.8,[JP][121291970]クッション枕,18600,-31.4,260806-23298921-c899-4294-a755-67107b5c13b0,
2026-08-06 13:14:19,2026-08-06 13:42:18,no,[JP][104870668]けーびぃー,48900,58.9,[JP][136949124]シャルにゃん,36100,16.1,[JP][121573512]wot毒舌妹bot,25300,-14.7,[JP][126958659]tazmitu,-10300,-60.3,260806-9be7f616-f39a-4fd2-8238-8ce67c7a9fc7,
2026-08-06 12:27:25,2026-08-06 13:14:30,no,[JP][127685187]yukke_08,45900,55.9,[JP][122060292]しとらす@神速,21800,1.8,[JP][141442184]パラセクト。,16300,-23.7,[JP][105958026]モモンs,16000,-34,260806-6bdcc480-61f8-4e4c-ae20-8826f6077bba,
2026-08-06 11:30:33,2026-08-06 12:27:02,no,[JP][136949124]シャルにゃん,46200,56.2,[JP][107121024]ミルモでチー,27000,7,[JP][129679874]ニャンchan彡,20500,-19.5,[JP][127685187]yukke_08,6300,-43.7,260806-97b10537-f3f8-449d-9530-8ac19b315d37,
2026-08-06 11:27:49,2026-08-06 12:10:02,no,[JP][123842955]アヤコぽん,39400,49.4,[JP][97781556]西待,28800,8.8,[JP][136949124]シャルにゃん,16800,-23.2,[JP][137746445]ここここきじゅ,15000,-35,260806-52b72f27-95a4-4a6d-87cc-8b33b00e4891,
2026-08-06 10:32:35,2026-08-06 11:25:27,no,[JP][127500682]めいぴょい,38900,48.9,[JP][122060292]しとらす@神速,34400,14.4,[JP][99259658]CVココア,14800,-25.2,[JP][110084301]かんんちゃ,11900,-38.1,260806-30821df0-4b30-41e0-8efa-c260d3a38567,
2026-08-06 10:23:55,2026-08-06 10:56:38,no,[JP][101672072]きょーか8,38200,48.2,[JP][126958659]tazmitu,22800,2.8,[JP][122060292]しとらす@神速,20700,-19.3,[JP][137746445]ここここきじゅ,18300,-31.7,260806-9b2acd8e-d848-457a-9639-da53fe7d9476,
2026-08-06 09:24:41,2026-08-06 10:19:23,no,[JP][135562955]【くぅー】,44100,54.1,[JP][122060292]しとらす@神速,24100,4.1,[JP][97781556]西待,20500,-19.5,[JP][113140034]クロミです,11300,-38.7,260806-785e81de-a478-4937-8cd8-9b948c14231e,
2026-08-06 09:22:19,2026-08-06 10:07:14,no,[JP][127500682]めいぴょい,35400,45.4,[JP][110084301]かんんちゃ,29600,9.6,[JP][137746445]ここここきじゅ,19700,-20.3,[JP][127685187]yukke_08,15300,-34.7,260806-46307d13-31b9-4156-b425-e65ffc2dd853,
2026-08-06 08:49:25,2026-08-06 09:27:56,no,[JP][122060292]しとらす@神速,35600,45.6,[JP][137746445]ここここきじゅ,28600,8.6,[JP][130865092]ゆあんぴょん,26000,-14,[JP][99259658]CVココア,9800,-40.2,260806-ef76154c-1914-45fe-b8c6-63b0ab83a6a3,
2026-08-06 08:42:42,2026-08-06 09:28:11,no,[JP][113140034]クロミです,40700,50.7,[JP][128534146]アラキ,26900,6.9,[JP][129679874]ニャンchan彡,24100,-15.9,[JP][127500682]めいぴょい,8300,-41.7,260806-7b0ff797-ee35-4581-8587-68a895da5edc,
2026-08-06 07:35:36,2026-08-06 08:13:42,no,[JP][105958026]モモンs,48200,58.2,[JP][126958659]tazmitu,31100,11.1,[JP][97781556]西待,25200,-14.8,[JP][137746445]ここここきじゅ,-4500,-54.5,260806-43ae3c10-3efa-4293-8928-36cfd0629523,
2026-08-06 07:17:36,2026-08-06 08:14:13,no,[JP][127685187]yukke_08,40500,50.5,[JP][121291970]クッション枕,31900,11.9,[JP][137746445]ここここきじゅ,18700,-21.3,[JP][127500682]めいぴょい,8900,-41.1,260806-dd182c6b-784d-4578-bc41-ebd3cc84b117,
2026-08-06 06:54:43,2026-08-06 07:32:31,no,[JP][143266822]たむちゃん茶,45100,55.1,[JP][122060292]しとらす@神速,39700,19.7,[JP][137746445]ここここきじゅ,13400,-26.6,[JP][102767246]やまどりぃ,1800,-48.2,260806-6e87543a-025a-484c-bbcb-b2080aa08cd2,
2026-08-06 05:59:58,2026-08-06 06:37:56,no,[JP][122060292]しとらす@神速,44100,54.1,[JP][117826319]びんびんん,31200,11.2,[JP][92338957]よももmm,23800,-16.2,[JP][127500682]めいぴょい,900,-49.1,260806-1eb0652e-72e2-4727-9fa3-ff80406b5491,
2026-08-06 04:39:50,2026-08-06 05:05:47,no,[JP][107121024]ミルモでチー,45200,55.2,[JP][130636363]龍華。。,43900,23.9,[JP][121291970]クッション枕,36300,-3.7,[JP][122060292]しとらす@神速,-25400,-75.4,260806-50b57edc-de97-4b9d-bbe4-33eb3554bce9,
2026-08-06 03:47:55,2026-08-06 04:43:42,no,[JP][104870668]けーびぃー,43300,53.3,[JP][132889350]綴美,31600,11.6,[JP][114054330]ten_10te,22500,-17.5,[JP][122060292]しとらす@神速,2600,-47.4,260806-cafcce0e-5b6d-42a8-9986-674c9ade109a,
2026-08-06 03:47:33,2026-08-06 04:27:58,no,[JP][105958026]モモンs,34400,44.4,[JP][141362566]まー29,24100,4.1,[JP][121446473]Akise299,22600,-17.4,[JP][100881664]ハッチz,18900,-31.1,260806-9c2d1aa9-86c4-4e3b-b72b-e9ab8f3d2d19,
2026-08-06 01:12:22,2026-08-06 02:00:39,no,[JP][130636363]龍華。。,35200,45.2,[JP][91745475]のあだよ〜ん,27900,7.9,[JP][103999753]kotetsu0422,27000,-13,[JP][123842955]アヤコぽん,9900,-40.1,260806-cac05396-0c4e-4810-8a6f-5e95247f9a20,
2026-08-06 00:43:47,2026-08-06 01:36:16,no,[JP][107121024]ミルモでチー,30200,40.2,[JP][117826319]びんびんん,27600,7.6,[JP][112646465]苺ですよ,22300,-17.7,[JP][122060292]しとらす@神速,19900,-30.1,260806-41b8709f-27bd-47f2-9edd-223ca58bfe61,
2026-08-06 00:42:27,2026-08-06 01:07:40,no,[JP][127500682]めいぴょい,34900,44.9,[JP][121446473]Akise299,34400,14.4,[JP][128534146]アラキ,33300,-6.7,[JP][137746445]ここここきじゅ,-2600,-52.6,260806-7e67e806-f68d-4aee-b13c-883e850e0b7b,
2026-08-06 00:25:05,2026-08-06 01:00:45,no,[JP][127500682]めいぴょい,38400,48.4,[JP][92338957]よももmm,31600,11.6,[JP][127685187]yukke_08,21600,-18.4,[JP][104870668]けーびぃー,8400,-41.6,260806-4cdcb79c-dc5a-414b-bba4-0b49858841c9,
2026-08-06 00:08:55,2026-08-06 01:02:24,no,[JP][121446473]Akise299,51100,61.1,[JP][122060292]しとらす@神速,23200,3.2,[JP][128826565]ぬこうどんー,20400,-19.6,[JP][84092681]天縁,5300,-44.7,260806-852926f7-35fb-4a40-b656-7d1204ac95b9,
2026-08-05 22:17:02,2026-08-05 22:42:28,no,[JP][113140034]クロミです,32600,42.6,[JP][136949124]シャルにゃん,28200,8.2,[JP][137746445]ここここきじゅ,27600,-12.4,[JP][121446473]Akise299,11600,-38.4,260805-80454611-33bc-421b-b444-bb1f1ef62852,
2026-08-05 22:13:57,2026-08-05 23:03:46,no,[JP][107121024]ミルモでチー,35200,45.2,[JP][122060292]しとらす@神速,32300,12.3,[JP][137746445]ここここきじゅ,26600,-13.4,[JP][130865092]ゆあんぴょん,5900,-44.1,260805-c14a7bc2-ff78-4d0e-939c-19311748c1b7,
2026-08-05 21:33:00,2026-08-05 22:27:00,no,[JP][130636363]龍華。。,36200,46.2,[JP][91745475]のあだよ〜ん,34700,14.7,[JP][137746445]ここここきじゅ,29400,-10.6,[JP][116517186]ぞじまーじゃん,-300,-50.3,260805-19f9fb4f-70c8-4556-95d4-009f92dae8a8,
2026-08-05 18:11:24,2026-08-05 18:54:20,no,[JP][121573512]wot毒舌妹bot,28600,38.6,[JP][91745475]のあだよ〜ん,28100,8.1,[JP][113140034]クロミです,25200,-14.8,[JP][127500682]めいぴょい,18100,-31.9,260805-5328b1db-314a-4656-9a64-545f0fc8762d,
2026-08-05 13:25:05,2026-08-05 14:03:06,no,[JP][127685187]yukke_08,30900,40.9,[JP][123842955]アヤコぽん,30700,10.7,[JP][122060292]しとらす@神速,20300,-19.7,[JP][113140034]クロミです,18100,-31.9,260805-b69de090-7595-45b3-81cf-0106a40a7926,
2026-08-05 11:55:41,2026-08-05 12:31:15,no,[JP][141362566]まー29,35600,45.6,[JP][130636363]龍華。。,29900,9.9,[JP][85657666]tsuna_san,17500,-22.5,[JP][107121024]ミルモでチー,17000,-33,260805-74f8ec8e-1bdd-462b-8fc1-f4d12f1e2832,
2026-08-05 10:03:21,2026-08-05 10:46:48,no,[JP][127685187]yukke_08,42500,52.5,[JP][122060292]しとらす@神速,40100,20.1,[JP][121573512]wot毒舌妹bot,32800,-7.2,[JP][91745475]のあだよ〜ん,-15400,-65.4,260805-60d4b7d1-7820-4fa8-a44d-c8cefac6c7f0,
2026-08-05 08:15:44,2026-08-05 08:57:22,no,[JP][137746445]ここここきじゅ,49600,59.6,[JP][117826319]びんびんん,18400,-1.6,[JP][108807125]リーチ侍,17300,-22.7,[JP][103473217]ねこぜ7272,14700,-35.3,260805-d3ed9587-d20e-46fe-bf72-df3f60d1f6c4,
2026-08-05 06:49:03,2026-08-05 07:15:59,no,[JP][116517186]ぞじまーじゃん,52200,62.2,[JP][127685187]yukke_08,38500,18.5,[JP][105958026]モモンs,21600,-18.4,[JP][104870668]けーびぃー,-12300,-62.3,260805-c0af4205-f892-4ad5-a3cb-5f1531df401f,
2026-08-05 05:14:56,2026-08-05 05:49:02,no,[JP][136949124]シャルにゃん,45300,55.3,[JP][113140034]クロミです,40800,20.8,[JP][132889350]綴美,25100,-14.9,[JP][110084301]かんんちゃ,-11200,-61.2,260805-57a20cb3-0fc4-42a7-9344-3723fcbf7a71,
2026-08-05 03:43:43,2026-08-05 04:08:59,no,[JP][85657666]tsuna_san,54200,64.2,[JP][130636363]龍華。。,23400,3.4,[JP][116517186]ぞじまーじゃん,12900,-27.1,[JP][107121024]ミルモでチー,9500,-40.5,260805-0ea0d7e8-5c24-4b6e-8b44-ec734374c5df,
2026-08-05 03:25:20,2026-08-05 04:15:30,no,[JP][128826565]ぬこうどんー,58100,68.1,[JP][83747017]わにさんの涙,20400,0.4,[JP][122060292]しとらす@神速,14500,-25.5,[JP][107121024]ミルモでチー,7000,-43,260805-2dc0f35a-d723-42a2-aa61-d5ca562b6627,
2026-08-05 03:00:30,2026-08-05 03:57:08,no,[JP][127685187]yukke_08,51000,61,[JP][104870668]けーびぃー,30300,10.3,[JP][91745475]のあだよ〜ん,23800,-16.2,[JP][137746445]ここここきじゅ,-5100,-55.1,260805-2714c3ab-4bba-47a4-b219-3f6d834253aa,
2026-08-05 00:01:11,2026-08-05 00:29:34,no,[JP][121446473]Akise299,52400,62.4,[JP][136949124]シャルにゃん,39000,19,[JP][117826319]びんびんん,28100,-11.9,[JP][92338957]よももmm,-19500,-69.5,260805-edc0e207-e3e9-460c-b5ec-2e62149873b0,
2026-08-04 22:56:25,2026-08-04 23:34:55,no,[JP][117826319]びんびんん,41600,51.6,[JP][132889350]綴美,26600,6.6,[JP][122060292]しとらす@神速,21400,-18.6,[JP][103999753]kotetsu0422,10400,-39.6,260804-b6473262-d194-4b1c-9456-dea07d538b00,
2026-08-04 22:39:30,2026-08-04 23:06:31,no,[JP][132889350]綴美,42300,52.3,[JP][141442184]パラセクト。,20400,0.4,[JP][137746445]ここここきじゅ,20100,-19.9,[JP][117795009]sakura20,17200,-32.8,260804-baae31ef-b281-4f83-9126-3896484669f7,
2026-08-04 21:38:33,2026-08-04 22:34:38,no,[JP][128534146]アラキ,42400,52.4,[JP][105958026]モモンs,26100,6.1,[JP][103999753]kotetsu0422,25600,-14.4,[JP][127685187]yukke_08,5900,-44.1,260804-1569554d-8012-436b-ba2d-b2682e8a55cd,
2026-08-04 20:32:00,2026-08-04 21:14:33,no,[JP][137746445]ここここきじゅ,44600,54.6,[JP][107121024]ミルモでチー,35500,15.5,[JP][132889350]綴美,20900,-19.1,[JP][143266822]たむちゃん茶,-1000,-51,260804-c10af056-3bf0-43df-81d4-c5554ceb3f0c,
2026-08-04 18:56:41,2026-08-04 19:29:01,no,[JP][107121024]ミルモでチー,44900,54.9,[JP][122060292]しとらす@神速,35900,15.9,[JP][116517186]ぞじまーじゃん,32300,-7.7,[JP][103999753]kotetsu0422,-13100,-63.1,260804-1340ce53-eaaa-4e43-805d-35c1f903f360,
2026-08-04 17:50:28,2026-08-04 18:26:00,no,[JP][132889350]綴美,29600,39.6,[JP][127685187]yukke_08,28900,8.9,[JP][113140034]クロミです,23000,-17,[JP][99259658]CVココア,18500,-31.5,260804-b066ca58-d552-4d6c-9915-208df93c768a,
2026-08-04 17:09:54,2026-08-04 17:57:19,no,[JP][113140034]クロミです,45300,55.3,[JP][121573512]wot毒舌妹bot,34500,14.5,[JP][104870668]けーびぃー,20500,-19.5,[JP][127500682]めいぴょい,-300,-50.3,260804-6c0ed332-6be3-41a5-a58f-128f9f83c1e5,
2026-08-04 16:30:44,2026-08-04 16:53:26,no,[JP][130865092]ゆあんぴょん,41300,51.3,[JP][107121024]ミルモでチー,25300,5.3,[JP][92338957]よももmm,18300,-21.7,[JP][127500682]めいぴょい,15100,-34.9,260804-dd8d8944-1e6f-4608-a595-5a24e297ce88,
2026-08-04 16:04:10,2026-08-04 17:01:00,no,[JP][130636363]龍華。。,31600,41.6,[JP][121573512]wot毒舌妹bot,29100,9.1,[JP][90337603]酔猫0724,23600,-16.4,[JP][128534146]アラキ,15700,-34.3,260804-375f9533-a298-4596-8b72-418ef69944fe,
2026-08-04 14:14:14,2026-08-04 14:59:28,no,[JP][126958659]tazmitu,37800,47.8,[JP][121573512]wot毒舌妹bot,28400,8.4,[JP][91745475]のあだよ〜ん,23300,-16.7,[JP][112646465]苺ですよ,10500,-39.5,260804-4ae54ce7-042e-468e-8510-fed6b4fe2f47,
2026-08-04 10:22:56,2026-08-04 11:04:30,no,[JP][121291970]クッション枕,38700,48.7,[JP][113140034]クロミです,35700,15.7,[JP][117826319]びんびんん,21100,-18.9,[JP][132889350]綴美,4500,-45.5,260804-67481811-01a7-4a37-86c5-028e7c33f058,
2026-08-04 09:50:20,2026-08-04 10:15:49,no,[JP][117826319]びんびんん,43500,53.5,[JP][97781556]西待,24500,4.5,[JP][132889350]綴美,19100,-20.9,[JP][136220274]白發中,12900,-37.1,260804-42fc7231-7791-47e3-8483-ed21af0ce4c6,
2026-08-04 09:34:02,2026-08-04 10:20:55,no,[JP][136949124]シャルにゃん,30700,40.7,[JP][121573512]wot毒舌妹bot,29000,9,[JP][91745475]のあだよ〜ん,23200,-16.8,[JP][132889350]綴美,17100,-32.9,260804-c9d49077-0eb1-4054-916c-d80f70fbfdbf,
2026-08-04 09:27:36,2026-08-04 09:56:44,no,[JP][126958659]tazmitu,31100,41.1,[JP][121291970]クッション枕,28300,8.3,[JP][91745475]のあだよ〜ん,26900,-13.1,[JP][99259658]CVココア,13700,-36.3,260804-f2b6620d-08f9-4982-9e2c-cf6a8d2bb471,
2026-08-04 08:51:18,2026-08-04 09:39:57,no,[JP][91745475]のあだよ〜ん,46200,56.2,[JP][104870668]けーびぃー,28500,8.5,[JP][121291970]クッション枕,12700,-27.3,[JP][117826319]びんびんん,12600,-37.4,260804-b34060ca-c13f-4723-9310-3fcd23dccdd3,
2026-08-04 06:49:00,2026-08-04 07:20:43,no,[JP][113140034]クロミです,30800,40.8,[JP][122060292]しとらす@神速,27900,7.9,[JP][123842955]アヤコぽん,24900,-15.1,[JP][98640564]ono101,16400,-33.6,260804-284b8aa8-139e-46dc-b894-143436f85de5,
2026-08-04 06:27:50,2026-08-04 07:09:57,no,[JP][107121024]ミルモでチー,48800,58.8,[JP][97781556]西待,35200,15.2,[JP][136220274]白發中,26400,-13.6,[JP][116517186]ぞじまーじゃん,-10400,-60.4,260804-f3d6188e-d0f9-446c-b7a9-f7de7a1841f7,
2026-08-04 02:58:47,2026-08-04 03:41:10,no,[JP][91745475]のあだよ〜ん,43900,53.9,[JP][130636363]龍華。。,39800,19.8,[JP][104870668]けーびぃー,34000,-6,[JP][132889350]綴美,-17700,-67.7,260804-d114775e-2ea8-43cc-9e39-6f7f6964676f,
2026-08-04 00:20:55,2026-08-04 00:51:46,no,[JP][107121024]ミルモでチー,33300,43.3,[JP][105958026]モモンs,30700,10.7,[JP][103999753]kotetsu0422,18500,-21.5,[JP][128826565]ぬこうどんー,17500,-32.5,260804-51fddc7b-46f3-417a-86ef-ae61664eada4,
2026-08-04 00:14:35,2026-08-04 01:02:42,no,[JP][91745475]のあだよ〜ん,42500,52.5,[JP][127500682]めいぴょい,23200,3.2,[JP][136949124]シャルにゃん,18400,-21.6,[JP][103473217]ねこぜ7272,15900,-34.1,260804-096629f9-4724-4011-9596-bdde224c0714,
2026-08-03 22:01:56,2026-08-03 22:37:33,no,[JP][127500682]めいぴょい,38900,48.9,[JP][122060292]しとらす@神速,29600,9.6,[JP][123842955]アヤコぽん,23400,-16.6,[JP][137746445]ここここきじゅ,8100,-41.9,260803-8376efb7-b9c0-4f1d-b608-3de8e680431c,
2026-08-03 21:17:16,2026-08-03 21:42:50,no,[JP][117826319]びんびんん,40700,50.7,[JP][141442184]パラセクト。,32800,12.8,[JP][121446473]Akise299,18100,-21.9,[JP][122060292]しとらす@神速,8400,-41.6,260803-7ec39a19-f8da-48bb-a7e1-7870a031917a,
2026-08-03 20:53:50,2026-08-03 21:18:39,no,[JP][91745475]のあだよ〜ん,40400,50.4,[JP][122060292]しとらす@神速,32800,12.8,[JP][117826319]びんびんん,20000,-20,[JP][97781556]西待,6800,-43.2,260803-7af034ee-b5a3-4436-82b1-90300a2fdee1,
2026-08-03 18:30:07,2026-08-03 19:28:46,no,[JP][121446473]Akise299,28400,38.4,[JP][104870668]けーびぃー,27300,7.3,[JP][107121024]ミルモでチー,24400,-15.6,[JP][137746445]ここここきじゅ,19900,-30.1,260803-27a9beca-ee70-43a5-9d5e-6c5373f2eeff,
2026-08-03 15:27:42,2026-08-03 15:57:18,no,[JP][137746445]ここここきじゅ,42000,52,[JP][102767246]やまどりぃ,40900,20.9,[JP][127500682]めいぴょい,22600,-17.4,[JP][143266822]たむちゃん茶,-5500,-55.5,260803-2a6de7fc-ef2e-49bd-9f99-7a801cfafdaa,
2026-08-03 15:22:23,2026-08-03 15:52:25,no,[JP][105958026]モモンs,34900,44.9,[JP][122060292]しとらす@神速,25000,5,[JP][117795009]sakura20,22100,-17.9,[JP][137746445]ここここきじゅ,18000,-32,260803-32c599fb-2a15-447a-bfe8-89883157d1ed,
2026-08-03 14:49:27,2026-08-03 15:29:01,no,[JP][121446473]Akise299,36800,46.8,[JP][127500682]めいぴょい,28800,8.8,[JP][122060292]しとらす@神速,25500,-14.5,[JP][132889350]綴美,8900,-41.1,260803-b0f8fa96-765c-451a-9e1e-91ad2b3a8e06,
2026-08-03 14:14:13,2026-08-03 14:36:19,no,[JP][104870668]けーびぃー,33000,43,[JP][107121024]ミルモでチー,24200,4.2,[JP][121573512]wot毒舌妹bot,22900,-17.1,[JP][86936271]nsnsnsn,19900,-30.1,260803-d3e342a6-1b32-41bb-810d-be435ef22c06,
2026-08-03 13:23:04,2026-08-03 14:08:29,no,[JP][122060292]しとらす@神速,28700,38.7,[JP][123842955]アヤコぽん,28300,8.3,[JP][117826319]びんびんん,25400,-14.6,[JP][113140034]クロミです,17600,-32.4,260803-27c1c7de-0a1c-4f64-98f4-71651f27e84d,
2026-08-03 12:34:50,2026-08-03 13:23:40,no,[JP][104870668]けーびぃー,28500,38.5,[JP][121291970]クッション枕,27700,7.7,[JP][126958659]tazmitu,26000,-14,[JP][127685187]yukke_08,17800,-32.2,260803-59a59f1e-f0e7-4499-84cb-c0cd706c5351,
2026-08-03 11:07:48,2026-08-03 11:48:22,no,[JP][140986564]ミラージュ梅,42600,52.6,[JP][130865092]ゆあんぴょん,36100,16.1,[JP][90337603]酔猫0724,13600,-26.4,[JP][117826319]びんびんん,7700,-42.3,260803-179b428a-970a-4991-a415-16d3060e9ae5,
2026-08-03 10:55:56,2026-08-03 11:52:30,no,[JP][122060292]しとらす@神速,36600,46.6,[JP][102767246]やまどりぃ,30300,10.3,[JP][130636363]龍華。。,29000,-11,[JP][127685187]yukke_08,4100,-45.9,260803-b5316b14-87dc-46e4-b4bb-0c7ee7be5c77,
2026-08-03 10:38:31,2026-08-03 11:03:21,no,[JP][83747017]わにさんの涙,40200,50.2,[JP][127500682]めいぴょい,38300,18.3,[JP][121446473]Akise299,37000,-3,[JP][101672072]きょーか8,-15500,-65.5,260803-ca1d44e9-26ca-47ff-824a-5cc4823c0d21,
2026-08-03 10:22:23,2026-08-03 10:57:35,no,[JP][105958026]モモンs,27000,37,[JP][98640564]ono101,26400,6.4,[JP][127685187]yukke_08,24400,-15.6,[JP][117826319]びんびんん,22200,-27.8,260803-604612c5-d7ad-4983-9811-5aef11650845,
2026-08-03 09:23:28,2026-08-03 10:09:14,no,[JP][103473217]ねこぜ7272,36600,46.6,[JP][137746445]ここここきじゅ,28300,8.3,[JP][92338957]よももmm,23000,-17,[JP][132889350]綴美,12100,-37.9,260803-77ed4584-660b-4f51-9b76-36517130e06d,
2026-08-03 08:45:45,2026-08-03 09:17:19,no,[JP][107121024]ミルモでチー,51900,61.9,[JP][143266822]たむちゃん茶,21200,1.2,[JP][140986564]ミラージュ梅,20300,-19.7,[JP][123842955]アヤコぽん,6600,-43.4,260803-89ffa4d4-92f4-49f8-ae23-912264073d02,
2026-08-03 08:18:53,2026-08-03 09:01:31,no,[JP][127685187]yukke_08,56900,66.9,[JP][126958659]tazmitu,18400,-1.6,[JP][121446473]Akise299,18300,-21.7,[JP][107121024]ミルモでチー,6400,-43.6,260803-b23e909f-dc61-46ad-8407-ab546d20e3ff,
2026-08-03 08:12:01,2026-08-03 08:43:10,no,[JP][116517186]ぞじまーじゃん,36100,46.1,[JP][123842955]アヤコぽん,30700,10.7,[JP][112646465]苺ですよ,28100,-11.9,[JP][103473217]ねこぜ7272,5100,-44.9,260803-9991c6c0-5bd5-4b0a-8892-216125312748,
2026-08-03 06:16:10,2026-08-03 06:45:20,no,[JP][137746445]ここここきじゅ,51100,61.1,[JP][123527427]いぐすけ,40000,20,[JP][116517186]ぞじまーじゃん,30800,-9.2,[JP][127500682]めいぴょい,-21900,-71.9,260803-eeddfe6e-33ae-4939-ab34-2c2e6b9ef8f5,
2026-08-03 05:51:03,2026-08-03 06:24:01,no,[JP][107121024]ミルモでチー,36300,46.3,[JP][117826319]びんびんん,27000,7,[JP][127685187]yukke_08,21000,-19,[JP][137746445]ここここきじゅ,15700,-34.3,260803-ed72dbae-1208-4803-b1d9-ae7fd7171cab,
2026-08-03 04:51:34,2026-08-03 05:15:22,no,[JP][127500682]めいぴょい,45400,55.4,[JP][127685187]yukke_08,42100,22.1,[JP][122060292]しとらす@神速,41100,1.1,[JP][130636363]龍華。。,-28600,-78.6,260803-9588902a-7e58-4c2f-baa8-646cde75d9e4,
2026-08-03 04:38:05,2026-08-03 05:18:22,no,[JP][99489737]閄くん,35000,45,[JP][107121024]ミルモでチー,25900,5.9,[JP][127500682]めいぴょい,24100,-15.9,[JP][137746445]ここここきじゅ,15000,-35,260803-fa1abc0d-f699-4d91-b4ae-71193ebf430c,
2026-08-03 03:14:37,2026-08-03 03:57:11,no,[JP][137746445]ここここきじゅ,44400,54.4,[JP][132889350]綴美,24900,4.9,[JP][143266822]たむちゃん茶,18000,-22,[JP][117826319]びんびんん,12700,-37.3,260803-779651a3-b5b3-406e-ad62-698700688f32,
2026-08-03 03:13:32,2026-08-03 03:59:11,no,[JP][107121024]ミルモでチー,35700,45.7,[JP][127500682]めいぴょい,35600,15.6,[JP][113140034]クロミです,32000,-8,[JP][137746445]ここここきじゅ,-3300,-53.3,260803-151721db-eff7-4711-97c8-d03939eece66,
2026-08-02 20:14:28,2026-08-02 21:10:17,no,[JP][97781556]西待,64500,74.5,[JP][117826319]びんびんん,22600,2.6,[JP][103473217]ねこぜ7272,10000,-30,[JP][126958659]tazmitu,2900,-47.1,260802-9eeea4b0-19a6-4e38-a66d-8525f87b2ebb,
2026-08-02 19:37:13,2026-08-02 20:25:49,no,[JP][125680458]クタビレタケ,41000,51,[JP][127500682]めいぴょい,34100,14.1,[JP][121291970]クッション枕,17900,-22.1,[JP][122060292]しとらす@神速,7000,-43,260802-ed747a49-ca7b-48bd-88cb-3595bebc1ba3,
2026-08-02 19:24:39,2026-08-02 20:12:33,no,[JP][123842955]アヤコぽん,51900,61.9,[JP][130636363]龍華。。,30500,10.5,[JP][137746445]ここここきじゅ,14600,-25.4,[JP][86425605]suzuken3,3000,-47,260802-29cf0d54-22e8-4bfc-b954-69a44ea69f7d,
2026-08-02 19:00:58,2026-08-02 19:33:36,no,[JP][104870668]けーびぃー,41800,51.8,[JP][137746445]ここここきじゅ,40900,20.9,[JP][120737357]キャン著名,33700,-6.3,[JP][105958026]モモンs,-16400,-66.4,260802-116339cc-b2ca-4b67-937d-4daf3ebb0c4c,
2026-08-02 13:42:17,2026-08-02 14:33:04,no,[JP][112646465]苺ですよ,35900,45.9,[JP][132889350]綴美,29700,9.7,[JP][101672072]きょーか8,23900,-16.1,[JP][104870668]けーびぃー,10500,-39.5,260802-1440b374-d230-47fc-95ec-5b4e65781462,
2026-08-02 12:59:53,2026-08-02 13:29:03,no,[JP][141442184]パラセクト。,49600,59.6,[JP][122060292]しとらす@神速,26800,6.8,[JP][127685187]yukke_08,23100,-16.9,[JP][123527427]いぐすけ,500,-49.5,260802-693f0578-943e-4cd0-8eb4-fc9d8b78452e,
2026-08-02 12:55:54,2026-08-02 13:52:00,no,[JP][91745475]のあだよ〜ん,43400,53.4,[JP][137746445]ここここきじゅ,35200,15.2,[JP][123842955]アヤコぽん,18500,-21.5,[JP][105958026]モモンs,2900,-47.1,260802-a3a96e9f-7744-4849-a2b0-b2c16a22c74e,
2026-08-02 11:18:07,2026-08-02 11:41:59,no,[JP][136949124]シャルにゃん,38200,48.2,[JP][130636363]龍華。。,32900,12.9,[JP][123842955]アヤコぽん,19000,-21,[JP][107121024]ミルモでチー,9900,-40.1,260802-ebf52252-1480-4754-9493-c5e15fccc803,
2026-08-02 11:16:49,2026-08-02 11:43:31,no,[JP][128534146]アラキ,35200,45.2,[JP][121573512]wot毒舌妹bot,23000,3,[JP][127500682]めいぴょい,21700,-18.3,[JP][98640564]ono101,20100,-29.9,260802-9e74e0b0-949c-4385-8416-746b00dbb535,
2026-08-02 10:08:05,2026-08-02 10:51:55,no,[JP][132889350]綴美,39700,49.7,[JP][91745475]のあだよ〜ん,29200,9.2,[JP][140986564]ミラージュ梅,28700,-11.3,[JP][122060292]しとらす@神速,2400,-47.6,260802-de61c8cb-d0c4-4eac-8b2e-805f37d9c02c,
2026-08-02 08:43:46,2026-08-02 09:30:35,no,[JP][121446473]Akise299,37500,47.5,[JP][117826319]びんびんん,30400,10.4,[JP][130865092]ゆあんぴょん,18100,-21.9,[JP][122060292]しとらす@神速,14000,-36,260802-42f9ed06-e7ed-46de-930e-f91474b4dfa0,
2026-08-02 08:27:42,2026-08-02 09:07:15,no,[JP][113140034]クロミです,46700,56.7,[JP][87368974]むしちゃんです,38200,18.2,[JP][91745475]のあだよ〜ん,36100,-3.9,[JP][103473217]ねこぜ7272,-21000,-71,260802-3e78edad-ea22-4af9-b0be-29a398d99282,
2026-08-02 07:52:55,2026-08-02 08:38:56,no,[JP][107121024]ミルモでチー,41100,51.1,[JP][135562955]【くぅー】,36600,16.6,[JP][121291970]クッション枕,19100,-20.9,[JP][130636363]龍華。。,3200,-46.8,260802-ad0ad132-ab30-4b54-8f5d-ec15822c4697,
2026-08-02 06:37:55,2026-08-02 07:12:37,no,[JP][127685187]yukke_08,46900,56.9,[JP][107121024]ミルモでチー,32500,12.5,[JP][104870668]けーびぃー,28400,-11.6,[JP][137746445]ここここきじゅ,-7800,-57.8,260802-87490868-8598-480f-818e-8e4f13682809,
2026-08-02 06:10:14,2026-08-02 06:39:08,no,[JP][127685187]yukke_08,31100,41.1,[JP][127500682]めいぴょい,28100,8.1,[JP][137746445]ここここきじゅ,23500,-16.5,[JP][132889350]綴美,17300,-32.7,260802-2093f1ad-b0ed-47d0-afcc-10c95cc7115f,
2026-08-02 06:06:14,2026-08-02 06:56:11,no,[JP][107121024]ミルモでチー,31600,41.6,[JP][105958026]モモンs,28500,8.5,[JP][137746445]ここここきじゅ,20500,-19.5,[JP][127500682]めいぴょい,19400,-30.6,260802-22c7aec8-a6f9-4521-b091-663bdac9f280,
2026-08-02 04:42:18,2026-08-02 05:12:54,no,[JP][113140034]クロミです,55700,65.7,[JP][127685187]yukke_08,34100,14.1,[JP][128534146]アラキ,30300,-9.7,[JP][127500682]めいぴょい,-20100,-70.1,260802-e16663ad-7e11-4fce-aa76-5fcdfbe0e828,
2026-08-02 02:44:06,2026-08-02 03:38:18,no,[JP][112646465]苺ですよ,52700,62.7,[JP][107121024]ミルモでチー,34900,14.9,[JP][135562955]【くぅー】,33300,-6.7,[JP][122060292]しとらす@神速,-20900,-70.9,260802-79da2d7d-df94-4ac1-8cc2-51df2a0ff2e9,
2026-08-02 02:41:40,2026-08-02 03:09:44,no,[JP][107121024]ミルモでチー,35600,45.6,[JP][122060292]しとらす@神速,29500,9.5,[JP][136949124]シャルにゃん,20700,-19.3,[JP][110084301]かんんちゃ,14200,-35.8,260802-cfc7b46d-f0d8-422e-a8eb-d659275c837b,
2026-08-02 02:16:13,2026-08-02 02:59:49,no,[JP][86936271]nsnsnsn,50100,60.1,[JP][121291970]クッション枕,38700,18.7,[JP][126958659]tazmitu,19300,-20.7,[JP][103473217]ねこぜ7272,-8100,-58.1,260802-fa944205-546e-42f0-a2a3-7ec9a509b2ef,
2026-08-02 00:50:28,2026-08-02 01:38:07,no,[JP][113140034]クロミです,45900,55.9,[JP][137746445]ここここきじゅ,27700,7.7,[JP][103473217]ねこぜ7272,25300,-14.7,[JP][122060292]しとらす@神速,1100,-48.9,260802-e47c5d79-91d1-4bf0-8985-d690df015e94,
2026-08-02 00:49:27,2026-08-02 01:17:57,no,[JP][130636363]龍華。。,39800,49.8,[JP][91745475]のあだよ〜ん,33100,13.1,[JP][113140034]クロミです,25200,-14.8,[JP][121446473]Akise299,1900,-48.1,260802-d7558ee4-c2b0-47e0-8b12-3dfdca4fe047,
2026-08-02 00:18:11,2026-08-02 01:04:00,no,[JP][91745475]のあだよ〜ん,38400,48.4,[JP][113140034]クロミです,34200,14.2,[JP][128826565]ぬこうどんー,17300,-22.7,[JP][104870668]けーびぃー,10100,-39.9,260802-6c05f672-3197-4c8e-9f87-38d2957a8dc9,
2026-08-01 23:09:08,2026-08-01 23:41:50,no,[JP][117826319]びんびんん,30600,40.6,[JP][123842955]アヤコぽん,25500,5.5,[JP][137746445]ここここきじゅ,24100,-15.9,[JP][132889350]綴美,19800,-30.2,260801-472df92b-8522-44d8-b5a3-1f8cd8c350f1,
2026-08-01 20:09:00,2026-08-01 20:36:52,no,[JP][113140034]クロミです,48800,58.8,[JP][97781556]西待,25000,5,[JP][107121024]ミルモでチー,17100,-22.9,[JP][136220274]白發中,9100,-40.9,260801-e252a1c9-3bb9-4db6-9cbf-fe1289fb2493,
2026-08-01 15:13:27,2026-08-01 15:47:11,no,[JP][99259658]CVココア,53000,63,[JP][130636363]龍華。。,33300,13.3,[JP][123842955]アヤコぽん,27800,-12.2,[JP][137746445]ここここきじゅ,-14100,-64.1,260801-c4c0c5a8-572c-44ea-b10d-d915ff6892b0,
2026-08-01 13:20:24,2026-08-01 14:02:35,no,[JP][126958659]tazmitu,55900,65.9,[JP][91745475]のあだよ〜ん,22400,2.4,[JP][137746445]ここここきじゅ,11000,-29,[JP][105958026]モモンs,10700,-39.3,260801-fe63e2e9-312f-4544-a5e9-5f43d738f74e,
2026-08-01 11:37:04,2026-08-01 12:09:46,no,[JP][130636363]龍華。。,45200,55.2,[JP][104870668]けーびぃー,39700,19.7,[JP][127500682]めいぴょい,26500,-13.5,[JP][123842955]アヤコぽん,-11400,-61.4,260801-9ba916a2-92f8-479c-8dc2-770a3c819705,
2026-08-01 09:53:19,2026-08-01 10:46:05,no,[JP][107121024]ミルモでチー,36800,46.8,[JP][123842955]アヤコぽん,35300,15.3,[JP][103999753]kotetsu0422,22600,-17.4,[JP][137746445]ここここきじゅ,5300,-44.7,260801-4b60d9f8-f77a-4437-8506-1ca7dd5bbe21,
2026-08-01 07:01:24,2026-08-01 07:46:27,no,[JP][105958026]モモンs,34000,44,[JP][126958659]tazmitu,33500,13.5,[JP][122060292]しとらす@神速,18100,-21.9,[JP][103473217]ねこぜ7272,14400,-35.6,260801-d111a647-446e-4b7c-b676-3f0fc9f5eb7c,
2026-08-01 04:13:34,2026-08-01 04:36:17,no,[JP][132889350]綴美,33200,43.2,[JP][127685187]yukke_08,29900,9.9,[JP][121291970]クッション枕,23400,-16.6,[JP][136949124]シャルにゃん,13500,-36.5,260801-37678fd0-e1fa-4b34-bdb1-ff44854cb9bd,
2026-08-01 03:45:28,2026-08-01 04:09:10,no,[JP][127685187]yukke_08,40300,50.3,[JP][136220274]白發中,27000,7,[JP][122060292]しとらす@神速,21300,-18.7,[JP][121446473]Akise299,11400,-38.6,260801-2bc41301-a67d-45df-b66c-b623b433c4ae,
2026-08-01 02:21:59,2026-08-01 02:58:45,no,[JP][122060292]しとらす@神速,46000,56,[JP][137746445]ここここきじゅ,36400,16.4,[JP][127500682]めいぴょい,19600,-20.4,[JP][132889350]綴美,-2000,-52,260801-f36a5fcd-35a7-4007-8682-c8bae9198b73,
2026-08-01 02:02:12,2026-08-01 02:48:47,no,[JP][137746445]ここここきじゅ,29600,39.6,[JP][105958026]モモンs,26400,6.4,[JP][84158849]しゅんんたろう,23900,-16.1,[JP][110084301]かんんちゃ,20100,-29.9,260801-9edab28f-1cbc-4377-b22b-ec4d33dedee8,
2026-08-01 01:50:03,2026-08-01 02:12:50,no,[JP][107121024]ミルモでチー,62500,72.5,[JP][104870668]けーびぃー,28700,8.7,[JP][117826319]びんびんん,27400,-12.6,[JP][110084301]かんんちゃ,-18600,-68.6,260801-0bd62a1f-81ce-4875-bf8a-a8c770fa4573,
